path,category,keep_public,reason,contains_stale_claim,contains_internal_process_text,contains_private_or_machine_specific_info,action
.gitignore,PUBLIC_CORE,true,"Allowlisted code, configuration, data, raw evidence, generated result, or project metadata.",false,false,false,REWRITE
AGENTS.md,PRIVATE_INTERNAL,false,Preserved in the ignored local archive; not required for the public reproducibility chain.,false,true,false,REMOVE_FROM_PUBLIC
CITATION.cff,PUBLIC_CORE,true,"Allowlisted code, configuration, data, raw evidence, generated result, or project metadata.",true,false,false,REWRITE
LICENSE,PUBLIC_CORE,true,"Allowlisted code, configuration, data, raw evidence, generated result, or project metadata.",false,false,false,KEEP
PROMPT.md,PRIVATE_INTERNAL,false,Preserved in the ignored local archive; not required for the public reproducibility chain.,false,true,false,REMOVE_FROM_PUBLIC
README.md,PUBLIC_CORE,true,"Allowlisted code, configuration, data, raw evidence, generated result, or project metadata.",true,false,false,REWRITE
README.zh-CN.md,PUBLIC_CORE,true,"Allowlisted code, configuration, data, raw evidence, generated result, or project metadata.",true,false,false,REWRITE
RELEASE_NOTES.md,PRIVATE_INTERNAL,false,Preserved in the ignored local archive; not required for the public reproducibility chain.,true,true,false,REMOVE_FROM_PUBLIC
configs/experiment.example.yaml,PUBLIC_CORE,true,"Allowlisted code, configuration, data, raw evidence, generated result, or project metadata.",false,false,false,KEEP
configs/experiments/calib_qwen3_0.6b_lora_100step_r0.yaml,PUBLIC_CORE,true,"Allowlisted code, configuration, data, raw evidence, generated result, or project metadata.",false,false,false,KEEP
configs/experiments/calib_qwen3_0.6b_lora_100step_r1.yaml,PUBLIC_CORE,true,"Allowlisted code, configuration, data, raw evidence, generated result, or project metadata.",false,false,false,KEEP
configs/experiments/calib_qwen3_0.6b_lora_100step_r2.yaml,PUBLIC_CORE,true,"Allowlisted code, configuration, data, raw evidence, generated result, or project metadata.",false,false,false,KEEP
configs/experiments/calib_qwen3_1.7b_lora_100step_r0.yaml,PUBLIC_CORE,true,"Allowlisted code, configuration, data, raw evidence, generated result, or project metadata.",false,false,false,KEEP
configs/experiments/calib_qwen3_1.7b_lora_100step_r1.yaml,PUBLIC_CORE,true,"Allowlisted code, configuration, data, raw evidence, generated result, or project metadata.",false,false,false,KEEP
configs/experiments/calib_qwen3_1.7b_lora_100step_r2.yaml,PUBLIC_CORE,true,"Allowlisted code, configuration, data, raw evidence, generated result, or project metadata.",false,false,false,KEEP
configs/experiments/exp0_qwen3_0.6b_lora.yaml,PUBLIC_CORE,true,"Allowlisted code, configuration, data, raw evidence, generated result, or project metadata.",false,false,false,KEEP
configs/experiments/formal/axis1_0.6b-4bit_qlora_ctx512_r8_b1_steps100_s123.yaml,PUBLIC_CORE,true,"Allowlisted code, configuration, data, raw evidence, generated result, or project metadata.",false,false,false,KEEP
configs/experiments/formal/axis1_0.6b-4bit_qlora_ctx512_r8_b1_steps100_s2026.yaml,PUBLIC_CORE,true,"Allowlisted code, configuration, data, raw evidence, generated result, or project metadata.",false,false,false,KEEP
configs/experiments/formal/axis1_0.6b-4bit_qlora_ctx512_r8_b1_steps100_s42.yaml,PUBLIC_CORE,true,"Allowlisted code, configuration, data, raw evidence, generated result, or project metadata.",false,false,false,KEEP
configs/experiments/formal/axis1_0.6b-bf16_full_ctx512_r8_b1_steps100_s123.yaml,PUBLIC_CORE,true,"Allowlisted code, configuration, data, raw evidence, generated result, or project metadata.",false,false,false,KEEP
configs/experiments/formal/axis1_0.6b-bf16_full_ctx512_r8_b1_steps100_s2026.yaml,PUBLIC_CORE,true,"Allowlisted code, configuration, data, raw evidence, generated result, or project metadata.",false,false,false,KEEP
configs/experiments/formal/axis1_0.6b-bf16_full_ctx512_r8_b1_steps100_s42.yaml,PUBLIC_CORE,true,"Allowlisted code, configuration, data, raw evidence, generated result, or project metadata.",false,false,false,KEEP
configs/experiments/formal/axis1_0.6b-bf16_lora_ctx512_r8_b1_steps100_s123.yaml,PUBLIC_CORE,true,"Allowlisted code, configuration, data, raw evidence, generated result, or project metadata.",false,false,false,KEEP
configs/experiments/formal/axis1_0.6b-bf16_lora_ctx512_r8_b1_steps100_s2026.yaml,PUBLIC_CORE,true,"Allowlisted code, configuration, data, raw evidence, generated result, or project metadata.",false,false,false,KEEP
configs/experiments/formal/axis1_0.6b-bf16_lora_ctx512_r8_b1_steps100_s42.yaml,PUBLIC_CORE,true,"Allowlisted code, configuration, data, raw evidence, generated result, or project metadata.",false,false,false,KEEP
configs/experiments/formal/axis1_1.7b-4bit_qlora_ctx512_r8_b1_steps100_s123.yaml,PUBLIC_CORE,true,"Allowlisted code, configuration, data, raw evidence, generated result, or project metadata.",false,false,false,KEEP
configs/experiments/formal/axis1_1.7b-4bit_qlora_ctx512_r8_b1_steps100_s2026.yaml,PUBLIC_CORE,true,"Allowlisted code, configuration, data, raw evidence, generated result, or project metadata.",false,false,false,KEEP
configs/experiments/formal/axis1_1.7b-4bit_qlora_ctx512_r8_b1_steps100_s42.yaml,PUBLIC_CORE,true,"Allowlisted code, configuration, data, raw evidence, generated result, or project metadata.",false,false,false,KEEP
configs/experiments/formal/axis1_1.7b-bf16_lora_ctx512_r8_b1_steps100_s123.yaml,PUBLIC_CORE,true,"Allowlisted code, configuration, data, raw evidence, generated result, or project metadata.",false,false,false,KEEP
configs/experiments/formal/axis1_1.7b-bf16_lora_ctx512_r8_b1_steps100_s2026.yaml,PUBLIC_CORE,true,"Allowlisted code, configuration, data, raw evidence, generated result, or project metadata.",false,false,false,KEEP
configs/experiments/formal/axis1_1.7b-bf16_lora_ctx512_r8_b1_steps100_s42.yaml,PUBLIC_CORE,true,"Allowlisted code, configuration, data, raw evidence, generated result, or project metadata.",false,false,false,KEEP
configs/experiments/formal/axis1_14b-4bit_qlora_ctx512_r8_b1_steps100_s123.yaml,PUBLIC_CORE,true,"Allowlisted code, configuration, data, raw evidence, generated result, or project metadata.",false,false,false,KEEP
configs/experiments/formal/axis1_14b-4bit_qlora_ctx512_r8_b1_steps100_s2026.yaml,PUBLIC_CORE,true,"Allowlisted code, configuration, data, raw evidence, generated result, or project metadata.",false,false,false,KEEP
configs/experiments/formal/axis1_14b-4bit_qlora_ctx512_r8_b1_steps100_s42.yaml,PUBLIC_CORE,true,"Allowlisted code, configuration, data, raw evidence, generated result, or project metadata.",false,false,false,KEEP
configs/experiments/formal/axis1_4b-4bit_qlora_ctx512_r8_b1_steps100_s123.yaml,PUBLIC_CORE,true,"Allowlisted code, configuration, data, raw evidence, generated result, or project metadata.",false,false,false,KEEP
configs/experiments/formal/axis1_4b-4bit_qlora_ctx512_r8_b1_steps100_s2026.yaml,PUBLIC_CORE,true,"Allowlisted code, configuration, data, raw evidence, generated result, or project metadata.",false,false,false,KEEP
configs/experiments/formal/axis1_4b-4bit_qlora_ctx512_r8_b1_steps100_s42.yaml,PUBLIC_CORE,true,"Allowlisted code, configuration, data, raw evidence, generated result, or project metadata.",false,false,false,KEEP
configs/experiments/formal/axis1_4b-bf16_lora_ctx512_r8_b1_steps100_s123.yaml,PUBLIC_CORE,true,"Allowlisted code, configuration, data, raw evidence, generated result, or project metadata.",false,false,false,KEEP
configs/experiments/formal/axis1_4b-bf16_lora_ctx512_r8_b1_steps100_s2026.yaml,PUBLIC_CORE,true,"Allowlisted code, configuration, data, raw evidence, generated result, or project metadata.",false,false,false,KEEP
configs/experiments/formal/axis1_4b-bf16_lora_ctx512_r8_b1_steps100_s42.yaml,PUBLIC_CORE,true,"Allowlisted code, configuration, data, raw evidence, generated result, or project metadata.",false,false,false,KEEP
configs/experiments/formal/axis1_8b-4bit_qlora_ctx512_r8_b1_steps100_s123.yaml,PUBLIC_CORE,true,"Allowlisted code, configuration, data, raw evidence, generated result, or project metadata.",false,false,false,KEEP
configs/experiments/formal/axis1_8b-4bit_qlora_ctx512_r8_b1_steps100_s2026.yaml,PUBLIC_CORE,true,"Allowlisted code, configuration, data, raw evidence, generated result, or project metadata.",false,false,false,KEEP
configs/experiments/formal/axis1_8b-4bit_qlora_ctx512_r8_b1_steps100_s42.yaml,PUBLIC_CORE,true,"Allowlisted code, configuration, data, raw evidence, generated result, or project metadata.",false,false,false,KEEP
configs/experiments/formal/axis1b_4b-4bit_qlora_ctx512_r8_b1_steps300_s123.yaml,PUBLIC_CORE,true,"Allowlisted code, configuration, data, raw evidence, generated result, or project metadata.",false,false,false,KEEP
configs/experiments/formal/axis1b_4b-4bit_qlora_ctx512_r8_b1_steps300_s2026.yaml,PUBLIC_CORE,true,"Allowlisted code, configuration, data, raw evidence, generated result, or project metadata.",false,false,false,KEEP
configs/experiments/formal/axis1b_4b-4bit_qlora_ctx512_r8_b1_steps300_s42.yaml,PUBLIC_CORE,true,"Allowlisted code, configuration, data, raw evidence, generated result, or project metadata.",false,false,false,KEEP
configs/experiments/formal/axis1b_4b-bf16_lora_ctx512_r8_b1_steps300_s123.yaml,PUBLIC_CORE,true,"Allowlisted code, configuration, data, raw evidence, generated result, or project metadata.",false,false,false,KEEP
configs/experiments/formal/axis1b_4b-bf16_lora_ctx512_r8_b1_steps300_s2026.yaml,PUBLIC_CORE,true,"Allowlisted code, configuration, data, raw evidence, generated result, or project metadata.",false,false,false,KEEP
configs/experiments/formal/axis1b_4b-bf16_lora_ctx512_r8_b1_steps300_s42.yaml,PUBLIC_CORE,true,"Allowlisted code, configuration, data, raw evidence, generated result, or project metadata.",false,false,false,KEEP
configs/experiments/formal/axis2_4b-4bit_qlora_ctx1024_r8_b1_steps20_s123.yaml,PUBLIC_CORE,true,"Allowlisted code, configuration, data, raw evidence, generated result, or project metadata.",false,false,false,KEEP
configs/experiments/formal/axis2_4b-4bit_qlora_ctx1024_r8_b1_steps20_s2026.yaml,PUBLIC_CORE,true,"Allowlisted code, configuration, data, raw evidence, generated result, or project metadata.",false,false,false,KEEP
configs/experiments/formal/axis2_4b-4bit_qlora_ctx1024_r8_b1_steps20_s42.yaml,PUBLIC_CORE,true,"Allowlisted code, configuration, data, raw evidence, generated result, or project metadata.",false,false,false,KEEP
configs/experiments/formal/axis2_4b-4bit_qlora_ctx2048_r8_b1_steps20_s123.yaml,PUBLIC_CORE,true,"Allowlisted code, configuration, data, raw evidence, generated result, or project metadata.",false,false,false,KEEP
configs/experiments/formal/axis2_4b-4bit_qlora_ctx2048_r8_b1_steps20_s2026.yaml,PUBLIC_CORE,true,"Allowlisted code, configuration, data, raw evidence, generated result, or project metadata.",false,false,false,KEEP
configs/experiments/formal/axis2_4b-4bit_qlora_ctx2048_r8_b1_steps20_s42.yaml,PUBLIC_CORE,true,"Allowlisted code, configuration, data, raw evidence, generated result, or project metadata.",false,false,false,KEEP
configs/experiments/formal/axis3_4b-4bit_qlora_ctx512_r32_b1_steps20_s123.yaml,PUBLIC_CORE,true,"Allowlisted code, configuration, data, raw evidence, generated result, or project metadata.",false,false,false,KEEP
configs/experiments/formal/axis3_4b-4bit_qlora_ctx512_r32_b1_steps20_s2026.yaml,PUBLIC_CORE,true,"Allowlisted code, configuration, data, raw evidence, generated result, or project metadata.",false,false,false,KEEP
configs/experiments/formal/axis3_4b-4bit_qlora_ctx512_r32_b1_steps20_s42.yaml,PUBLIC_CORE,true,"Allowlisted code, configuration, data, raw evidence, generated result, or project metadata.",false,false,false,KEEP
configs/experiments/formal/axis3_4b-4bit_qlora_ctx512_r4_b1_steps20_s123.yaml,PUBLIC_CORE,true,"Allowlisted code, configuration, data, raw evidence, generated result, or project metadata.",false,false,false,KEEP
configs/experiments/formal/axis3_4b-4bit_qlora_ctx512_r4_b1_steps20_s2026.yaml,PUBLIC_CORE,true,"Allowlisted code, configuration, data, raw evidence, generated result, or project metadata.",false,false,false,KEEP
configs/experiments/formal/axis3_4b-4bit_qlora_ctx512_r4_b1_steps20_s42.yaml,PUBLIC_CORE,true,"Allowlisted code, configuration, data, raw evidence, generated result, or project metadata.",false,false,false,KEEP
configs/experiments/formal/axis4_4b-4bit_qlora_ctx512_r8_b1_steps20_s123.yaml,PUBLIC_CORE,true,"Allowlisted code, configuration, data, raw evidence, generated result, or project metadata.",false,false,false,KEEP
configs/experiments/formal/axis4_4b-4bit_qlora_ctx512_r8_b1_steps20_s2026.yaml,PUBLIC_CORE,true,"Allowlisted code, configuration, data, raw evidence, generated result, or project metadata.",false,false,false,KEEP
configs/experiments/formal/axis4_4b-4bit_qlora_ctx512_r8_b1_steps20_s42.yaml,PUBLIC_CORE,true,"Allowlisted code, configuration, data, raw evidence, generated result, or project metadata.",false,false,false,KEEP
configs/experiments/formal/axis4_4b-4bit_qlora_ctx512_r8_b2_steps20_s123.yaml,PUBLIC_CORE,true,"Allowlisted code, configuration, data, raw evidence, generated result, or project metadata.",false,false,false,KEEP
configs/experiments/formal/axis4_4b-4bit_qlora_ctx512_r8_b2_steps20_s2026.yaml,PUBLIC_CORE,true,"Allowlisted code, configuration, data, raw evidence, generated result, or project metadata.",false,false,false,KEEP
configs/experiments/formal/axis4_4b-4bit_qlora_ctx512_r8_b2_steps20_s42.yaml,PUBLIC_CORE,true,"Allowlisted code, configuration, data, raw evidence, generated result, or project metadata.",false,false,false,KEEP
configs/experiments/formal/axis4_4b-4bit_qlora_ctx512_r8_b4_steps20_s123.yaml,PUBLIC_CORE,true,"Allowlisted code, configuration, data, raw evidence, generated result, or project metadata.",false,false,false,KEEP
configs/experiments/formal/axis4_4b-4bit_qlora_ctx512_r8_b4_steps20_s2026.yaml,PUBLIC_CORE,true,"Allowlisted code, configuration, data, raw evidence, generated result, or project metadata.",false,false,false,KEEP
configs/experiments/formal/axis4_4b-4bit_qlora_ctx512_r8_b4_steps20_s42.yaml,PUBLIC_CORE,true,"Allowlisted code, configuration, data, raw evidence, generated result, or project metadata.",false,false,false,KEEP
configs/experiments/formal/axis4_4b-4bit_qlora_ctx512_r8_b8_steps20_s123.yaml,PUBLIC_CORE,true,"Allowlisted code, configuration, data, raw evidence, generated result, or project metadata.",false,false,false,KEEP
configs/experiments/formal/axis4_4b-4bit_qlora_ctx512_r8_b8_steps20_s2026.yaml,PUBLIC_CORE,true,"Allowlisted code, configuration, data, raw evidence, generated result, or project metadata.",false,false,false,KEEP
configs/experiments/formal/axis4_4b-4bit_qlora_ctx512_r8_b8_steps20_s42.yaml,PUBLIC_CORE,true,"Allowlisted code, configuration, data, raw evidence, generated result, or project metadata.",false,false,false,KEEP
configs/experiments/formal/generation_manifest.json,PUBLIC_CORE,true,"Allowlisted code, configuration, data, raw evidence, generated result, or project metadata.",false,false,false,KEEP
configs/experiments/formal/probe_14b-4bit_qlora_ctx2048_r8_b1_steps20_s42.yaml,PUBLIC_CORE,true,"Allowlisted code, configuration, data, raw evidence, generated result, or project metadata.",false,false,false,KEEP
configs/experiments/formal/probe_8b-bf16_lora_ctx512_r8_b1_steps20_s42.yaml,PUBLIC_CORE,true,"Allowlisted code, configuration, data, raw evidence, generated result, or project metadata.",false,false,false,KEEP
configs/experiments/probe_qwen3_14b_4bit_qlora_20step.yaml,PUBLIC_CORE,true,"Allowlisted code, configuration, data, raw evidence, generated result, or project metadata.",false,false,false,KEEP
configs/experiments/probe_qwen3_4b_4bit_qlora20_ctx2048.yaml,PUBLIC_CORE,true,"Allowlisted code, configuration, data, raw evidence, generated result, or project metadata.",false,false,false,KEEP
configs/experiments/probe_qwen3_4b_4bit_qlora20_ctx4096.yaml,PUBLIC_CORE,true,"Allowlisted code, configuration, data, raw evidence, generated result, or project metadata.",false,false,false,KEEP
configs/experiments/probe_qwen3_4b_4bit_qlora20_ctx8192.yaml,PUBLIC_CORE,true,"Allowlisted code, configuration, data, raw evidence, generated result, or project metadata.",false,false,false,KEEP
configs/experiments/probe_qwen3_4b_4bit_qlora_20step.yaml,PUBLIC_CORE,true,"Allowlisted code, configuration, data, raw evidence, generated result, or project metadata.",false,false,false,KEEP
configs/experiments/probe_qwen3_4b_bf16_lora_20step.yaml,PUBLIC_CORE,true,"Allowlisted code, configuration, data, raw evidence, generated result, or project metadata.",false,false,false,KEEP
configs/experiments/probe_qwen3_8b_4bit_qlora_20step.yaml,PUBLIC_CORE,true,"Allowlisted code, configuration, data, raw evidence, generated result, or project metadata.",false,false,false,KEEP
configs/experiments/warmup_d5_padfix_4b4bit_b1.yaml,PUBLIC_CORE,true,"Allowlisted code, configuration, data, raw evidence, generated result, or project metadata.",false,false,false,KEEP
configs/experiments/warmup_d5_padfix_4b4bit_b2.yaml,PUBLIC_CORE,true,"Allowlisted code, configuration, data, raw evidence, generated result, or project metadata.",false,false,false,KEEP
data/exp0_long_ctx2048.jsonl,PRIVATE_INTERNAL,false,Preserved in the ignored local archive; not required for the public reproducibility chain.,false,true,false,REMOVE_FROM_PUBLIC
data/exp0_long_ctx4096.jsonl,PRIVATE_INTERNAL,false,Preserved in the ignored local archive; not required for the public reproducibility chain.,false,true,false,REMOVE_FROM_PUBLIC
data/exp0_long_ctx8192.jsonl,PRIVATE_INTERNAL,false,Preserved in the ignored local archive; not required for the public reproducibility chain.,false,true,false,REMOVE_FROM_PUBLIC
data/exp0_smoke.jsonl,PRIVATE_INTERNAL,false,Preserved in the ignored local archive; not required for the public reproducibility chain.,false,true,false,REMOVE_FROM_PUBLIC
data/formal_sft_v1/MANIFEST.json,PUBLIC_CORE,true,"Allowlisted code, configuration, data, raw evidence, generated result, or project metadata.",false,false,false,KEEP
data/formal_sft_v1/SHA256SUMS,PUBLIC_CORE,true,"Allowlisted code, configuration, data, raw evidence, generated result, or project metadata.",false,false,false,KEEP
data/formal_sft_v1/train.jsonl,PUBLIC_CORE,true,"Allowlisted code, configuration, data, raw evidence, generated result, or project metadata.",false,false,false,KEEP
data/formal_sft_v1/validation.jsonl,PUBLIC_CORE,true,"Allowlisted code, configuration, data, raw evidence, generated result, or project metadata.",false,false,false,KEEP
docs/PUBLIC_RELEASE_POLICY.md,PUBLIC_SUPPORTING,true,"Curated methodology, provenance, or evidence-scope record for public interpretation.",false,false,false,REWRITE
docs/architecture.md,PUBLIC_SUPPORTING,true,"Curated methodology, provenance, or evidence-scope record for public interpretation.",false,false,false,REWRITE
docs/experiment_protocol.md,PUBLIC_SUPPORTING,true,"Curated methodology, provenance, or evidence-scope record for public interpretation.",false,false,false,REWRITE
docs/measurement_methodology.md,PUBLIC_SUPPORTING,true,"Curated methodology, provenance, or evidence-scope record for public interpretation.",false,false,false,REWRITE
docs/measurement_validation.md,PRIVATE_INTERNAL,false,Preserved in the ignored local archive; not required for the public reproducibility chain.,true,true,false,REMOVE_FROM_PUBLIC
docs/models_disk_usage.md,PRIVATE_INTERNAL,false,Preserved in the ignored local archive; not required for the public reproducibility chain.,true,true,true,REMOVE_FROM_PUBLIC
docs/repository_structure.md,PRIVATE_INTERNAL,false,Preserved in the ignored local archive; not required for the public reproducibility chain.,true,true,false,REMOVE_FROM_PUBLIC
docs/result_schema.md,PUBLIC_SUPPORTING,true,"Curated methodology, provenance, or evidence-scope record for public interpretation.",false,false,false,REWRITE
models/MANIFEST.md,PUBLIC_CORE,true,"Allowlisted code, configuration, data, raw evidence, generated result, or project metadata.",false,false,false,KEEP
paper/arxiv_submission_notes.md,PRIVATE_INTERNAL,false,Preserved in the ignored local archive; not required for the public reproducibility chain.,false,true,false,REMOVE_FROM_PUBLIC
pyproject.toml,PUBLIC_CORE,true,"Allowlisted code, configuration, data, raw evidence, generated result, or project metadata.",false,false,false,KEEP
research/claim_ledger.csv,PUBLIC_SUPPORTING,true,"Curated methodology, provenance, or evidence-scope record for public interpretation.",true,false,false,REWRITE
research/current_state.md,PRIVATE_INTERNAL,false,Preserved in the ignored local archive; not required for the public reproducibility chain.,false,true,false,REMOVE_FROM_PUBLIC
research/dataset_split_audit.md,PUBLIC_SUPPORTING,true,"Curated methodology, provenance, or evidence-scope record for public interpretation.",false,false,false,REWRITE
research/deviations.md,PRIVATE_INTERNAL,false,Preserved in the ignored local archive; not required for the public reproducibility chain.,true,true,false,REMOVE_FROM_PUBLIC
research/deviations_public.md,PUBLIC_SUPPORTING,true,"Curated methodology, provenance, or evidence-scope record for public interpretation.",false,false,false,REWRITE
research/evidence/README.md,PUBLIC_SUPPORTING,true,"Curated methodology, provenance, or evidence-scope record for public interpretation.",false,false,false,REWRITE
research/evidence_ledger.csv,PRIVATE_INTERNAL,false,Preserved in the ignored local archive; not required for the public reproducibility chain.,false,true,false,REMOVE_FROM_PUBLIC
research/experiment_freeze.md,PRIVATE_INTERNAL,false,Preserved in the ignored local archive; not required for the public reproducibility chain.,true,true,false,REMOVE_FROM_PUBLIC
research/experiment_freeze_manifest.sha256,PUBLIC_SUPPORTING,true,"Curated methodology, provenance, or evidence-scope record for public interpretation.",false,false,false,KEEP
research/experiment_freeze_public.md,PUBLIC_SUPPORTING,true,"Curated methodology, provenance, or evidence-scope record for public interpretation.",false,false,false,REWRITE
research/final_release_audit_20260921.md,PRIVATE_INTERNAL,false,Preserved in the ignored local archive; not required for the public reproducibility chain.,false,true,false,REMOVE_FROM_PUBLIC
research/final_source_audit_20260921.md,PRIVATE_INTERNAL,false,Preserved in the ignored local archive; not required for the public reproducibility chain.,false,true,false,REMOVE_FROM_PUBLIC
research/history_rewrite_map.csv,PRIVATE_INTERNAL,false,Preserved in the ignored local archive; not required for the public reproducibility chain.,false,true,false,REMOVE_FROM_PUBLIC
research/literature_ledger.csv,PRIVATE_INTERNAL,false,Preserved in the ignored local archive; not required for the public reproducibility chain.,false,true,false,REMOVE_FROM_PUBLIC
research/preregistration.md,PUBLIC_SUPPORTING,true,"Curated methodology, provenance, or evidence-scope record for public interpretation.",false,false,false,KEEP
research/privacy_remediation_execution_20260921.md,PRIVATE_INTERNAL,false,Preserved in the ignored local archive; not required for the public reproducibility chain.,false,true,true,REMOVE_FROM_PUBLIC
research/privacy_remediation_plan_20260921.md,PRIVATE_INTERNAL,false,Preserved in the ignored local archive; not required for the public reproducibility chain.,false,true,true,REMOVE_FROM_PUBLIC
research/public_release_audit.md,PUBLIC_SUPPORTING,true,Final public-tree curation and reproducibility audit summary.,false,false,false,REGENERATE
research/public_release_inventory.csv,PUBLIC_SUPPORTING,true,Machine-readable classification of the full repository tree for public release curation.,false,false,false,REGENERATE
research/public_scope_decision_20260921.md,PRIVATE_INTERNAL,false,Preserved in the ignored local archive; not required for the public reproducibility chain.,false,true,false,REMOVE_FROM_PUBLIC
research/release_audit.md,PRIVATE_INTERNAL,false,Preserved in the ignored local archive; not required for the public reproducibility chain.,false,true,false,REMOVE_FROM_PUBLIC
research/reproducibility_audit.json,PUBLIC_SUPPORTING,true,"Curated methodology, provenance, or evidence-scope record for public interpretation.",false,false,false,REGENERATE
research/reproducibility_audit.md,PRIVATE_INTERNAL,false,Preserved in the ignored local archive; not required for the public reproducibility chain.,true,true,false,REMOVE_FROM_PUBLIC
research/reproducibility_public.md,PUBLIC_SUPPORTING,true,"Curated methodology, provenance, or evidence-scope record for public interpretation.",false,false,false,REWRITE
results/figures/fig10_loss_trajectories.pdf,PUBLIC_CORE,true,"Allowlisted code, configuration, data, raw evidence, generated result, or project metadata.",false,false,false,REGENERATE
results/figures/fig10_loss_trajectories.png,PUBLIC_CORE,true,"Allowlisted code, configuration, data, raw evidence, generated result, or project metadata.",false,false,false,REGENERATE
results/figures/fig11_state_dynamics.pdf,PUBLIC_CORE,true,"Allowlisted code, configuration, data, raw evidence, generated result, or project metadata.",false,false,false,REGENERATE
results/figures/fig11_state_dynamics.png,PUBLIC_CORE,true,"Allowlisted code, configuration, data, raw evidence, generated result, or project metadata.",false,false,false,REGENERATE
results/figures/fig12_memory_decomposition.pdf,PUBLIC_CORE,true,"Allowlisted code, configuration, data, raw evidence, generated result, or project metadata.",false,false,false,REGENERATE
results/figures/fig12_memory_decomposition.png,PUBLIC_CORE,true,"Allowlisted code, configuration, data, raw evidence, generated result, or project metadata.",false,false,false,REGENERATE
results/figures/fig1_architecture.pdf,PUBLIC_CORE,true,"Allowlisted code, configuration, data, raw evidence, generated result, or project metadata.",false,false,false,REGENERATE
results/figures/fig1_architecture.png,PUBLIC_CORE,true,"Allowlisted code, configuration, data, raw evidence, generated result, or project metadata.",false,false,false,REGENERATE
results/figures/fig2_feasibility_map.pdf,PUBLIC_CORE,true,"Allowlisted code, configuration, data, raw evidence, generated result, or project metadata.",false,false,false,REGENERATE
results/figures/fig2_feasibility_map.png,PUBLIC_CORE,true,"Allowlisted code, configuration, data, raw evidence, generated result, or project metadata.",false,false,false,REGENERATE
results/figures/fig3_memory_scaling.pdf,PUBLIC_CORE,true,"Allowlisted code, configuration, data, raw evidence, generated result, or project metadata.",false,false,false,REGENERATE
results/figures/fig3_memory_scaling.png,PUBLIC_CORE,true,"Allowlisted code, configuration, data, raw evidence, generated result, or project metadata.",false,false,false,REGENERATE
results/figures/fig4_time_scaling.pdf,PUBLIC_CORE,true,"Allowlisted code, configuration, data, raw evidence, generated result, or project metadata.",false,false,false,REGENERATE
results/figures/fig4_time_scaling.png,PUBLIC_CORE,true,"Allowlisted code, configuration, data, raw evidence, generated result, or project metadata.",false,false,false,REGENERATE
results/figures/fig5_context_scaling.pdf,PUBLIC_CORE,true,"Allowlisted code, configuration, data, raw evidence, generated result, or project metadata.",false,false,false,REGENERATE
results/figures/fig5_context_scaling.png,PUBLIC_CORE,true,"Allowlisted code, configuration, data, raw evidence, generated result, or project metadata.",false,false,false,REGENERATE
results/figures/fig6_paired_effects.pdf,PUBLIC_CORE,true,"Allowlisted code, configuration, data, raw evidence, generated result, or project metadata.",false,false,false,REGENERATE
results/figures/fig6_paired_effects.png,PUBLIC_CORE,true,"Allowlisted code, configuration, data, raw evidence, generated result, or project metadata.",false,false,false,REGENERATE
results/figures/fig7_batch_axis.pdf,PUBLIC_CORE,true,"Allowlisted code, configuration, data, raw evidence, generated result, or project metadata.",false,false,false,REGENERATE
results/figures/fig7_batch_axis.png,PUBLIC_CORE,true,"Allowlisted code, configuration, data, raw evidence, generated result, or project metadata.",false,false,false,REGENERATE
results/figures/fig8_rank_axis.pdf,PUBLIC_CORE,true,"Allowlisted code, configuration, data, raw evidence, generated result, or project metadata.",false,false,false,REGENERATE
results/figures/fig8_rank_axis.png,PUBLIC_CORE,true,"Allowlisted code, configuration, data, raw evidence, generated result, or project metadata.",false,false,false,REGENERATE
results/figures/fig9_step_dynamics.pdf,PUBLIC_CORE,true,"Allowlisted code, configuration, data, raw evidence, generated result, or project metadata.",false,false,false,REGENERATE
results/figures/fig9_step_dynamics.png,PUBLIC_CORE,true,"Allowlisted code, configuration, data, raw evidence, generated result, or project metadata.",false,false,false,REGENERATE
results/processed/context_actual_lengths.json,PUBLIC_CORE,true,"Allowlisted code, configuration, data, raw evidence, generated result, or project metadata.",false,false,false,REGENERATE
results/processed/context_boundary_probe_summary.json,PUBLIC_CORE,true,"Allowlisted code, configuration, data, raw evidence, generated result, or project metadata.",false,false,false,REGENERATE
results/processed/coverage_report.json,PUBLIC_CORE,true,"Allowlisted code, configuration, data, raw evidence, generated result, or project metadata.",false,false,false,REGENERATE
results/processed/data_order_audit.json,PUBLIC_CORE,true,"Allowlisted code, configuration, data, raw evidence, generated result, or project metadata.",false,false,false,REGENERATE
results/processed/effective_runtime_config.csv,PUBLIC_CORE,true,"Allowlisted code, configuration, data, raw evidence, generated result, or project metadata.",false,false,false,REGENERATE
results/processed/effective_runtime_config.json,PUBLIC_CORE,true,"Allowlisted code, configuration, data, raw evidence, generated result, or project metadata.",false,false,false,REGENERATE
results/processed/experiments.csv,PUBLIC_CORE,true,"Allowlisted code, configuration, data, raw evidence, generated result, or project metadata.",false,false,false,REGENERATE
results/processed/failure_progress.json,PUBLIC_CORE,true,"Allowlisted code, configuration, data, raw evidence, generated result, or project metadata.",false,false,false,REGENERATE
results/processed/failure_taxonomy.json,PUBLIC_CORE,true,"Allowlisted code, configuration, data, raw evidence, generated result, or project metadata.",false,false,false,REGENERATE
results/processed/figure8c_batch8_source.csv,PUBLIC_CORE,true,"Allowlisted code, configuration, data, raw evidence, generated result, or project metadata.",false,false,false,REGENERATE
results/processed/figure8c_batch8_source.json,PUBLIC_CORE,true,"Allowlisted code, configuration, data, raw evidence, generated result, or project metadata.",false,false,false,REGENERATE
results/processed/final_validity_audit.csv,PUBLIC_CORE,true,"Allowlisted code, configuration, data, raw evidence, generated result, or project metadata.",false,false,false,REGENERATE
results/processed/git_provenance_audit.csv,PUBLIC_CORE,true,"Allowlisted code, configuration, data, raw evidence, generated result, or project metadata.",false,false,false,REGENERATE
results/processed/hypothesis_audit.json,PUBLIC_CORE,true,"Allowlisted code, configuration, data, raw evidence, generated result, or project metadata.",false,false,false,REGENERATE
results/processed/hypothesis_rule_comparison.json,PUBLIC_CORE,true,"Allowlisted code, configuration, data, raw evidence, generated result, or project metadata.",false,false,false,REGENERATE
results/processed/key_numbers.json,PUBLIC_CORE,true,"Allowlisted code, configuration, data, raw evidence, generated result, or project metadata.",false,false,false,REGENERATE
results/processed/memory_decomposition.json,PUBLIC_CORE,true,"Allowlisted code, configuration, data, raw evidence, generated result, or project metadata.",false,false,false,REGENERATE
results/processed/memory_scaling_fits.json,PUBLIC_CORE,true,"Allowlisted code, configuration, data, raw evidence, generated result, or project metadata.",false,false,false,REGENERATE
results/processed/paired_equivalence_verdicts.json,PUBLIC_CORE,true,"Allowlisted code, configuration, data, raw evidence, generated result, or project metadata.",false,false,false,REGENERATE
results/processed/paired_quantization_effects.csv,PUBLIC_CORE,true,"Allowlisted code, configuration, data, raw evidence, generated result, or project metadata.",false,false,false,REGENERATE
results/processed/rank_relative_effects.csv,PUBLIC_CORE,true,"Allowlisted code, configuration, data, raw evidence, generated result, or project metadata.",false,false,false,REGENERATE
results/processed/scaling_group_means.json,PUBLIC_CORE,true,"Allowlisted code, configuration, data, raw evidence, generated result, or project metadata.",false,false,false,REGENERATE
results/processed/scaling_model_comparison.json,PUBLIC_CORE,true,"Allowlisted code, configuration, data, raw evidence, generated result, or project metadata.",false,false,false,REGENERATE
results/processed/slope_confidence_intervals.json,PUBLIC_CORE,true,"Allowlisted code, configuration, data, raw evidence, generated result, or project metadata.",false,false,false,REGENERATE
results/processed/step_dynamics.json,PUBLIC_CORE,true,"Allowlisted code, configuration, data, raw evidence, generated result, or project metadata.",false,false,false,REGENERATE
results/processed/step_time_scaling_fits.json,PUBLIC_CORE,true,"Allowlisted code, configuration, data, raw evidence, generated result, or project metadata.",false,false,false,REGENERATE
results/processed/step_timings.parquet,PUBLIC_CORE,true,"Allowlisted code, configuration, data, raw evidence, generated result, or project metadata.",false,false,false,REGENERATE
results/processed/system_state.json,PUBLIC_CORE,true,"Allowlisted code, configuration, data, raw evidence, generated result, or project metadata.",false,false,false,REGENERATE
results/processed/threshold_sensitivity.json,PUBLIC_CORE,true,"Allowlisted code, configuration, data, raw evidence, generated result, or project metadata.",false,false,false,REGENERATE
results/processed/tier_classification.json,PUBLIC_CORE,true,"Allowlisted code, configuration, data, raw evidence, generated result, or project metadata.",false,false,false,REGENERATE
results/processed/val_loss_tests.json,PUBLIC_CORE,true,"Allowlisted code, configuration, data, raw evidence, generated result, or project metadata.",false,false,false,REGENERATE
results/raw/20260907T021942754783Z__qwen-qwen3-0-6b__lora-qnone__ctx512__b1-ga1__r8__s42__01a079aa-0d22-7b82-b087-2e81025cf45b/command.txt,PUBLIC_CORE,true,"Allowlisted code, configuration, data, raw evidence, generated result, or project metadata.",false,false,false,KEEP
results/raw/20260907T021942754783Z__qwen-qwen3-0-6b__lora-qnone__ctx512__b1-ga1__r8__s42__01a079aa-0d22-7b82-b087-2e81025cf45b/config.yaml,PUBLIC_CORE,true,"Allowlisted code, configuration, data, raw evidence, generated result, or project metadata.",false,false,false,KEEP
results/raw/20260907T021942754783Z__qwen-qwen3-0-6b__lora-qnone__ctx512__b1-ga1__r8__s42__01a079aa-0d22-7b82-b087-2e81025cf45b/effective_config.json,PUBLIC_CORE,true,"Allowlisted code, configuration, data, raw evidence, generated result, or project metadata.",false,false,false,KEEP
results/raw/20260907T021942754783Z__qwen-qwen3-0-6b__lora-qnone__ctx512__b1-ga1__r8__s42__01a079aa-0d22-7b82-b087-2e81025cf45b/environment/raw_environment.txt,PUBLIC_CORE,true,Scientific record is retained; identifier and device-path fields require separate evidence-preserving privacy remediation before publication.,false,false,true,REWRITE
results/raw/20260907T021942754783Z__qwen-qwen3-0-6b__lora-qnone__ctx512__b1-ga1__r8__s42__01a079aa-0d22-7b82-b087-2e81025cf45b/environment/vm_stat_after.txt,PUBLIC_CORE,true,"Allowlisted code, configuration, data, raw evidence, generated result, or project metadata.",false,false,false,KEEP
results/raw/20260907T021942754783Z__qwen-qwen3-0-6b__lora-qnone__ctx512__b1-ga1__r8__s42__01a079aa-0d22-7b82-b087-2e81025cf45b/environment/vm_stat_before.txt,PUBLIC_CORE,true,"Allowlisted code, configuration, data, raw evidence, generated result, or project metadata.",false,false,false,KEEP
results/raw/20260907T021942754783Z__qwen-qwen3-0-6b__lora-qnone__ctx512__b1-ga1__r8__s42__01a079aa-0d22-7b82-b087-2e81025cf45b/logs/stderr.log,PUBLIC_CORE,true,"Allowlisted code, configuration, data, raw evidence, generated result, or project metadata.",false,false,false,KEEP
results/raw/20260907T021942754783Z__qwen-qwen3-0-6b__lora-qnone__ctx512__b1-ga1__r8__s42__01a079aa-0d22-7b82-b087-2e81025cf45b/logs/stdout.log,PUBLIC_CORE,true,"Allowlisted code, configuration, data, raw evidence, generated result, or project metadata.",false,false,false,KEEP
results/raw/20260907T021942754783Z__qwen-qwen3-0-6b__lora-qnone__ctx512__b1-ga1__r8__s42__01a079aa-0d22-7b82-b087-2e81025cf45b/manifest.sha256,PUBLIC_CORE,true,"Allowlisted code, configuration, data, raw evidence, generated result, or project metadata.",false,false,false,KEEP
results/raw/20260907T021942754783Z__qwen-qwen3-0-6b__lora-qnone__ctx512__b1-ga1__r8__s42__01a079aa-0d22-7b82-b087-2e81025cf45b/result.json,PUBLIC_CORE,true,Scientific record is retained; identifier and device-path fields require separate evidence-preserving privacy remediation before publication.,false,false,true,REWRITE
results/raw/20260907T022132013680Z__qwen-qwen3-0-6b__lora-qnone__ctx512__b1-ga1__r8__s42__01a079ab-b7ed-7447-a05f-b39f0285f29c/command.txt,PUBLIC_CORE,true,"Allowlisted code, configuration, data, raw evidence, generated result, or project metadata.",false,false,false,KEEP
results/raw/20260907T022132013680Z__qwen-qwen3-0-6b__lora-qnone__ctx512__b1-ga1__r8__s42__01a079ab-b7ed-7447-a05f-b39f0285f29c/config.yaml,PUBLIC_CORE,true,"Allowlisted code, configuration, data, raw evidence, generated result, or project metadata.",false,false,false,KEEP
results/raw/20260907T022132013680Z__qwen-qwen3-0-6b__lora-qnone__ctx512__b1-ga1__r8__s42__01a079ab-b7ed-7447-a05f-b39f0285f29c/effective_config.json,PUBLIC_CORE,true,"Allowlisted code, configuration, data, raw evidence, generated result, or project metadata.",false,false,false,KEEP
results/raw/20260907T022132013680Z__qwen-qwen3-0-6b__lora-qnone__ctx512__b1-ga1__r8__s42__01a079ab-b7ed-7447-a05f-b39f0285f29c/environment/raw_environment.txt,PUBLIC_CORE,true,Scientific record is retained; identifier and device-path fields require separate evidence-preserving privacy remediation before publication.,false,false,true,REWRITE
results/raw/20260907T022132013680Z__qwen-qwen3-0-6b__lora-qnone__ctx512__b1-ga1__r8__s42__01a079ab-b7ed-7447-a05f-b39f0285f29c/environment/vm_stat_after.txt,PUBLIC_CORE,true,"Allowlisted code, configuration, data, raw evidence, generated result, or project metadata.",false,false,false,KEEP
results/raw/20260907T022132013680Z__qwen-qwen3-0-6b__lora-qnone__ctx512__b1-ga1__r8__s42__01a079ab-b7ed-7447-a05f-b39f0285f29c/environment/vm_stat_before.txt,PUBLIC_CORE,true,"Allowlisted code, configuration, data, raw evidence, generated result, or project metadata.",false,false,false,KEEP
results/raw/20260907T022132013680Z__qwen-qwen3-0-6b__lora-qnone__ctx512__b1-ga1__r8__s42__01a079ab-b7ed-7447-a05f-b39f0285f29c/logs/stderr.log,PUBLIC_CORE,true,"Allowlisted code, configuration, data, raw evidence, generated result, or project metadata.",false,false,false,KEEP
results/raw/20260907T022132013680Z__qwen-qwen3-0-6b__lora-qnone__ctx512__b1-ga1__r8__s42__01a079ab-b7ed-7447-a05f-b39f0285f29c/logs/stdout.log,PUBLIC_CORE,true,"Allowlisted code, configuration, data, raw evidence, generated result, or project metadata.",false,false,false,KEEP
results/raw/20260907T022132013680Z__qwen-qwen3-0-6b__lora-qnone__ctx512__b1-ga1__r8__s42__01a079ab-b7ed-7447-a05f-b39f0285f29c/manifest.sha256,PUBLIC_CORE,true,"Allowlisted code, configuration, data, raw evidence, generated result, or project metadata.",false,false,false,KEEP
results/raw/20260907T022132013680Z__qwen-qwen3-0-6b__lora-qnone__ctx512__b1-ga1__r8__s42__01a079ab-b7ed-7447-a05f-b39f0285f29c/result.json,PUBLIC_CORE,true,Scientific record is retained; identifier and device-path fields require separate evidence-preserving privacy remediation before publication.,false,false,true,REWRITE
results/raw/20260907T022332559211Z__qwen-qwen3-0-6b__lora-qnone__ctx512__b1-ga1__r8__s42__01a079ad-8ecf-7cbe-b5e3-d272557aa348/command.txt,PUBLIC_CORE,true,"Allowlisted code, configuration, data, raw evidence, generated result, or project metadata.",false,false,false,KEEP
results/raw/20260907T022332559211Z__qwen-qwen3-0-6b__lora-qnone__ctx512__b1-ga1__r8__s42__01a079ad-8ecf-7cbe-b5e3-d272557aa348/config.yaml,PUBLIC_CORE,true,"Allowlisted code, configuration, data, raw evidence, generated result, or project metadata.",false,false,false,KEEP
results/raw/20260907T022332559211Z__qwen-qwen3-0-6b__lora-qnone__ctx512__b1-ga1__r8__s42__01a079ad-8ecf-7cbe-b5e3-d272557aa348/effective_config.json,PUBLIC_CORE,true,"Allowlisted code, configuration, data, raw evidence, generated result, or project metadata.",false,false,false,KEEP
results/raw/20260907T022332559211Z__qwen-qwen3-0-6b__lora-qnone__ctx512__b1-ga1__r8__s42__01a079ad-8ecf-7cbe-b5e3-d272557aa348/environment/raw_environment.txt,PUBLIC_CORE,true,Scientific record is retained; identifier and device-path fields require separate evidence-preserving privacy remediation before publication.,false,false,true,REWRITE
results/raw/20260907T022332559211Z__qwen-qwen3-0-6b__lora-qnone__ctx512__b1-ga1__r8__s42__01a079ad-8ecf-7cbe-b5e3-d272557aa348/environment/vm_stat_after.txt,PUBLIC_CORE,true,"Allowlisted code, configuration, data, raw evidence, generated result, or project metadata.",false,false,false,KEEP
results/raw/20260907T022332559211Z__qwen-qwen3-0-6b__lora-qnone__ctx512__b1-ga1__r8__s42__01a079ad-8ecf-7cbe-b5e3-d272557aa348/environment/vm_stat_before.txt,PUBLIC_CORE,true,"Allowlisted code, configuration, data, raw evidence, generated result, or project metadata.",false,false,false,KEEP
results/raw/20260907T022332559211Z__qwen-qwen3-0-6b__lora-qnone__ctx512__b1-ga1__r8__s42__01a079ad-8ecf-7cbe-b5e3-d272557aa348/logs/stderr.log,PUBLIC_CORE,true,"Allowlisted code, configuration, data, raw evidence, generated result, or project metadata.",false,false,false,KEEP
results/raw/20260907T022332559211Z__qwen-qwen3-0-6b__lora-qnone__ctx512__b1-ga1__r8__s42__01a079ad-8ecf-7cbe-b5e3-d272557aa348/logs/stdout.log,PUBLIC_CORE,true,"Allowlisted code, configuration, data, raw evidence, generated result, or project metadata.",false,false,false,KEEP
results/raw/20260907T022332559211Z__qwen-qwen3-0-6b__lora-qnone__ctx512__b1-ga1__r8__s42__01a079ad-8ecf-7cbe-b5e3-d272557aa348/manifest.sha256,PUBLIC_CORE,true,"Allowlisted code, configuration, data, raw evidence, generated result, or project metadata.",false,false,false,KEEP
results/raw/20260907T022332559211Z__qwen-qwen3-0-6b__lora-qnone__ctx512__b1-ga1__r8__s42__01a079ad-8ecf-7cbe-b5e3-d272557aa348/result.json,PUBLIC_CORE,true,Scientific record is retained; identifier and device-path fields require separate evidence-preserving privacy remediation before publication.,false,false,true,REWRITE
results/raw/20260907T022332559211Z__qwen-qwen3-0-6b__lora-qnone__ctx512__b1-ga1__r8__s42__01a079ad-8ecf-7cbe-b5e3-d272557aa348/step_timings.jsonl,PUBLIC_CORE,true,"Allowlisted code, configuration, data, raw evidence, generated result, or project metadata.",false,false,false,KEEP
results/raw/20260907T022332559211Z__qwen-qwen3-0-6b__lora-qnone__ctx512__b1-ga1__r8__s42__01a079ad-8ecf-7cbe-b5e3-d272557aa348/training_metrics.json,PUBLIC_CORE,true,"Allowlisted code, configuration, data, raw evidence, generated result, or project metadata.",false,false,false,KEEP
results/raw/20260907T022556721693Z__qwen-qwen3-0-6b__lora-qnone__ctx512__b1-ga1__r8__s42__01a079af-c1f1-73d0-966a-a96df7d37d9e/command.txt,PUBLIC_CORE,true,"Allowlisted code, configuration, data, raw evidence, generated result, or project metadata.",false,false,false,KEEP
results/raw/20260907T022556721693Z__qwen-qwen3-0-6b__lora-qnone__ctx512__b1-ga1__r8__s42__01a079af-c1f1-73d0-966a-a96df7d37d9e/config.yaml,PUBLIC_CORE,true,"Allowlisted code, configuration, data, raw evidence, generated result, or project metadata.",false,false,false,KEEP
results/raw/20260907T022556721693Z__qwen-qwen3-0-6b__lora-qnone__ctx512__b1-ga1__r8__s42__01a079af-c1f1-73d0-966a-a96df7d37d9e/effective_config.json,PUBLIC_CORE,true,"Allowlisted code, configuration, data, raw evidence, generated result, or project metadata.",false,false,false,KEEP
results/raw/20260907T022556721693Z__qwen-qwen3-0-6b__lora-qnone__ctx512__b1-ga1__r8__s42__01a079af-c1f1-73d0-966a-a96df7d37d9e/environment/raw_environment.txt,PUBLIC_CORE,true,Scientific record is retained; identifier and device-path fields require separate evidence-preserving privacy remediation before publication.,false,false,true,REWRITE
results/raw/20260907T022556721693Z__qwen-qwen3-0-6b__lora-qnone__ctx512__b1-ga1__r8__s42__01a079af-c1f1-73d0-966a-a96df7d37d9e/environment/vm_stat_after.txt,PUBLIC_CORE,true,"Allowlisted code, configuration, data, raw evidence, generated result, or project metadata.",false,false,false,KEEP
results/raw/20260907T022556721693Z__qwen-qwen3-0-6b__lora-qnone__ctx512__b1-ga1__r8__s42__01a079af-c1f1-73d0-966a-a96df7d37d9e/environment/vm_stat_before.txt,PUBLIC_CORE,true,"Allowlisted code, configuration, data, raw evidence, generated result, or project metadata.",false,false,false,KEEP
results/raw/20260907T022556721693Z__qwen-qwen3-0-6b__lora-qnone__ctx512__b1-ga1__r8__s42__01a079af-c1f1-73d0-966a-a96df7d37d9e/logs/stderr.log,PUBLIC_CORE,true,"Allowlisted code, configuration, data, raw evidence, generated result, or project metadata.",false,false,false,KEEP
results/raw/20260907T022556721693Z__qwen-qwen3-0-6b__lora-qnone__ctx512__b1-ga1__r8__s42__01a079af-c1f1-73d0-966a-a96df7d37d9e/logs/stdout.log,PUBLIC_CORE,true,"Allowlisted code, configuration, data, raw evidence, generated result, or project metadata.",false,false,false,KEEP
results/raw/20260907T022556721693Z__qwen-qwen3-0-6b__lora-qnone__ctx512__b1-ga1__r8__s42__01a079af-c1f1-73d0-966a-a96df7d37d9e/manifest.sha256,PUBLIC_CORE,true,"Allowlisted code, configuration, data, raw evidence, generated result, or project metadata.",false,false,false,KEEP
results/raw/20260907T022556721693Z__qwen-qwen3-0-6b__lora-qnone__ctx512__b1-ga1__r8__s42__01a079af-c1f1-73d0-966a-a96df7d37d9e/result.json,PUBLIC_CORE,true,Scientific record is retained; identifier and device-path fields require separate evidence-preserving privacy remediation before publication.,false,false,true,REWRITE
results/raw/20260907T022556721693Z__qwen-qwen3-0-6b__lora-qnone__ctx512__b1-ga1__r8__s42__01a079af-c1f1-73d0-966a-a96df7d37d9e/step_timings.jsonl,PUBLIC_CORE,true,"Allowlisted code, configuration, data, raw evidence, generated result, or project metadata.",false,false,false,KEEP
results/raw/20260907T022556721693Z__qwen-qwen3-0-6b__lora-qnone__ctx512__b1-ga1__r8__s42__01a079af-c1f1-73d0-966a-a96df7d37d9e/training_metrics.json,PUBLIC_CORE,true,"Allowlisted code, configuration, data, raw evidence, generated result, or project metadata.",false,false,false,KEEP
results/raw/20260907T024058016577Z__qwen-qwen3-0-6b__lora-qnone__ctx512__b1-ga1__r8__s42__01a079bd-82a0-7e05-8094-4012df9f2def/command.txt,PUBLIC_CORE,true,"Allowlisted code, configuration, data, raw evidence, generated result, or project metadata.",false,false,false,KEEP
results/raw/20260907T024058016577Z__qwen-qwen3-0-6b__lora-qnone__ctx512__b1-ga1__r8__s42__01a079bd-82a0-7e05-8094-4012df9f2def/config.yaml,PUBLIC_CORE,true,"Allowlisted code, configuration, data, raw evidence, generated result, or project metadata.",false,false,false,KEEP
results/raw/20260907T024058016577Z__qwen-qwen3-0-6b__lora-qnone__ctx512__b1-ga1__r8__s42__01a079bd-82a0-7e05-8094-4012df9f2def/effective_config.json,PUBLIC_CORE,true,"Allowlisted code, configuration, data, raw evidence, generated result, or project metadata.",false,false,false,KEEP
results/raw/20260907T024058016577Z__qwen-qwen3-0-6b__lora-qnone__ctx512__b1-ga1__r8__s42__01a079bd-82a0-7e05-8094-4012df9f2def/environment/raw_environment.txt,PUBLIC_CORE,true,Scientific record is retained; identifier and device-path fields require separate evidence-preserving privacy remediation before publication.,false,false,true,REWRITE
results/raw/20260907T024058016577Z__qwen-qwen3-0-6b__lora-qnone__ctx512__b1-ga1__r8__s42__01a079bd-82a0-7e05-8094-4012df9f2def/environment/vm_stat_after.txt,PUBLIC_CORE,true,"Allowlisted code, configuration, data, raw evidence, generated result, or project metadata.",false,false,false,KEEP
results/raw/20260907T024058016577Z__qwen-qwen3-0-6b__lora-qnone__ctx512__b1-ga1__r8__s42__01a079bd-82a0-7e05-8094-4012df9f2def/environment/vm_stat_before.txt,PUBLIC_CORE,true,"Allowlisted code, configuration, data, raw evidence, generated result, or project metadata.",false,false,false,KEEP
results/raw/20260907T024058016577Z__qwen-qwen3-0-6b__lora-qnone__ctx512__b1-ga1__r8__s42__01a079bd-82a0-7e05-8094-4012df9f2def/logs/stderr.log,PUBLIC_CORE,true,"Allowlisted code, configuration, data, raw evidence, generated result, or project metadata.",false,false,false,KEEP
results/raw/20260907T024058016577Z__qwen-qwen3-0-6b__lora-qnone__ctx512__b1-ga1__r8__s42__01a079bd-82a0-7e05-8094-4012df9f2def/logs/stdout.log,PUBLIC_CORE,true,"Allowlisted code, configuration, data, raw evidence, generated result, or project metadata.",false,false,false,KEEP
results/raw/20260907T024058016577Z__qwen-qwen3-0-6b__lora-qnone__ctx512__b1-ga1__r8__s42__01a079bd-82a0-7e05-8094-4012df9f2def/manifest.sha256,PUBLIC_CORE,true,"Allowlisted code, configuration, data, raw evidence, generated result, or project metadata.",false,false,false,KEEP
results/raw/20260907T024058016577Z__qwen-qwen3-0-6b__lora-qnone__ctx512__b1-ga1__r8__s42__01a079bd-82a0-7e05-8094-4012df9f2def/result.json,PUBLIC_CORE,true,Scientific record is retained; identifier and device-path fields require separate evidence-preserving privacy remediation before publication.,false,false,true,REWRITE
results/raw/20260907T024058016577Z__qwen-qwen3-0-6b__lora-qnone__ctx512__b1-ga1__r8__s42__01a079bd-82a0-7e05-8094-4012df9f2def/step_timings.jsonl,PUBLIC_CORE,true,"Allowlisted code, configuration, data, raw evidence, generated result, or project metadata.",false,false,false,KEEP
results/raw/20260907T024058016577Z__qwen-qwen3-0-6b__lora-qnone__ctx512__b1-ga1__r8__s42__01a079bd-82a0-7e05-8094-4012df9f2def/training_metrics.json,PUBLIC_CORE,true,"Allowlisted code, configuration, data, raw evidence, generated result, or project metadata.",false,false,false,KEEP
results/raw/20260907T024106970990Z__qwen-qwen3-0-6b__lora-qnone__ctx512__b1-ga1__r8__s42__01a079bd-a59b-799e-ba6b-0ea7a10b3ff2/command.txt,PUBLIC_CORE,true,"Allowlisted code, configuration, data, raw evidence, generated result, or project metadata.",false,false,false,KEEP
results/raw/20260907T024106970990Z__qwen-qwen3-0-6b__lora-qnone__ctx512__b1-ga1__r8__s42__01a079bd-a59b-799e-ba6b-0ea7a10b3ff2/config.yaml,PUBLIC_CORE,true,"Allowlisted code, configuration, data, raw evidence, generated result, or project metadata.",false,false,false,KEEP
results/raw/20260907T024106970990Z__qwen-qwen3-0-6b__lora-qnone__ctx512__b1-ga1__r8__s42__01a079bd-a59b-799e-ba6b-0ea7a10b3ff2/effective_config.json,PUBLIC_CORE,true,"Allowlisted code, configuration, data, raw evidence, generated result, or project metadata.",false,false,false,KEEP
results/raw/20260907T024106970990Z__qwen-qwen3-0-6b__lora-qnone__ctx512__b1-ga1__r8__s42__01a079bd-a59b-799e-ba6b-0ea7a10b3ff2/environment/raw_environment.txt,PUBLIC_CORE,true,Scientific record is retained; identifier and device-path fields require separate evidence-preserving privacy remediation before publication.,false,false,true,REWRITE
results/raw/20260907T024106970990Z__qwen-qwen3-0-6b__lora-qnone__ctx512__b1-ga1__r8__s42__01a079bd-a59b-799e-ba6b-0ea7a10b3ff2/environment/vm_stat_after.txt,PUBLIC_CORE,true,"Allowlisted code, configuration, data, raw evidence, generated result, or project metadata.",false,false,false,KEEP
results/raw/20260907T024106970990Z__qwen-qwen3-0-6b__lora-qnone__ctx512__b1-ga1__r8__s42__01a079bd-a59b-799e-ba6b-0ea7a10b3ff2/environment/vm_stat_before.txt,PUBLIC_CORE,true,"Allowlisted code, configuration, data, raw evidence, generated result, or project metadata.",false,false,false,KEEP
results/raw/20260907T024106970990Z__qwen-qwen3-0-6b__lora-qnone__ctx512__b1-ga1__r8__s42__01a079bd-a59b-799e-ba6b-0ea7a10b3ff2/logs/stderr.log,PUBLIC_CORE,true,"Allowlisted code, configuration, data, raw evidence, generated result, or project metadata.",false,false,false,KEEP
results/raw/20260907T024106970990Z__qwen-qwen3-0-6b__lora-qnone__ctx512__b1-ga1__r8__s42__01a079bd-a59b-799e-ba6b-0ea7a10b3ff2/logs/stdout.log,PUBLIC_CORE,true,"Allowlisted code, configuration, data, raw evidence, generated result, or project metadata.",false,false,false,KEEP
results/raw/20260907T024106970990Z__qwen-qwen3-0-6b__lora-qnone__ctx512__b1-ga1__r8__s42__01a079bd-a59b-799e-ba6b-0ea7a10b3ff2/manifest.sha256,PUBLIC_CORE,true,"Allowlisted code, configuration, data, raw evidence, generated result, or project metadata.",false,false,false,KEEP
results/raw/20260907T024106970990Z__qwen-qwen3-0-6b__lora-qnone__ctx512__b1-ga1__r8__s42__01a079bd-a59b-799e-ba6b-0ea7a10b3ff2/result.json,PUBLIC_CORE,true,Scientific record is retained; identifier and device-path fields require separate evidence-preserving privacy remediation before publication.,false,false,true,REWRITE
results/raw/20260907T024106970990Z__qwen-qwen3-0-6b__lora-qnone__ctx512__b1-ga1__r8__s42__01a079bd-a59b-799e-ba6b-0ea7a10b3ff2/step_timings.jsonl,PUBLIC_CORE,true,"Allowlisted code, configuration, data, raw evidence, generated result, or project metadata.",false,false,false,KEEP
results/raw/20260907T024106970990Z__qwen-qwen3-0-6b__lora-qnone__ctx512__b1-ga1__r8__s42__01a079bd-a59b-799e-ba6b-0ea7a10b3ff2/training_metrics.json,PUBLIC_CORE,true,"Allowlisted code, configuration, data, raw evidence, generated result, or project metadata.",false,false,false,KEEP
results/raw/20260907T024115717682Z__qwen-qwen3-0-6b__lora-qnone__ctx512__b1-ga1__r8__s42__01a079bd-c7c5-70da-a357-155d77baf283/command.txt,PUBLIC_CORE,true,"Allowlisted code, configuration, data, raw evidence, generated result, or project metadata.",false,false,false,KEEP
results/raw/20260907T024115717682Z__qwen-qwen3-0-6b__lora-qnone__ctx512__b1-ga1__r8__s42__01a079bd-c7c5-70da-a357-155d77baf283/config.yaml,PUBLIC_CORE,true,"Allowlisted code, configuration, data, raw evidence, generated result, or project metadata.",false,false,false,KEEP
results/raw/20260907T024115717682Z__qwen-qwen3-0-6b__lora-qnone__ctx512__b1-ga1__r8__s42__01a079bd-c7c5-70da-a357-155d77baf283/effective_config.json,PUBLIC_CORE,true,"Allowlisted code, configuration, data, raw evidence, generated result, or project metadata.",false,false,false,KEEP
results/raw/20260907T024115717682Z__qwen-qwen3-0-6b__lora-qnone__ctx512__b1-ga1__r8__s42__01a079bd-c7c5-70da-a357-155d77baf283/environment/raw_environment.txt,PUBLIC_CORE,true,Scientific record is retained; identifier and device-path fields require separate evidence-preserving privacy remediation before publication.,false,false,true,REWRITE
results/raw/20260907T024115717682Z__qwen-qwen3-0-6b__lora-qnone__ctx512__b1-ga1__r8__s42__01a079bd-c7c5-70da-a357-155d77baf283/environment/vm_stat_after.txt,PUBLIC_CORE,true,"Allowlisted code, configuration, data, raw evidence, generated result, or project metadata.",false,false,false,KEEP
results/raw/20260907T024115717682Z__qwen-qwen3-0-6b__lora-qnone__ctx512__b1-ga1__r8__s42__01a079bd-c7c5-70da-a357-155d77baf283/environment/vm_stat_before.txt,PUBLIC_CORE,true,"Allowlisted code, configuration, data, raw evidence, generated result, or project metadata.",false,false,false,KEEP
results/raw/20260907T024115717682Z__qwen-qwen3-0-6b__lora-qnone__ctx512__b1-ga1__r8__s42__01a079bd-c7c5-70da-a357-155d77baf283/logs/stderr.log,PUBLIC_CORE,true,"Allowlisted code, configuration, data, raw evidence, generated result, or project metadata.",false,false,false,KEEP
results/raw/20260907T024115717682Z__qwen-qwen3-0-6b__lora-qnone__ctx512__b1-ga1__r8__s42__01a079bd-c7c5-70da-a357-155d77baf283/logs/stdout.log,PUBLIC_CORE,true,"Allowlisted code, configuration, data, raw evidence, generated result, or project metadata.",false,false,false,KEEP
results/raw/20260907T024115717682Z__qwen-qwen3-0-6b__lora-qnone__ctx512__b1-ga1__r8__s42__01a079bd-c7c5-70da-a357-155d77baf283/manifest.sha256,PUBLIC_CORE,true,"Allowlisted code, configuration, data, raw evidence, generated result, or project metadata.",false,false,false,KEEP
results/raw/20260907T024115717682Z__qwen-qwen3-0-6b__lora-qnone__ctx512__b1-ga1__r8__s42__01a079bd-c7c5-70da-a357-155d77baf283/result.json,PUBLIC_CORE,true,Scientific record is retained; identifier and device-path fields require separate evidence-preserving privacy remediation before publication.,false,false,true,REWRITE
results/raw/20260907T024115717682Z__qwen-qwen3-0-6b__lora-qnone__ctx512__b1-ga1__r8__s42__01a079bd-c7c5-70da-a357-155d77baf283/step_timings.jsonl,PUBLIC_CORE,true,"Allowlisted code, configuration, data, raw evidence, generated result, or project metadata.",false,false,false,KEEP
results/raw/20260907T024115717682Z__qwen-qwen3-0-6b__lora-qnone__ctx512__b1-ga1__r8__s42__01a079bd-c7c5-70da-a357-155d77baf283/training_metrics.json,PUBLIC_CORE,true,"Allowlisted code, configuration, data, raw evidence, generated result, or project metadata.",false,false,false,KEEP
results/raw/20260907T024646490250Z__qwen-qwen3-1-7b__lora-qnone__ctx512__b1-ga1__r8__s42__01a079c2-d3da-7155-86ac-53cf7f4ae3b2/command.txt,PUBLIC_CORE,true,"Allowlisted code, configuration, data, raw evidence, generated result, or project metadata.",false,false,false,KEEP
results/raw/20260907T024646490250Z__qwen-qwen3-1-7b__lora-qnone__ctx512__b1-ga1__r8__s42__01a079c2-d3da-7155-86ac-53cf7f4ae3b2/config.yaml,PUBLIC_CORE,true,"Allowlisted code, configuration, data, raw evidence, generated result, or project metadata.",false,false,false,KEEP
results/raw/20260907T024646490250Z__qwen-qwen3-1-7b__lora-qnone__ctx512__b1-ga1__r8__s42__01a079c2-d3da-7155-86ac-53cf7f4ae3b2/effective_config.json,PUBLIC_CORE,true,"Allowlisted code, configuration, data, raw evidence, generated result, or project metadata.",false,false,false,KEEP
results/raw/20260907T024646490250Z__qwen-qwen3-1-7b__lora-qnone__ctx512__b1-ga1__r8__s42__01a079c2-d3da-7155-86ac-53cf7f4ae3b2/environment/raw_environment.txt,PUBLIC_CORE,true,Scientific record is retained; identifier and device-path fields require separate evidence-preserving privacy remediation before publication.,false,false,true,REWRITE
results/raw/20260907T024646490250Z__qwen-qwen3-1-7b__lora-qnone__ctx512__b1-ga1__r8__s42__01a079c2-d3da-7155-86ac-53cf7f4ae3b2/environment/vm_stat_after.txt,PUBLIC_CORE,true,"Allowlisted code, configuration, data, raw evidence, generated result, or project metadata.",false,false,false,KEEP
results/raw/20260907T024646490250Z__qwen-qwen3-1-7b__lora-qnone__ctx512__b1-ga1__r8__s42__01a079c2-d3da-7155-86ac-53cf7f4ae3b2/environment/vm_stat_before.txt,PUBLIC_CORE,true,"Allowlisted code, configuration, data, raw evidence, generated result, or project metadata.",false,false,false,KEEP
results/raw/20260907T024646490250Z__qwen-qwen3-1-7b__lora-qnone__ctx512__b1-ga1__r8__s42__01a079c2-d3da-7155-86ac-53cf7f4ae3b2/logs/stderr.log,PUBLIC_CORE,true,"Allowlisted code, configuration, data, raw evidence, generated result, or project metadata.",false,false,false,KEEP
results/raw/20260907T024646490250Z__qwen-qwen3-1-7b__lora-qnone__ctx512__b1-ga1__r8__s42__01a079c2-d3da-7155-86ac-53cf7f4ae3b2/logs/stdout.log,PUBLIC_CORE,true,"Allowlisted code, configuration, data, raw evidence, generated result, or project metadata.",false,false,false,KEEP
results/raw/20260907T024646490250Z__qwen-qwen3-1-7b__lora-qnone__ctx512__b1-ga1__r8__s42__01a079c2-d3da-7155-86ac-53cf7f4ae3b2/manifest.sha256,PUBLIC_CORE,true,"Allowlisted code, configuration, data, raw evidence, generated result, or project metadata.",false,false,false,KEEP
results/raw/20260907T024646490250Z__qwen-qwen3-1-7b__lora-qnone__ctx512__b1-ga1__r8__s42__01a079c2-d3da-7155-86ac-53cf7f4ae3b2/result.json,PUBLIC_CORE,true,Scientific record is retained; identifier and device-path fields require separate evidence-preserving privacy remediation before publication.,false,false,true,REWRITE
results/raw/20260907T024646490250Z__qwen-qwen3-1-7b__lora-qnone__ctx512__b1-ga1__r8__s42__01a079c2-d3da-7155-86ac-53cf7f4ae3b2/step_timings.jsonl,PUBLIC_CORE,true,"Allowlisted code, configuration, data, raw evidence, generated result, or project metadata.",false,false,false,KEEP
results/raw/20260907T024646490250Z__qwen-qwen3-1-7b__lora-qnone__ctx512__b1-ga1__r8__s42__01a079c2-d3da-7155-86ac-53cf7f4ae3b2/training_metrics.json,PUBLIC_CORE,true,"Allowlisted code, configuration, data, raw evidence, generated result, or project metadata.",false,false,false,KEEP
results/raw/20260907T024709149499Z__qwen-qwen3-1-7b__lora-qnone__ctx512__b1-ga1__r8__s42__01a079c3-2c5d-7344-b870-479dba0fefc8/command.txt,PUBLIC_CORE,true,"Allowlisted code, configuration, data, raw evidence, generated result, or project metadata.",false,false,false,KEEP
results/raw/20260907T024709149499Z__qwen-qwen3-1-7b__lora-qnone__ctx512__b1-ga1__r8__s42__01a079c3-2c5d-7344-b870-479dba0fefc8/config.yaml,PUBLIC_CORE,true,"Allowlisted code, configuration, data, raw evidence, generated result, or project metadata.",false,false,false,KEEP
results/raw/20260907T024709149499Z__qwen-qwen3-1-7b__lora-qnone__ctx512__b1-ga1__r8__s42__01a079c3-2c5d-7344-b870-479dba0fefc8/effective_config.json,PUBLIC_CORE,true,"Allowlisted code, configuration, data, raw evidence, generated result, or project metadata.",false,false,false,KEEP
results/raw/20260907T024709149499Z__qwen-qwen3-1-7b__lora-qnone__ctx512__b1-ga1__r8__s42__01a079c3-2c5d-7344-b870-479dba0fefc8/environment/raw_environment.txt,PUBLIC_CORE,true,Scientific record is retained; identifier and device-path fields require separate evidence-preserving privacy remediation before publication.,false,false,true,REWRITE
results/raw/20260907T024709149499Z__qwen-qwen3-1-7b__lora-qnone__ctx512__b1-ga1__r8__s42__01a079c3-2c5d-7344-b870-479dba0fefc8/environment/vm_stat_after.txt,PUBLIC_CORE,true,"Allowlisted code, configuration, data, raw evidence, generated result, or project metadata.",false,false,false,KEEP
results/raw/20260907T024709149499Z__qwen-qwen3-1-7b__lora-qnone__ctx512__b1-ga1__r8__s42__01a079c3-2c5d-7344-b870-479dba0fefc8/environment/vm_stat_before.txt,PUBLIC_CORE,true,"Allowlisted code, configuration, data, raw evidence, generated result, or project metadata.",false,false,false,KEEP
results/raw/20260907T024709149499Z__qwen-qwen3-1-7b__lora-qnone__ctx512__b1-ga1__r8__s42__01a079c3-2c5d-7344-b870-479dba0fefc8/logs/stderr.log,PUBLIC_CORE,true,"Allowlisted code, configuration, data, raw evidence, generated result, or project metadata.",false,false,false,KEEP
results/raw/20260907T024709149499Z__qwen-qwen3-1-7b__lora-qnone__ctx512__b1-ga1__r8__s42__01a079c3-2c5d-7344-b870-479dba0fefc8/logs/stdout.log,PUBLIC_CORE,true,"Allowlisted code, configuration, data, raw evidence, generated result, or project metadata.",false,false,false,KEEP
results/raw/20260907T024709149499Z__qwen-qwen3-1-7b__lora-qnone__ctx512__b1-ga1__r8__s42__01a079c3-2c5d-7344-b870-479dba0fefc8/manifest.sha256,PUBLIC_CORE,true,"Allowlisted code, configuration, data, raw evidence, generated result, or project metadata.",false,false,false,KEEP
results/raw/20260907T024709149499Z__qwen-qwen3-1-7b__lora-qnone__ctx512__b1-ga1__r8__s42__01a079c3-2c5d-7344-b870-479dba0fefc8/result.json,PUBLIC_CORE,true,Scientific record is retained; identifier and device-path fields require separate evidence-preserving privacy remediation before publication.,false,false,true,REWRITE
results/raw/20260907T024709149499Z__qwen-qwen3-1-7b__lora-qnone__ctx512__b1-ga1__r8__s42__01a079c3-2c5d-7344-b870-479dba0fefc8/step_timings.jsonl,PUBLIC_CORE,true,"Allowlisted code, configuration, data, raw evidence, generated result, or project metadata.",false,false,false,KEEP
results/raw/20260907T024709149499Z__qwen-qwen3-1-7b__lora-qnone__ctx512__b1-ga1__r8__s42__01a079c3-2c5d-7344-b870-479dba0fefc8/training_metrics.json,PUBLIC_CORE,true,"Allowlisted code, configuration, data, raw evidence, generated result, or project metadata.",false,false,false,KEEP
results/raw/20260907T024732247104Z__qwen-qwen3-1-7b__lora-qnone__ctx512__b1-ga1__r8__s42__01a079c3-8697-7052-b0ed-584850171716/command.txt,PUBLIC_CORE,true,"Allowlisted code, configuration, data, raw evidence, generated result, or project metadata.",false,false,false,KEEP
results/raw/20260907T024732247104Z__qwen-qwen3-1-7b__lora-qnone__ctx512__b1-ga1__r8__s42__01a079c3-8697-7052-b0ed-584850171716/config.yaml,PUBLIC_CORE,true,"Allowlisted code, configuration, data, raw evidence, generated result, or project metadata.",false,false,false,KEEP
results/raw/20260907T024732247104Z__qwen-qwen3-1-7b__lora-qnone__ctx512__b1-ga1__r8__s42__01a079c3-8697-7052-b0ed-584850171716/effective_config.json,PUBLIC_CORE,true,"Allowlisted code, configuration, data, raw evidence, generated result, or project metadata.",false,false,false,KEEP
results/raw/20260907T024732247104Z__qwen-qwen3-1-7b__lora-qnone__ctx512__b1-ga1__r8__s42__01a079c3-8697-7052-b0ed-584850171716/environment/raw_environment.txt,PUBLIC_CORE,true,Scientific record is retained; identifier and device-path fields require separate evidence-preserving privacy remediation before publication.,false,false,true,REWRITE
results/raw/20260907T024732247104Z__qwen-qwen3-1-7b__lora-qnone__ctx512__b1-ga1__r8__s42__01a079c3-8697-7052-b0ed-584850171716/environment/vm_stat_after.txt,PUBLIC_CORE,true,"Allowlisted code, configuration, data, raw evidence, generated result, or project metadata.",false,false,false,KEEP
results/raw/20260907T024732247104Z__qwen-qwen3-1-7b__lora-qnone__ctx512__b1-ga1__r8__s42__01a079c3-8697-7052-b0ed-584850171716/environment/vm_stat_before.txt,PUBLIC_CORE,true,"Allowlisted code, configuration, data, raw evidence, generated result, or project metadata.",false,false,false,KEEP
results/raw/20260907T024732247104Z__qwen-qwen3-1-7b__lora-qnone__ctx512__b1-ga1__r8__s42__01a079c3-8697-7052-b0ed-584850171716/logs/stderr.log,PUBLIC_CORE,true,"Allowlisted code, configuration, data, raw evidence, generated result, or project metadata.",false,false,false,KEEP
results/raw/20260907T024732247104Z__qwen-qwen3-1-7b__lora-qnone__ctx512__b1-ga1__r8__s42__01a079c3-8697-7052-b0ed-584850171716/logs/stdout.log,PUBLIC_CORE,true,"Allowlisted code, configuration, data, raw evidence, generated result, or project metadata.",false,false,false,KEEP
results/raw/20260907T024732247104Z__qwen-qwen3-1-7b__lora-qnone__ctx512__b1-ga1__r8__s42__01a079c3-8697-7052-b0ed-584850171716/manifest.sha256,PUBLIC_CORE,true,"Allowlisted code, configuration, data, raw evidence, generated result, or project metadata.",false,false,false,KEEP
results/raw/20260907T024732247104Z__qwen-qwen3-1-7b__lora-qnone__ctx512__b1-ga1__r8__s42__01a079c3-8697-7052-b0ed-584850171716/result.json,PUBLIC_CORE,true,Scientific record is retained; identifier and device-path fields require separate evidence-preserving privacy remediation before publication.,false,false,true,REWRITE
results/raw/20260907T024732247104Z__qwen-qwen3-1-7b__lora-qnone__ctx512__b1-ga1__r8__s42__01a079c3-8697-7052-b0ed-584850171716/step_timings.jsonl,PUBLIC_CORE,true,"Allowlisted code, configuration, data, raw evidence, generated result, or project metadata.",false,false,false,KEEP
results/raw/20260907T024732247104Z__qwen-qwen3-1-7b__lora-qnone__ctx512__b1-ga1__r8__s42__01a079c3-8697-7052-b0ed-584850171716/training_metrics.json,PUBLIC_CORE,true,"Allowlisted code, configuration, data, raw evidence, generated result, or project metadata.",false,false,false,KEEP
results/raw/20260907T040127366397Z__qwen-qwen3-4b__lora-qnone__ctx512__b1-ga1__r8__s42__01a07a07-3346-7299-a88e-5b27ca4db995/command.txt,PUBLIC_CORE,true,"Allowlisted code, configuration, data, raw evidence, generated result, or project metadata.",false,false,false,KEEP
results/raw/20260907T040127366397Z__qwen-qwen3-4b__lora-qnone__ctx512__b1-ga1__r8__s42__01a07a07-3346-7299-a88e-5b27ca4db995/config.yaml,PUBLIC_CORE,true,"Allowlisted code, configuration, data, raw evidence, generated result, or project metadata.",false,false,false,KEEP
results/raw/20260907T040127366397Z__qwen-qwen3-4b__lora-qnone__ctx512__b1-ga1__r8__s42__01a07a07-3346-7299-a88e-5b27ca4db995/effective_config.json,PUBLIC_CORE,true,"Allowlisted code, configuration, data, raw evidence, generated result, or project metadata.",false,false,false,KEEP
results/raw/20260907T040127366397Z__qwen-qwen3-4b__lora-qnone__ctx512__b1-ga1__r8__s42__01a07a07-3346-7299-a88e-5b27ca4db995/environment/raw_environment.txt,PUBLIC_CORE,true,Scientific record is retained; identifier and device-path fields require separate evidence-preserving privacy remediation before publication.,false,false,true,REWRITE
results/raw/20260907T040127366397Z__qwen-qwen3-4b__lora-qnone__ctx512__b1-ga1__r8__s42__01a07a07-3346-7299-a88e-5b27ca4db995/environment/vm_stat_after.txt,PUBLIC_CORE,true,"Allowlisted code, configuration, data, raw evidence, generated result, or project metadata.",false,false,false,KEEP
results/raw/20260907T040127366397Z__qwen-qwen3-4b__lora-qnone__ctx512__b1-ga1__r8__s42__01a07a07-3346-7299-a88e-5b27ca4db995/environment/vm_stat_before.txt,PUBLIC_CORE,true,"Allowlisted code, configuration, data, raw evidence, generated result, or project metadata.",false,false,false,KEEP
results/raw/20260907T040127366397Z__qwen-qwen3-4b__lora-qnone__ctx512__b1-ga1__r8__s42__01a07a07-3346-7299-a88e-5b27ca4db995/logs/stderr.log,PUBLIC_CORE,true,"Allowlisted code, configuration, data, raw evidence, generated result, or project metadata.",false,false,false,KEEP
results/raw/20260907T040127366397Z__qwen-qwen3-4b__lora-qnone__ctx512__b1-ga1__r8__s42__01a07a07-3346-7299-a88e-5b27ca4db995/logs/stdout.log,PUBLIC_CORE,true,"Allowlisted code, configuration, data, raw evidence, generated result, or project metadata.",false,false,false,KEEP
results/raw/20260907T040127366397Z__qwen-qwen3-4b__lora-qnone__ctx512__b1-ga1__r8__s42__01a07a07-3346-7299-a88e-5b27ca4db995/manifest.sha256,PUBLIC_CORE,true,"Allowlisted code, configuration, data, raw evidence, generated result, or project metadata.",false,false,false,KEEP
results/raw/20260907T040127366397Z__qwen-qwen3-4b__lora-qnone__ctx512__b1-ga1__r8__s42__01a07a07-3346-7299-a88e-5b27ca4db995/result.json,PUBLIC_CORE,true,Scientific record is retained; identifier and device-path fields require separate evidence-preserving privacy remediation before publication.,false,false,true,REWRITE
results/raw/20260907T040127366397Z__qwen-qwen3-4b__lora-qnone__ctx512__b1-ga1__r8__s42__01a07a07-3346-7299-a88e-5b27ca4db995/step_timings.jsonl,PUBLIC_CORE,true,"Allowlisted code, configuration, data, raw evidence, generated result, or project metadata.",false,false,false,KEEP
results/raw/20260907T040127366397Z__qwen-qwen3-4b__lora-qnone__ctx512__b1-ga1__r8__s42__01a07a07-3346-7299-a88e-5b27ca4db995/training_metrics.json,PUBLIC_CORE,true,"Allowlisted code, configuration, data, raw evidence, generated result, or project metadata.",false,false,false,KEEP
results/raw/20260907T040620496121Z__qwen-qwen3-4b__lora-qnone__ctx512__b1-ga1__r8__s42__01a07a0b-ac50-747e-9d35-b06afa67336c/command.txt,PUBLIC_CORE,true,"Allowlisted code, configuration, data, raw evidence, generated result, or project metadata.",false,false,false,KEEP
results/raw/20260907T040620496121Z__qwen-qwen3-4b__lora-qnone__ctx512__b1-ga1__r8__s42__01a07a0b-ac50-747e-9d35-b06afa67336c/config.yaml,PUBLIC_CORE,true,"Allowlisted code, configuration, data, raw evidence, generated result, or project metadata.",false,false,false,KEEP
results/raw/20260907T040620496121Z__qwen-qwen3-4b__lora-qnone__ctx512__b1-ga1__r8__s42__01a07a0b-ac50-747e-9d35-b06afa67336c/effective_config.json,PUBLIC_CORE,true,"Allowlisted code, configuration, data, raw evidence, generated result, or project metadata.",false,false,false,KEEP
results/raw/20260907T040620496121Z__qwen-qwen3-4b__lora-qnone__ctx512__b1-ga1__r8__s42__01a07a0b-ac50-747e-9d35-b06afa67336c/environment/raw_environment.txt,PUBLIC_CORE,true,Scientific record is retained; identifier and device-path fields require separate evidence-preserving privacy remediation before publication.,false,false,true,REWRITE
results/raw/20260907T040620496121Z__qwen-qwen3-4b__lora-qnone__ctx512__b1-ga1__r8__s42__01a07a0b-ac50-747e-9d35-b06afa67336c/environment/vm_stat_after.txt,PUBLIC_CORE,true,"Allowlisted code, configuration, data, raw evidence, generated result, or project metadata.",false,false,false,KEEP
results/raw/20260907T040620496121Z__qwen-qwen3-4b__lora-qnone__ctx512__b1-ga1__r8__s42__01a07a0b-ac50-747e-9d35-b06afa67336c/environment/vm_stat_before.txt,PUBLIC_CORE,true,"Allowlisted code, configuration, data, raw evidence, generated result, or project metadata.",false,false,false,KEEP
results/raw/20260907T040620496121Z__qwen-qwen3-4b__lora-qnone__ctx512__b1-ga1__r8__s42__01a07a0b-ac50-747e-9d35-b06afa67336c/logs/stderr.log,PUBLIC_CORE,true,"Allowlisted code, configuration, data, raw evidence, generated result, or project metadata.",false,false,false,KEEP
results/raw/20260907T040620496121Z__qwen-qwen3-4b__lora-qnone__ctx512__b1-ga1__r8__s42__01a07a0b-ac50-747e-9d35-b06afa67336c/logs/stdout.log,PUBLIC_CORE,true,"Allowlisted code, configuration, data, raw evidence, generated result, or project metadata.",false,false,false,KEEP
results/raw/20260907T040620496121Z__qwen-qwen3-4b__lora-qnone__ctx512__b1-ga1__r8__s42__01a07a0b-ac50-747e-9d35-b06afa67336c/manifest.sha256,PUBLIC_CORE,true,"Allowlisted code, configuration, data, raw evidence, generated result, or project metadata.",false,false,false,KEEP
results/raw/20260907T040620496121Z__qwen-qwen3-4b__lora-qnone__ctx512__b1-ga1__r8__s42__01a07a0b-ac50-747e-9d35-b06afa67336c/result.json,PUBLIC_CORE,true,Scientific record is retained; identifier and device-path fields require separate evidence-preserving privacy remediation before publication.,false,false,true,REWRITE
results/raw/20260907T040620496121Z__qwen-qwen3-4b__lora-qnone__ctx512__b1-ga1__r8__s42__01a07a0b-ac50-747e-9d35-b06afa67336c/step_timings.jsonl,PUBLIC_CORE,true,"Allowlisted code, configuration, data, raw evidence, generated result, or project metadata.",false,false,false,KEEP
results/raw/20260907T040620496121Z__qwen-qwen3-4b__lora-qnone__ctx512__b1-ga1__r8__s42__01a07a0b-ac50-747e-9d35-b06afa67336c/training_metrics.json,PUBLIC_CORE,true,"Allowlisted code, configuration, data, raw evidence, generated result, or project metadata.",false,false,false,KEEP
results/raw/20260907T072718449994Z__mlx-community-qwen3-4b-4bit__qlora-q4__ctx512__b1-ga1__r8__s42__01a07ac3-a9b2-7e63-aee6-c2ce5f44e305/command.txt,PUBLIC_CORE,true,"Allowlisted code, configuration, data, raw evidence, generated result, or project metadata.",false,false,false,KEEP
results/raw/20260907T072718449994Z__mlx-community-qwen3-4b-4bit__qlora-q4__ctx512__b1-ga1__r8__s42__01a07ac3-a9b2-7e63-aee6-c2ce5f44e305/config.yaml,PUBLIC_CORE,true,"Allowlisted code, configuration, data, raw evidence, generated result, or project metadata.",false,false,false,KEEP
results/raw/20260907T072718449994Z__mlx-community-qwen3-4b-4bit__qlora-q4__ctx512__b1-ga1__r8__s42__01a07ac3-a9b2-7e63-aee6-c2ce5f44e305/effective_config.json,PUBLIC_CORE,true,"Allowlisted code, configuration, data, raw evidence, generated result, or project metadata.",false,false,false,KEEP
results/raw/20260907T072718449994Z__mlx-community-qwen3-4b-4bit__qlora-q4__ctx512__b1-ga1__r8__s42__01a07ac3-a9b2-7e63-aee6-c2ce5f44e305/environment/raw_environment.txt,PUBLIC_CORE,true,Scientific record is retained; identifier and device-path fields require separate evidence-preserving privacy remediation before publication.,false,false,true,REWRITE
results/raw/20260907T072718449994Z__mlx-community-qwen3-4b-4bit__qlora-q4__ctx512__b1-ga1__r8__s42__01a07ac3-a9b2-7e63-aee6-c2ce5f44e305/environment/vm_stat_after.txt,PUBLIC_CORE,true,"Allowlisted code, configuration, data, raw evidence, generated result, or project metadata.",false,false,false,KEEP
results/raw/20260907T072718449994Z__mlx-community-qwen3-4b-4bit__qlora-q4__ctx512__b1-ga1__r8__s42__01a07ac3-a9b2-7e63-aee6-c2ce5f44e305/environment/vm_stat_before.txt,PUBLIC_CORE,true,"Allowlisted code, configuration, data, raw evidence, generated result, or project metadata.",false,false,false,KEEP
results/raw/20260907T072718449994Z__mlx-community-qwen3-4b-4bit__qlora-q4__ctx512__b1-ga1__r8__s42__01a07ac3-a9b2-7e63-aee6-c2ce5f44e305/logs/stderr.log,PUBLIC_CORE,true,"Allowlisted code, configuration, data, raw evidence, generated result, or project metadata.",false,false,false,KEEP
results/raw/20260907T072718449994Z__mlx-community-qwen3-4b-4bit__qlora-q4__ctx512__b1-ga1__r8__s42__01a07ac3-a9b2-7e63-aee6-c2ce5f44e305/logs/stdout.log,PUBLIC_CORE,true,"Allowlisted code, configuration, data, raw evidence, generated result, or project metadata.",false,false,false,KEEP
results/raw/20260907T072718449994Z__mlx-community-qwen3-4b-4bit__qlora-q4__ctx512__b1-ga1__r8__s42__01a07ac3-a9b2-7e63-aee6-c2ce5f44e305/manifest.sha256,PUBLIC_CORE,true,"Allowlisted code, configuration, data, raw evidence, generated result, or project metadata.",false,false,false,KEEP
results/raw/20260907T072718449994Z__mlx-community-qwen3-4b-4bit__qlora-q4__ctx512__b1-ga1__r8__s42__01a07ac3-a9b2-7e63-aee6-c2ce5f44e305/result.json,PUBLIC_CORE,true,Scientific record is retained; identifier and device-path fields require separate evidence-preserving privacy remediation before publication.,false,false,true,REWRITE
results/raw/20260907T072718449994Z__mlx-community-qwen3-4b-4bit__qlora-q4__ctx512__b1-ga1__r8__s42__01a07ac3-a9b2-7e63-aee6-c2ce5f44e305/step_timings.jsonl,PUBLIC_CORE,true,"Allowlisted code, configuration, data, raw evidence, generated result, or project metadata.",false,false,false,KEEP
results/raw/20260907T072718449994Z__mlx-community-qwen3-4b-4bit__qlora-q4__ctx512__b1-ga1__r8__s42__01a07ac3-a9b2-7e63-aee6-c2ce5f44e305/training_metrics.json,PUBLIC_CORE,true,"Allowlisted code, configuration, data, raw evidence, generated result, or project metadata.",false,false,false,KEEP
results/raw/20260907T080508682710Z__qwen-qwen3-4b__lora-qnone__ctx512__b1-ga1__r8__s42__01a07ae6-4dca-722d-b073-f4b3153e03d0/command.txt,PUBLIC_CORE,true,"Allowlisted code, configuration, data, raw evidence, generated result, or project metadata.",false,false,false,KEEP
results/raw/20260907T080508682710Z__qwen-qwen3-4b__lora-qnone__ctx512__b1-ga1__r8__s42__01a07ae6-4dca-722d-b073-f4b3153e03d0/config.yaml,PUBLIC_CORE,true,"Allowlisted code, configuration, data, raw evidence, generated result, or project metadata.",false,false,false,KEEP
results/raw/20260907T080508682710Z__qwen-qwen3-4b__lora-qnone__ctx512__b1-ga1__r8__s42__01a07ae6-4dca-722d-b073-f4b3153e03d0/effective_config.json,PUBLIC_CORE,true,"Allowlisted code, configuration, data, raw evidence, generated result, or project metadata.",false,false,false,KEEP
results/raw/20260907T080508682710Z__qwen-qwen3-4b__lora-qnone__ctx512__b1-ga1__r8__s42__01a07ae6-4dca-722d-b073-f4b3153e03d0/environment/raw_environment.txt,PUBLIC_CORE,true,Scientific record is retained; identifier and device-path fields require separate evidence-preserving privacy remediation before publication.,false,false,true,REWRITE
results/raw/20260907T080508682710Z__qwen-qwen3-4b__lora-qnone__ctx512__b1-ga1__r8__s42__01a07ae6-4dca-722d-b073-f4b3153e03d0/environment/vm_stat_after.txt,PUBLIC_CORE,true,"Allowlisted code, configuration, data, raw evidence, generated result, or project metadata.",false,false,false,KEEP
results/raw/20260907T080508682710Z__qwen-qwen3-4b__lora-qnone__ctx512__b1-ga1__r8__s42__01a07ae6-4dca-722d-b073-f4b3153e03d0/environment/vm_stat_before.txt,PUBLIC_CORE,true,"Allowlisted code, configuration, data, raw evidence, generated result, or project metadata.",false,false,false,KEEP
results/raw/20260907T080508682710Z__qwen-qwen3-4b__lora-qnone__ctx512__b1-ga1__r8__s42__01a07ae6-4dca-722d-b073-f4b3153e03d0/logs/stderr.log,PUBLIC_CORE,true,"Allowlisted code, configuration, data, raw evidence, generated result, or project metadata.",false,false,false,KEEP
results/raw/20260907T080508682710Z__qwen-qwen3-4b__lora-qnone__ctx512__b1-ga1__r8__s42__01a07ae6-4dca-722d-b073-f4b3153e03d0/logs/stdout.log,PUBLIC_CORE,true,"Allowlisted code, configuration, data, raw evidence, generated result, or project metadata.",false,false,false,KEEP
results/raw/20260907T080508682710Z__qwen-qwen3-4b__lora-qnone__ctx512__b1-ga1__r8__s42__01a07ae6-4dca-722d-b073-f4b3153e03d0/manifest.sha256,PUBLIC_CORE,true,"Allowlisted code, configuration, data, raw evidence, generated result, or project metadata.",false,false,false,KEEP
results/raw/20260907T080508682710Z__qwen-qwen3-4b__lora-qnone__ctx512__b1-ga1__r8__s42__01a07ae6-4dca-722d-b073-f4b3153e03d0/result.json,PUBLIC_CORE,true,Scientific record is retained; identifier and device-path fields require separate evidence-preserving privacy remediation before publication.,false,false,true,REWRITE
results/raw/20260907T080508682710Z__qwen-qwen3-4b__lora-qnone__ctx512__b1-ga1__r8__s42__01a07ae6-4dca-722d-b073-f4b3153e03d0/step_timings.jsonl,PUBLIC_CORE,true,"Allowlisted code, configuration, data, raw evidence, generated result, or project metadata.",false,false,false,KEEP
results/raw/20260907T080508682710Z__qwen-qwen3-4b__lora-qnone__ctx512__b1-ga1__r8__s42__01a07ae6-4dca-722d-b073-f4b3153e03d0/training_metrics.json,PUBLIC_CORE,true,"Allowlisted code, configuration, data, raw evidence, generated result, or project metadata.",false,false,false,KEEP
results/raw/20260907T080735708838Z__mlx-community-qwen3-4b-4bit__qlora-q4__ctx512__b1-ga1__r8__s42__01a07ae8-8c1c-72cb-a2fb-351e0e6545a5/command.txt,PUBLIC_CORE,true,"Allowlisted code, configuration, data, raw evidence, generated result, or project metadata.",false,false,false,KEEP
results/raw/20260907T080735708838Z__mlx-community-qwen3-4b-4bit__qlora-q4__ctx512__b1-ga1__r8__s42__01a07ae8-8c1c-72cb-a2fb-351e0e6545a5/config.yaml,PUBLIC_CORE,true,"Allowlisted code, configuration, data, raw evidence, generated result, or project metadata.",false,false,false,KEEP
results/raw/20260907T080735708838Z__mlx-community-qwen3-4b-4bit__qlora-q4__ctx512__b1-ga1__r8__s42__01a07ae8-8c1c-72cb-a2fb-351e0e6545a5/effective_config.json,PUBLIC_CORE,true,"Allowlisted code, configuration, data, raw evidence, generated result, or project metadata.",false,false,false,KEEP
results/raw/20260907T080735708838Z__mlx-community-qwen3-4b-4bit__qlora-q4__ctx512__b1-ga1__r8__s42__01a07ae8-8c1c-72cb-a2fb-351e0e6545a5/environment/raw_environment.txt,PUBLIC_CORE,true,Scientific record is retained; identifier and device-path fields require separate evidence-preserving privacy remediation before publication.,false,false,true,REWRITE
results/raw/20260907T080735708838Z__mlx-community-qwen3-4b-4bit__qlora-q4__ctx512__b1-ga1__r8__s42__01a07ae8-8c1c-72cb-a2fb-351e0e6545a5/environment/vm_stat_after.txt,PUBLIC_CORE,true,"Allowlisted code, configuration, data, raw evidence, generated result, or project metadata.",false,false,false,KEEP
results/raw/20260907T080735708838Z__mlx-community-qwen3-4b-4bit__qlora-q4__ctx512__b1-ga1__r8__s42__01a07ae8-8c1c-72cb-a2fb-351e0e6545a5/environment/vm_stat_before.txt,PUBLIC_CORE,true,"Allowlisted code, configuration, data, raw evidence, generated result, or project metadata.",false,false,false,KEEP
results/raw/20260907T080735708838Z__mlx-community-qwen3-4b-4bit__qlora-q4__ctx512__b1-ga1__r8__s42__01a07ae8-8c1c-72cb-a2fb-351e0e6545a5/logs/stderr.log,PUBLIC_CORE,true,"Allowlisted code, configuration, data, raw evidence, generated result, or project metadata.",false,false,false,KEEP
results/raw/20260907T080735708838Z__mlx-community-qwen3-4b-4bit__qlora-q4__ctx512__b1-ga1__r8__s42__01a07ae8-8c1c-72cb-a2fb-351e0e6545a5/logs/stdout.log,PUBLIC_CORE,true,"Allowlisted code, configuration, data, raw evidence, generated result, or project metadata.",false,false,false,KEEP
results/raw/20260907T080735708838Z__mlx-community-qwen3-4b-4bit__qlora-q4__ctx512__b1-ga1__r8__s42__01a07ae8-8c1c-72cb-a2fb-351e0e6545a5/manifest.sha256,PUBLIC_CORE,true,"Allowlisted code, configuration, data, raw evidence, generated result, or project metadata.",false,false,false,KEEP
results/raw/20260907T080735708838Z__mlx-community-qwen3-4b-4bit__qlora-q4__ctx512__b1-ga1__r8__s42__01a07ae8-8c1c-72cb-a2fb-351e0e6545a5/result.json,PUBLIC_CORE,true,Scientific record is retained; identifier and device-path fields require separate evidence-preserving privacy remediation before publication.,false,false,true,REWRITE
results/raw/20260907T080735708838Z__mlx-community-qwen3-4b-4bit__qlora-q4__ctx512__b1-ga1__r8__s42__01a07ae8-8c1c-72cb-a2fb-351e0e6545a5/step_timings.jsonl,PUBLIC_CORE,true,"Allowlisted code, configuration, data, raw evidence, generated result, or project metadata.",false,false,false,KEEP
results/raw/20260907T080735708838Z__mlx-community-qwen3-4b-4bit__qlora-q4__ctx512__b1-ga1__r8__s42__01a07ae8-8c1c-72cb-a2fb-351e0e6545a5/training_metrics.json,PUBLIC_CORE,true,"Allowlisted code, configuration, data, raw evidence, generated result, or project metadata.",false,false,false,KEEP
results/raw/20260907T090653918143Z__mlx-community-qwen3-8b-4bit__qlora-q4__ctx512__b1-ga1__r8__s42__01a07b1e-d75e-7f92-88af-6222d8638cbf/command.txt,PUBLIC_CORE,true,"Allowlisted code, configuration, data, raw evidence, generated result, or project metadata.",false,false,false,KEEP
results/raw/20260907T090653918143Z__mlx-community-qwen3-8b-4bit__qlora-q4__ctx512__b1-ga1__r8__s42__01a07b1e-d75e-7f92-88af-6222d8638cbf/config.yaml,PUBLIC_CORE,true,"Allowlisted code, configuration, data, raw evidence, generated result, or project metadata.",false,false,false,KEEP
results/raw/20260907T090653918143Z__mlx-community-qwen3-8b-4bit__qlora-q4__ctx512__b1-ga1__r8__s42__01a07b1e-d75e-7f92-88af-6222d8638cbf/effective_config.json,PUBLIC_CORE,true,"Allowlisted code, configuration, data, raw evidence, generated result, or project metadata.",false,false,false,KEEP
results/raw/20260907T090653918143Z__mlx-community-qwen3-8b-4bit__qlora-q4__ctx512__b1-ga1__r8__s42__01a07b1e-d75e-7f92-88af-6222d8638cbf/environment/raw_environment.txt,PUBLIC_CORE,true,Scientific record is retained; identifier and device-path fields require separate evidence-preserving privacy remediation before publication.,false,false,true,REWRITE
results/raw/20260907T090653918143Z__mlx-community-qwen3-8b-4bit__qlora-q4__ctx512__b1-ga1__r8__s42__01a07b1e-d75e-7f92-88af-6222d8638cbf/environment/vm_stat_after.txt,PUBLIC_CORE,true,"Allowlisted code, configuration, data, raw evidence, generated result, or project metadata.",false,false,false,KEEP
results/raw/20260907T090653918143Z__mlx-community-qwen3-8b-4bit__qlora-q4__ctx512__b1-ga1__r8__s42__01a07b1e-d75e-7f92-88af-6222d8638cbf/environment/vm_stat_before.txt,PUBLIC_CORE,true,"Allowlisted code, configuration, data, raw evidence, generated result, or project metadata.",false,false,false,KEEP
results/raw/20260907T090653918143Z__mlx-community-qwen3-8b-4bit__qlora-q4__ctx512__b1-ga1__r8__s42__01a07b1e-d75e-7f92-88af-6222d8638cbf/logs/stderr.log,PUBLIC_CORE,true,"Allowlisted code, configuration, data, raw evidence, generated result, or project metadata.",false,false,false,KEEP
results/raw/20260907T090653918143Z__mlx-community-qwen3-8b-4bit__qlora-q4__ctx512__b1-ga1__r8__s42__01a07b1e-d75e-7f92-88af-6222d8638cbf/logs/stdout.log,PUBLIC_CORE,true,"Allowlisted code, configuration, data, raw evidence, generated result, or project metadata.",false,false,false,KEEP
results/raw/20260907T090653918143Z__mlx-community-qwen3-8b-4bit__qlora-q4__ctx512__b1-ga1__r8__s42__01a07b1e-d75e-7f92-88af-6222d8638cbf/manifest.sha256,PUBLIC_CORE,true,"Allowlisted code, configuration, data, raw evidence, generated result, or project metadata.",false,false,false,KEEP
results/raw/20260907T090653918143Z__mlx-community-qwen3-8b-4bit__qlora-q4__ctx512__b1-ga1__r8__s42__01a07b1e-d75e-7f92-88af-6222d8638cbf/result.json,PUBLIC_CORE,true,Scientific record is retained; identifier and device-path fields require separate evidence-preserving privacy remediation before publication.,false,false,true,REWRITE
results/raw/20260907T090653918143Z__mlx-community-qwen3-8b-4bit__qlora-q4__ctx512__b1-ga1__r8__s42__01a07b1e-d75e-7f92-88af-6222d8638cbf/step_timings.jsonl,PUBLIC_CORE,true,"Allowlisted code, configuration, data, raw evidence, generated result, or project metadata.",false,false,false,KEEP
results/raw/20260907T090653918143Z__mlx-community-qwen3-8b-4bit__qlora-q4__ctx512__b1-ga1__r8__s42__01a07b1e-d75e-7f92-88af-6222d8638cbf/training_metrics.json,PUBLIC_CORE,true,"Allowlisted code, configuration, data, raw evidence, generated result, or project metadata.",false,false,false,KEEP
results/raw/20260907T095600405930Z__mlx-community-qwen3-14b-4bit__qlora-q4__ctx512__b1-ga1__r8__s42__01a07b4b-cd16-7c6e-b3d7-69566ded52b8/command.txt,PUBLIC_CORE,true,"Allowlisted code, configuration, data, raw evidence, generated result, or project metadata.",false,false,false,KEEP
results/raw/20260907T095600405930Z__mlx-community-qwen3-14b-4bit__qlora-q4__ctx512__b1-ga1__r8__s42__01a07b4b-cd16-7c6e-b3d7-69566ded52b8/config.yaml,PUBLIC_CORE,true,"Allowlisted code, configuration, data, raw evidence, generated result, or project metadata.",false,false,false,KEEP
results/raw/20260907T095600405930Z__mlx-community-qwen3-14b-4bit__qlora-q4__ctx512__b1-ga1__r8__s42__01a07b4b-cd16-7c6e-b3d7-69566ded52b8/effective_config.json,PUBLIC_CORE,true,"Allowlisted code, configuration, data, raw evidence, generated result, or project metadata.",false,false,false,KEEP
results/raw/20260907T095600405930Z__mlx-community-qwen3-14b-4bit__qlora-q4__ctx512__b1-ga1__r8__s42__01a07b4b-cd16-7c6e-b3d7-69566ded52b8/environment/raw_environment.txt,PUBLIC_CORE,true,Scientific record is retained; identifier and device-path fields require separate evidence-preserving privacy remediation before publication.,false,false,true,REWRITE
results/raw/20260907T095600405930Z__mlx-community-qwen3-14b-4bit__qlora-q4__ctx512__b1-ga1__r8__s42__01a07b4b-cd16-7c6e-b3d7-69566ded52b8/environment/vm_stat_after.txt,PUBLIC_CORE,true,"Allowlisted code, configuration, data, raw evidence, generated result, or project metadata.",false,false,false,KEEP
results/raw/20260907T095600405930Z__mlx-community-qwen3-14b-4bit__qlora-q4__ctx512__b1-ga1__r8__s42__01a07b4b-cd16-7c6e-b3d7-69566ded52b8/environment/vm_stat_before.txt,PUBLIC_CORE,true,"Allowlisted code, configuration, data, raw evidence, generated result, or project metadata.",false,false,false,KEEP
results/raw/20260907T095600405930Z__mlx-community-qwen3-14b-4bit__qlora-q4__ctx512__b1-ga1__r8__s42__01a07b4b-cd16-7c6e-b3d7-69566ded52b8/logs/stderr.log,PUBLIC_CORE,true,"Allowlisted code, configuration, data, raw evidence, generated result, or project metadata.",false,false,false,KEEP
results/raw/20260907T095600405930Z__mlx-community-qwen3-14b-4bit__qlora-q4__ctx512__b1-ga1__r8__s42__01a07b4b-cd16-7c6e-b3d7-69566ded52b8/logs/stdout.log,PUBLIC_CORE,true,"Allowlisted code, configuration, data, raw evidence, generated result, or project metadata.",false,false,false,KEEP
results/raw/20260907T095600405930Z__mlx-community-qwen3-14b-4bit__qlora-q4__ctx512__b1-ga1__r8__s42__01a07b4b-cd16-7c6e-b3d7-69566ded52b8/manifest.sha256,PUBLIC_CORE,true,"Allowlisted code, configuration, data, raw evidence, generated result, or project metadata.",false,false,false,KEEP
results/raw/20260907T095600405930Z__mlx-community-qwen3-14b-4bit__qlora-q4__ctx512__b1-ga1__r8__s42__01a07b4b-cd16-7c6e-b3d7-69566ded52b8/result.json,PUBLIC_CORE,true,Scientific record is retained; identifier and device-path fields require separate evidence-preserving privacy remediation before publication.,false,false,true,REWRITE
results/raw/20260907T095600405930Z__mlx-community-qwen3-14b-4bit__qlora-q4__ctx512__b1-ga1__r8__s42__01a07b4b-cd16-7c6e-b3d7-69566ded52b8/step_timings.jsonl,PUBLIC_CORE,true,"Allowlisted code, configuration, data, raw evidence, generated result, or project metadata.",false,false,false,KEEP
results/raw/20260907T095600405930Z__mlx-community-qwen3-14b-4bit__qlora-q4__ctx512__b1-ga1__r8__s42__01a07b4b-cd16-7c6e-b3d7-69566ded52b8/training_metrics.json,PUBLIC_CORE,true,"Allowlisted code, configuration, data, raw evidence, generated result, or project metadata.",false,false,false,KEEP
results/raw/20260907T110003248768Z__mlx-community-qwen3-4b-4bit__qlora-q4__ctx2048__b1-ga1__r8__s42__01a07b86-7030-7992-b5e9-e44c9960eb61/command.txt,PUBLIC_CORE,true,"Allowlisted code, configuration, data, raw evidence, generated result, or project metadata.",false,false,false,KEEP
results/raw/20260907T110003248768Z__mlx-community-qwen3-4b-4bit__qlora-q4__ctx2048__b1-ga1__r8__s42__01a07b86-7030-7992-b5e9-e44c9960eb61/config.yaml,PUBLIC_CORE,true,"Allowlisted code, configuration, data, raw evidence, generated result, or project metadata.",false,false,false,KEEP
results/raw/20260907T110003248768Z__mlx-community-qwen3-4b-4bit__qlora-q4__ctx2048__b1-ga1__r8__s42__01a07b86-7030-7992-b5e9-e44c9960eb61/effective_config.json,PUBLIC_CORE,true,"Allowlisted code, configuration, data, raw evidence, generated result, or project metadata.",false,false,false,KEEP
results/raw/20260907T110003248768Z__mlx-community-qwen3-4b-4bit__qlora-q4__ctx2048__b1-ga1__r8__s42__01a07b86-7030-7992-b5e9-e44c9960eb61/environment/raw_environment.txt,PUBLIC_CORE,true,Scientific record is retained; identifier and device-path fields require separate evidence-preserving privacy remediation before publication.,false,false,true,REWRITE
results/raw/20260907T110003248768Z__mlx-community-qwen3-4b-4bit__qlora-q4__ctx2048__b1-ga1__r8__s42__01a07b86-7030-7992-b5e9-e44c9960eb61/environment/vm_stat_after.txt,PUBLIC_CORE,true,"Allowlisted code, configuration, data, raw evidence, generated result, or project metadata.",false,false,false,KEEP
results/raw/20260907T110003248768Z__mlx-community-qwen3-4b-4bit__qlora-q4__ctx2048__b1-ga1__r8__s42__01a07b86-7030-7992-b5e9-e44c9960eb61/environment/vm_stat_before.txt,PUBLIC_CORE,true,"Allowlisted code, configuration, data, raw evidence, generated result, or project metadata.",false,false,false,KEEP
results/raw/20260907T110003248768Z__mlx-community-qwen3-4b-4bit__qlora-q4__ctx2048__b1-ga1__r8__s42__01a07b86-7030-7992-b5e9-e44c9960eb61/logs/stderr.log,PUBLIC_CORE,true,"Allowlisted code, configuration, data, raw evidence, generated result, or project metadata.",false,false,false,KEEP
results/raw/20260907T110003248768Z__mlx-community-qwen3-4b-4bit__qlora-q4__ctx2048__b1-ga1__r8__s42__01a07b86-7030-7992-b5e9-e44c9960eb61/logs/stdout.log,PUBLIC_CORE,true,"Allowlisted code, configuration, data, raw evidence, generated result, or project metadata.",false,false,false,KEEP
results/raw/20260907T110003248768Z__mlx-community-qwen3-4b-4bit__qlora-q4__ctx2048__b1-ga1__r8__s42__01a07b86-7030-7992-b5e9-e44c9960eb61/manifest.sha256,PUBLIC_CORE,true,"Allowlisted code, configuration, data, raw evidence, generated result, or project metadata.",false,false,false,KEEP
results/raw/20260907T110003248768Z__mlx-community-qwen3-4b-4bit__qlora-q4__ctx2048__b1-ga1__r8__s42__01a07b86-7030-7992-b5e9-e44c9960eb61/result.json,PUBLIC_CORE,true,Scientific record is retained; identifier and device-path fields require separate evidence-preserving privacy remediation before publication.,false,false,true,REWRITE
results/raw/20260907T110003248768Z__mlx-community-qwen3-4b-4bit__qlora-q4__ctx2048__b1-ga1__r8__s42__01a07b86-7030-7992-b5e9-e44c9960eb61/step_timings.jsonl,PUBLIC_CORE,true,"Allowlisted code, configuration, data, raw evidence, generated result, or project metadata.",false,false,false,KEEP
results/raw/20260907T110003248768Z__mlx-community-qwen3-4b-4bit__qlora-q4__ctx2048__b1-ga1__r8__s42__01a07b86-7030-7992-b5e9-e44c9960eb61/training_metrics.json,PUBLIC_CORE,true,"Allowlisted code, configuration, data, raw evidence, generated result, or project metadata.",false,false,false,KEEP
results/raw/20260907T111824441175Z__mlx-community-qwen3-4b-4bit__qlora-q4__ctx8192__b1-ga1__r8__s42__01a07b97-3db9-7873-b5b6-49cb74b618a0/command.txt,PUBLIC_CORE,true,"Allowlisted code, configuration, data, raw evidence, generated result, or project metadata.",false,false,false,KEEP
results/raw/20260907T111824441175Z__mlx-community-qwen3-4b-4bit__qlora-q4__ctx8192__b1-ga1__r8__s42__01a07b97-3db9-7873-b5b6-49cb74b618a0/config.yaml,PUBLIC_CORE,true,"Allowlisted code, configuration, data, raw evidence, generated result, or project metadata.",false,false,false,KEEP
results/raw/20260907T111824441175Z__mlx-community-qwen3-4b-4bit__qlora-q4__ctx8192__b1-ga1__r8__s42__01a07b97-3db9-7873-b5b6-49cb74b618a0/effective_config.json,PUBLIC_CORE,true,"Allowlisted code, configuration, data, raw evidence, generated result, or project metadata.",false,false,false,KEEP
results/raw/20260907T111824441175Z__mlx-community-qwen3-4b-4bit__qlora-q4__ctx8192__b1-ga1__r8__s42__01a07b97-3db9-7873-b5b6-49cb74b618a0/environment/raw_environment.txt,PUBLIC_CORE,true,Scientific record is retained; identifier and device-path fields require separate evidence-preserving privacy remediation before publication.,false,false,true,REWRITE
results/raw/20260907T111824441175Z__mlx-community-qwen3-4b-4bit__qlora-q4__ctx8192__b1-ga1__r8__s42__01a07b97-3db9-7873-b5b6-49cb74b618a0/environment/vm_stat_after.txt,PUBLIC_CORE,true,"Allowlisted code, configuration, data, raw evidence, generated result, or project metadata.",false,false,false,KEEP
results/raw/20260907T111824441175Z__mlx-community-qwen3-4b-4bit__qlora-q4__ctx8192__b1-ga1__r8__s42__01a07b97-3db9-7873-b5b6-49cb74b618a0/environment/vm_stat_before.txt,PUBLIC_CORE,true,"Allowlisted code, configuration, data, raw evidence, generated result, or project metadata.",false,false,false,KEEP
results/raw/20260907T111824441175Z__mlx-community-qwen3-4b-4bit__qlora-q4__ctx8192__b1-ga1__r8__s42__01a07b97-3db9-7873-b5b6-49cb74b618a0/logs/stderr.log,PUBLIC_CORE,true,"Allowlisted code, configuration, data, raw evidence, generated result, or project metadata.",false,false,false,KEEP
results/raw/20260907T111824441175Z__mlx-community-qwen3-4b-4bit__qlora-q4__ctx8192__b1-ga1__r8__s42__01a07b97-3db9-7873-b5b6-49cb74b618a0/logs/stdout.log,PUBLIC_CORE,true,"Allowlisted code, configuration, data, raw evidence, generated result, or project metadata.",false,false,false,KEEP
results/raw/20260907T111824441175Z__mlx-community-qwen3-4b-4bit__qlora-q4__ctx8192__b1-ga1__r8__s42__01a07b97-3db9-7873-b5b6-49cb74b618a0/manifest.sha256,PUBLIC_CORE,true,"Allowlisted code, configuration, data, raw evidence, generated result, or project metadata.",false,false,false,KEEP
results/raw/20260907T111824441175Z__mlx-community-qwen3-4b-4bit__qlora-q4__ctx8192__b1-ga1__r8__s42__01a07b97-3db9-7873-b5b6-49cb74b618a0/result.json,PUBLIC_CORE,true,Scientific record is retained; identifier and device-path fields require separate evidence-preserving privacy remediation before publication.,false,false,true,REWRITE
results/raw/20260911T164322546359Z__mlx-community-qwen3-4b-4bit__qlora-q4__ctx4096__b1-ga1__r8__s42__01a0915a-3232-7ce9-b2d0-3d9d674f7467/command.txt,PUBLIC_CORE,true,"Allowlisted code, configuration, data, raw evidence, generated result, or project metadata.",false,false,false,KEEP
results/raw/20260911T164322546359Z__mlx-community-qwen3-4b-4bit__qlora-q4__ctx4096__b1-ga1__r8__s42__01a0915a-3232-7ce9-b2d0-3d9d674f7467/config.yaml,PUBLIC_CORE,true,"Allowlisted code, configuration, data, raw evidence, generated result, or project metadata.",false,false,false,KEEP
results/raw/20260911T164322546359Z__mlx-community-qwen3-4b-4bit__qlora-q4__ctx4096__b1-ga1__r8__s42__01a0915a-3232-7ce9-b2d0-3d9d674f7467/effective_config.json,PUBLIC_CORE,true,"Allowlisted code, configuration, data, raw evidence, generated result, or project metadata.",false,false,false,KEEP
results/raw/20260911T164322546359Z__mlx-community-qwen3-4b-4bit__qlora-q4__ctx4096__b1-ga1__r8__s42__01a0915a-3232-7ce9-b2d0-3d9d674f7467/environment/raw_environment.txt,PUBLIC_CORE,true,Scientific record is retained; identifier and device-path fields require separate evidence-preserving privacy remediation before publication.,false,false,true,REWRITE
results/raw/20260911T164322546359Z__mlx-community-qwen3-4b-4bit__qlora-q4__ctx4096__b1-ga1__r8__s42__01a0915a-3232-7ce9-b2d0-3d9d674f7467/environment/vm_stat_after.txt,PUBLIC_CORE,true,"Allowlisted code, configuration, data, raw evidence, generated result, or project metadata.",false,false,false,KEEP
results/raw/20260911T164322546359Z__mlx-community-qwen3-4b-4bit__qlora-q4__ctx4096__b1-ga1__r8__s42__01a0915a-3232-7ce9-b2d0-3d9d674f7467/environment/vm_stat_before.txt,PUBLIC_CORE,true,"Allowlisted code, configuration, data, raw evidence, generated result, or project metadata.",false,false,false,KEEP
results/raw/20260911T164322546359Z__mlx-community-qwen3-4b-4bit__qlora-q4__ctx4096__b1-ga1__r8__s42__01a0915a-3232-7ce9-b2d0-3d9d674f7467/logs/stderr.log,PUBLIC_CORE,true,"Allowlisted code, configuration, data, raw evidence, generated result, or project metadata.",false,false,false,KEEP
results/raw/20260911T164322546359Z__mlx-community-qwen3-4b-4bit__qlora-q4__ctx4096__b1-ga1__r8__s42__01a0915a-3232-7ce9-b2d0-3d9d674f7467/logs/stdout.log,PUBLIC_CORE,true,"Allowlisted code, configuration, data, raw evidence, generated result, or project metadata.",false,false,false,KEEP
results/raw/20260911T164322546359Z__mlx-community-qwen3-4b-4bit__qlora-q4__ctx4096__b1-ga1__r8__s42__01a0915a-3232-7ce9-b2d0-3d9d674f7467/manifest.sha256,PUBLIC_CORE,true,"Allowlisted code, configuration, data, raw evidence, generated result, or project metadata.",false,false,false,KEEP
results/raw/20260911T164322546359Z__mlx-community-qwen3-4b-4bit__qlora-q4__ctx4096__b1-ga1__r8__s42__01a0915a-3232-7ce9-b2d0-3d9d674f7467/result.json,PUBLIC_CORE,true,Scientific record is retained; identifier and device-path fields require separate evidence-preserving privacy remediation before publication.,false,false,true,REWRITE
results/raw/20260911T174043530559Z__mlx-community-qwen3-0-6b-4bit__qlora-q4__ctx512__b1-ga1__r8__s123__01a0918e-b38b-7093-b4d6-b6cab6007e33/command.txt,PUBLIC_CORE,true,"Allowlisted code, configuration, data, raw evidence, generated result, or project metadata.",false,false,false,KEEP
results/raw/20260911T174043530559Z__mlx-community-qwen3-0-6b-4bit__qlora-q4__ctx512__b1-ga1__r8__s123__01a0918e-b38b-7093-b4d6-b6cab6007e33/config.yaml,PUBLIC_CORE,true,"Allowlisted code, configuration, data, raw evidence, generated result, or project metadata.",false,false,false,KEEP
results/raw/20260911T174043530559Z__mlx-community-qwen3-0-6b-4bit__qlora-q4__ctx512__b1-ga1__r8__s123__01a0918e-b38b-7093-b4d6-b6cab6007e33/effective_config.json,PUBLIC_CORE,true,"Allowlisted code, configuration, data, raw evidence, generated result, or project metadata.",false,false,false,KEEP
results/raw/20260911T174043530559Z__mlx-community-qwen3-0-6b-4bit__qlora-q4__ctx512__b1-ga1__r8__s123__01a0918e-b38b-7093-b4d6-b6cab6007e33/environment/raw_environment.txt,PUBLIC_CORE,true,Scientific record is retained; identifier and device-path fields require separate evidence-preserving privacy remediation before publication.,false,false,true,REWRITE
results/raw/20260911T174043530559Z__mlx-community-qwen3-0-6b-4bit__qlora-q4__ctx512__b1-ga1__r8__s123__01a0918e-b38b-7093-b4d6-b6cab6007e33/environment/vm_stat_after.txt,PUBLIC_CORE,true,"Allowlisted code, configuration, data, raw evidence, generated result, or project metadata.",false,false,false,KEEP
results/raw/20260911T174043530559Z__mlx-community-qwen3-0-6b-4bit__qlora-q4__ctx512__b1-ga1__r8__s123__01a0918e-b38b-7093-b4d6-b6cab6007e33/environment/vm_stat_before.txt,PUBLIC_CORE,true,"Allowlisted code, configuration, data, raw evidence, generated result, or project metadata.",false,false,false,KEEP
results/raw/20260911T174043530559Z__mlx-community-qwen3-0-6b-4bit__qlora-q4__ctx512__b1-ga1__r8__s123__01a0918e-b38b-7093-b4d6-b6cab6007e33/logs/stderr.log,PUBLIC_CORE,true,"Allowlisted code, configuration, data, raw evidence, generated result, or project metadata.",false,false,false,KEEP
results/raw/20260911T174043530559Z__mlx-community-qwen3-0-6b-4bit__qlora-q4__ctx512__b1-ga1__r8__s123__01a0918e-b38b-7093-b4d6-b6cab6007e33/logs/stdout.log,PUBLIC_CORE,true,"Allowlisted code, configuration, data, raw evidence, generated result, or project metadata.",false,false,false,KEEP
results/raw/20260911T174043530559Z__mlx-community-qwen3-0-6b-4bit__qlora-q4__ctx512__b1-ga1__r8__s123__01a0918e-b38b-7093-b4d6-b6cab6007e33/manifest.sha256,PUBLIC_CORE,true,"Allowlisted code, configuration, data, raw evidence, generated result, or project metadata.",false,false,false,KEEP
results/raw/20260911T174043530559Z__mlx-community-qwen3-0-6b-4bit__qlora-q4__ctx512__b1-ga1__r8__s123__01a0918e-b38b-7093-b4d6-b6cab6007e33/result.json,PUBLIC_CORE,true,Scientific record is retained; identifier and device-path fields require separate evidence-preserving privacy remediation before publication.,false,false,true,REWRITE
results/raw/20260911T174043530559Z__mlx-community-qwen3-0-6b-4bit__qlora-q4__ctx512__b1-ga1__r8__s123__01a0918e-b38b-7093-b4d6-b6cab6007e33/step_timings.jsonl,PUBLIC_CORE,true,"Allowlisted code, configuration, data, raw evidence, generated result, or project metadata.",false,false,false,KEEP
results/raw/20260911T174043530559Z__mlx-community-qwen3-0-6b-4bit__qlora-q4__ctx512__b1-ga1__r8__s123__01a0918e-b38b-7093-b4d6-b6cab6007e33/system_monitor.jsonl,PUBLIC_CORE,true,"Allowlisted code, configuration, data, raw evidence, generated result, or project metadata.",false,false,false,KEEP
results/raw/20260911T174043530559Z__mlx-community-qwen3-0-6b-4bit__qlora-q4__ctx512__b1-ga1__r8__s123__01a0918e-b38b-7093-b4d6-b6cab6007e33/training_metrics.json,PUBLIC_CORE,true,"Allowlisted code, configuration, data, raw evidence, generated result, or project metadata.",false,false,false,KEEP
results/raw/20260911T174225806700Z__mlx-community-qwen3-0-6b-4bit__qlora-q4__ctx512__b1-ga1__r8__s2026__01a09190-430f-705c-9ebd-086dbc4c3c70/command.txt,PUBLIC_CORE,true,"Allowlisted code, configuration, data, raw evidence, generated result, or project metadata.",false,false,false,KEEP
results/raw/20260911T174225806700Z__mlx-community-qwen3-0-6b-4bit__qlora-q4__ctx512__b1-ga1__r8__s2026__01a09190-430f-705c-9ebd-086dbc4c3c70/config.yaml,PUBLIC_CORE,true,"Allowlisted code, configuration, data, raw evidence, generated result, or project metadata.",false,false,false,KEEP
results/raw/20260911T174225806700Z__mlx-community-qwen3-0-6b-4bit__qlora-q4__ctx512__b1-ga1__r8__s2026__01a09190-430f-705c-9ebd-086dbc4c3c70/effective_config.json,PUBLIC_CORE,true,"Allowlisted code, configuration, data, raw evidence, generated result, or project metadata.",false,false,false,KEEP
results/raw/20260911T174225806700Z__mlx-community-qwen3-0-6b-4bit__qlora-q4__ctx512__b1-ga1__r8__s2026__01a09190-430f-705c-9ebd-086dbc4c3c70/environment/raw_environment.txt,PUBLIC_CORE,true,Scientific record is retained; identifier and device-path fields require separate evidence-preserving privacy remediation before publication.,false,false,true,REWRITE
results/raw/20260911T174225806700Z__mlx-community-qwen3-0-6b-4bit__qlora-q4__ctx512__b1-ga1__r8__s2026__01a09190-430f-705c-9ebd-086dbc4c3c70/environment/vm_stat_after.txt,PUBLIC_CORE,true,"Allowlisted code, configuration, data, raw evidence, generated result, or project metadata.",false,false,false,KEEP
results/raw/20260911T174225806700Z__mlx-community-qwen3-0-6b-4bit__qlora-q4__ctx512__b1-ga1__r8__s2026__01a09190-430f-705c-9ebd-086dbc4c3c70/environment/vm_stat_before.txt,PUBLIC_CORE,true,"Allowlisted code, configuration, data, raw evidence, generated result, or project metadata.",false,false,false,KEEP
results/raw/20260911T174225806700Z__mlx-community-qwen3-0-6b-4bit__qlora-q4__ctx512__b1-ga1__r8__s2026__01a09190-430f-705c-9ebd-086dbc4c3c70/logs/stderr.log,PUBLIC_CORE,true,"Allowlisted code, configuration, data, raw evidence, generated result, or project metadata.",false,false,false,KEEP
results/raw/20260911T174225806700Z__mlx-community-qwen3-0-6b-4bit__qlora-q4__ctx512__b1-ga1__r8__s2026__01a09190-430f-705c-9ebd-086dbc4c3c70/logs/stdout.log,PUBLIC_CORE,true,"Allowlisted code, configuration, data, raw evidence, generated result, or project metadata.",false,false,false,KEEP
results/raw/20260911T174225806700Z__mlx-community-qwen3-0-6b-4bit__qlora-q4__ctx512__b1-ga1__r8__s2026__01a09190-430f-705c-9ebd-086dbc4c3c70/manifest.sha256,PUBLIC_CORE,true,"Allowlisted code, configuration, data, raw evidence, generated result, or project metadata.",false,false,false,KEEP
results/raw/20260911T174225806700Z__mlx-community-qwen3-0-6b-4bit__qlora-q4__ctx512__b1-ga1__r8__s2026__01a09190-430f-705c-9ebd-086dbc4c3c70/result.json,PUBLIC_CORE,true,Scientific record is retained; identifier and device-path fields require separate evidence-preserving privacy remediation before publication.,false,false,true,REWRITE
results/raw/20260911T174225806700Z__mlx-community-qwen3-0-6b-4bit__qlora-q4__ctx512__b1-ga1__r8__s2026__01a09190-430f-705c-9ebd-086dbc4c3c70/step_timings.jsonl,PUBLIC_CORE,true,"Allowlisted code, configuration, data, raw evidence, generated result, or project metadata.",false,false,false,KEEP
results/raw/20260911T174225806700Z__mlx-community-qwen3-0-6b-4bit__qlora-q4__ctx512__b1-ga1__r8__s2026__01a09190-430f-705c-9ebd-086dbc4c3c70/system_monitor.jsonl,PUBLIC_CORE,true,"Allowlisted code, configuration, data, raw evidence, generated result, or project metadata.",false,false,false,KEEP
results/raw/20260911T174225806700Z__mlx-community-qwen3-0-6b-4bit__qlora-q4__ctx512__b1-ga1__r8__s2026__01a09190-430f-705c-9ebd-086dbc4c3c70/training_metrics.json,PUBLIC_CORE,true,"Allowlisted code, configuration, data, raw evidence, generated result, or project metadata.",false,false,false,KEEP
results/raw/20260911T174406709536Z__mlx-community-qwen3-0-6b-4bit__qlora-q4__ctx512__b1-ga1__r8__s42__01a09191-cd35-735e-a573-46588bffb459/command.txt,PUBLIC_CORE,true,"Allowlisted code, configuration, data, raw evidence, generated result, or project metadata.",false,false,false,KEEP
results/raw/20260911T174406709536Z__mlx-community-qwen3-0-6b-4bit__qlora-q4__ctx512__b1-ga1__r8__s42__01a09191-cd35-735e-a573-46588bffb459/config.yaml,PUBLIC_CORE,true,"Allowlisted code, configuration, data, raw evidence, generated result, or project metadata.",false,false,false,KEEP
results/raw/20260911T174406709536Z__mlx-community-qwen3-0-6b-4bit__qlora-q4__ctx512__b1-ga1__r8__s42__01a09191-cd35-735e-a573-46588bffb459/effective_config.json,PUBLIC_CORE,true,"Allowlisted code, configuration, data, raw evidence, generated result, or project metadata.",false,false,false,KEEP
results/raw/20260911T174406709536Z__mlx-community-qwen3-0-6b-4bit__qlora-q4__ctx512__b1-ga1__r8__s42__01a09191-cd35-735e-a573-46588bffb459/environment/raw_environment.txt,PUBLIC_CORE,true,Scientific record is retained; identifier and device-path fields require separate evidence-preserving privacy remediation before publication.,false,false,true,REWRITE
results/raw/20260911T174406709536Z__mlx-community-qwen3-0-6b-4bit__qlora-q4__ctx512__b1-ga1__r8__s42__01a09191-cd35-735e-a573-46588bffb459/environment/vm_stat_after.txt,PUBLIC_CORE,true,"Allowlisted code, configuration, data, raw evidence, generated result, or project metadata.",false,false,false,KEEP
results/raw/20260911T174406709536Z__mlx-community-qwen3-0-6b-4bit__qlora-q4__ctx512__b1-ga1__r8__s42__01a09191-cd35-735e-a573-46588bffb459/environment/vm_stat_before.txt,PUBLIC_CORE,true,"Allowlisted code, configuration, data, raw evidence, generated result, or project metadata.",false,false,false,KEEP
results/raw/20260911T174406709536Z__mlx-community-qwen3-0-6b-4bit__qlora-q4__ctx512__b1-ga1__r8__s42__01a09191-cd35-735e-a573-46588bffb459/logs/stderr.log,PUBLIC_CORE,true,"Allowlisted code, configuration, data, raw evidence, generated result, or project metadata.",false,false,false,KEEP
results/raw/20260911T174406709536Z__mlx-community-qwen3-0-6b-4bit__qlora-q4__ctx512__b1-ga1__r8__s42__01a09191-cd35-735e-a573-46588bffb459/logs/stdout.log,PUBLIC_CORE,true,"Allowlisted code, configuration, data, raw evidence, generated result, or project metadata.",false,false,false,KEEP
results/raw/20260911T174406709536Z__mlx-community-qwen3-0-6b-4bit__qlora-q4__ctx512__b1-ga1__r8__s42__01a09191-cd35-735e-a573-46588bffb459/manifest.sha256,PUBLIC_CORE,true,"Allowlisted code, configuration, data, raw evidence, generated result, or project metadata.",false,false,false,KEEP
results/raw/20260911T174406709536Z__mlx-community-qwen3-0-6b-4bit__qlora-q4__ctx512__b1-ga1__r8__s42__01a09191-cd35-735e-a573-46588bffb459/result.json,PUBLIC_CORE,true,Scientific record is retained; identifier and device-path fields require separate evidence-preserving privacy remediation before publication.,false,false,true,REWRITE
results/raw/20260911T174406709536Z__mlx-community-qwen3-0-6b-4bit__qlora-q4__ctx512__b1-ga1__r8__s42__01a09191-cd35-735e-a573-46588bffb459/step_timings.jsonl,PUBLIC_CORE,true,"Allowlisted code, configuration, data, raw evidence, generated result, or project metadata.",false,false,false,KEEP
results/raw/20260911T174406709536Z__mlx-community-qwen3-0-6b-4bit__qlora-q4__ctx512__b1-ga1__r8__s42__01a09191-cd35-735e-a573-46588bffb459/system_monitor.jsonl,PUBLIC_CORE,true,"Allowlisted code, configuration, data, raw evidence, generated result, or project metadata.",false,false,false,KEEP
results/raw/20260911T174406709536Z__mlx-community-qwen3-0-6b-4bit__qlora-q4__ctx512__b1-ga1__r8__s42__01a09191-cd35-735e-a573-46588bffb459/training_metrics.json,PUBLIC_CORE,true,"Allowlisted code, configuration, data, raw evidence, generated result, or project metadata.",false,false,false,KEEP
results/raw/20260911T174548789351Z__qwen-qwen3-0-6b__full-qnone__ctx512__b1-ga1__rna__s123__01a09193-5bf5-76f0-869d-ebaec63efb60/command.txt,PUBLIC_CORE,true,"Allowlisted code, configuration, data, raw evidence, generated result, or project metadata.",false,false,false,KEEP
results/raw/20260911T174548789351Z__qwen-qwen3-0-6b__full-qnone__ctx512__b1-ga1__rna__s123__01a09193-5bf5-76f0-869d-ebaec63efb60/config.yaml,PUBLIC_CORE,true,"Allowlisted code, configuration, data, raw evidence, generated result, or project metadata.",false,false,false,KEEP
results/raw/20260911T174548789351Z__qwen-qwen3-0-6b__full-qnone__ctx512__b1-ga1__rna__s123__01a09193-5bf5-76f0-869d-ebaec63efb60/effective_config.json,PUBLIC_CORE,true,"Allowlisted code, configuration, data, raw evidence, generated result, or project metadata.",false,false,false,KEEP
results/raw/20260911T174548789351Z__qwen-qwen3-0-6b__full-qnone__ctx512__b1-ga1__rna__s123__01a09193-5bf5-76f0-869d-ebaec63efb60/environment/raw_environment.txt,PUBLIC_CORE,true,Scientific record is retained; identifier and device-path fields require separate evidence-preserving privacy remediation before publication.,false,false,true,REWRITE
results/raw/20260911T174548789351Z__qwen-qwen3-0-6b__full-qnone__ctx512__b1-ga1__rna__s123__01a09193-5bf5-76f0-869d-ebaec63efb60/environment/vm_stat_after.txt,PUBLIC_CORE,true,"Allowlisted code, configuration, data, raw evidence, generated result, or project metadata.",false,false,false,KEEP
results/raw/20260911T174548789351Z__qwen-qwen3-0-6b__full-qnone__ctx512__b1-ga1__rna__s123__01a09193-5bf5-76f0-869d-ebaec63efb60/environment/vm_stat_before.txt,PUBLIC_CORE,true,"Allowlisted code, configuration, data, raw evidence, generated result, or project metadata.",false,false,false,KEEP
results/raw/20260911T174548789351Z__qwen-qwen3-0-6b__full-qnone__ctx512__b1-ga1__rna__s123__01a09193-5bf5-76f0-869d-ebaec63efb60/logs/stderr.log,PUBLIC_CORE,true,"Allowlisted code, configuration, data, raw evidence, generated result, or project metadata.",false,false,false,KEEP
results/raw/20260911T174548789351Z__qwen-qwen3-0-6b__full-qnone__ctx512__b1-ga1__rna__s123__01a09193-5bf5-76f0-869d-ebaec63efb60/logs/stdout.log,PUBLIC_CORE,true,"Allowlisted code, configuration, data, raw evidence, generated result, or project metadata.",false,false,false,KEEP
results/raw/20260911T174548789351Z__qwen-qwen3-0-6b__full-qnone__ctx512__b1-ga1__rna__s123__01a09193-5bf5-76f0-869d-ebaec63efb60/manifest.sha256,PUBLIC_CORE,true,"Allowlisted code, configuration, data, raw evidence, generated result, or project metadata.",false,false,false,KEEP
results/raw/20260911T174548789351Z__qwen-qwen3-0-6b__full-qnone__ctx512__b1-ga1__rna__s123__01a09193-5bf5-76f0-869d-ebaec63efb60/result.json,PUBLIC_CORE,true,Scientific record is retained; identifier and device-path fields require separate evidence-preserving privacy remediation before publication.,false,false,true,REWRITE
results/raw/20260911T174548789351Z__qwen-qwen3-0-6b__full-qnone__ctx512__b1-ga1__rna__s123__01a09193-5bf5-76f0-869d-ebaec63efb60/step_timings.jsonl,PUBLIC_CORE,true,"Allowlisted code, configuration, data, raw evidence, generated result, or project metadata.",false,false,false,KEEP
results/raw/20260911T174548789351Z__qwen-qwen3-0-6b__full-qnone__ctx512__b1-ga1__rna__s123__01a09193-5bf5-76f0-869d-ebaec63efb60/system_monitor.jsonl,PUBLIC_CORE,true,"Allowlisted code, configuration, data, raw evidence, generated result, or project metadata.",false,false,false,KEEP
results/raw/20260911T174548789351Z__qwen-qwen3-0-6b__full-qnone__ctx512__b1-ga1__rna__s123__01a09193-5bf5-76f0-869d-ebaec63efb60/training_metrics.json,PUBLIC_CORE,true,"Allowlisted code, configuration, data, raw evidence, generated result, or project metadata.",false,false,false,KEEP
results/raw/20260911T174835359930Z__qwen-qwen3-0-6b__full-qnone__ctx512__b1-ga1__rna__s2026__01a09195-e6a0-7c81-819d-8b71c55af8a8/command.txt,PUBLIC_CORE,true,"Allowlisted code, configuration, data, raw evidence, generated result, or project metadata.",false,false,false,KEEP
results/raw/20260911T174835359930Z__qwen-qwen3-0-6b__full-qnone__ctx512__b1-ga1__rna__s2026__01a09195-e6a0-7c81-819d-8b71c55af8a8/config.yaml,PUBLIC_CORE,true,"Allowlisted code, configuration, data, raw evidence, generated result, or project metadata.",false,false,false,KEEP
results/raw/20260911T174835359930Z__qwen-qwen3-0-6b__full-qnone__ctx512__b1-ga1__rna__s2026__01a09195-e6a0-7c81-819d-8b71c55af8a8/effective_config.json,PUBLIC_CORE,true,"Allowlisted code, configuration, data, raw evidence, generated result, or project metadata.",false,false,false,KEEP
results/raw/20260911T174835359930Z__qwen-qwen3-0-6b__full-qnone__ctx512__b1-ga1__rna__s2026__01a09195-e6a0-7c81-819d-8b71c55af8a8/environment/raw_environment.txt,PUBLIC_CORE,true,Scientific record is retained; identifier and device-path fields require separate evidence-preserving privacy remediation before publication.,false,false,true,REWRITE
results/raw/20260911T174835359930Z__qwen-qwen3-0-6b__full-qnone__ctx512__b1-ga1__rna__s2026__01a09195-e6a0-7c81-819d-8b71c55af8a8/environment/vm_stat_after.txt,PUBLIC_CORE,true,"Allowlisted code, configuration, data, raw evidence, generated result, or project metadata.",false,false,false,KEEP
results/raw/20260911T174835359930Z__qwen-qwen3-0-6b__full-qnone__ctx512__b1-ga1__rna__s2026__01a09195-e6a0-7c81-819d-8b71c55af8a8/environment/vm_stat_before.txt,PUBLIC_CORE,true,"Allowlisted code, configuration, data, raw evidence, generated result, or project metadata.",false,false,false,KEEP
results/raw/20260911T174835359930Z__qwen-qwen3-0-6b__full-qnone__ctx512__b1-ga1__rna__s2026__01a09195-e6a0-7c81-819d-8b71c55af8a8/logs/stderr.log,PUBLIC_CORE,true,"Allowlisted code, configuration, data, raw evidence, generated result, or project metadata.",false,false,false,KEEP
results/raw/20260911T174835359930Z__qwen-qwen3-0-6b__full-qnone__ctx512__b1-ga1__rna__s2026__01a09195-e6a0-7c81-819d-8b71c55af8a8/logs/stdout.log,PUBLIC_CORE,true,"Allowlisted code, configuration, data, raw evidence, generated result, or project metadata.",false,false,false,KEEP
results/raw/20260911T174835359930Z__qwen-qwen3-0-6b__full-qnone__ctx512__b1-ga1__rna__s2026__01a09195-e6a0-7c81-819d-8b71c55af8a8/manifest.sha256,PUBLIC_CORE,true,"Allowlisted code, configuration, data, raw evidence, generated result, or project metadata.",false,false,false,KEEP
results/raw/20260911T174835359930Z__qwen-qwen3-0-6b__full-qnone__ctx512__b1-ga1__rna__s2026__01a09195-e6a0-7c81-819d-8b71c55af8a8/result.json,PUBLIC_CORE,true,Scientific record is retained; identifier and device-path fields require separate evidence-preserving privacy remediation before publication.,false,false,true,REWRITE
results/raw/20260911T174835359930Z__qwen-qwen3-0-6b__full-qnone__ctx512__b1-ga1__rna__s2026__01a09195-e6a0-7c81-819d-8b71c55af8a8/step_timings.jsonl,PUBLIC_CORE,true,"Allowlisted code, configuration, data, raw evidence, generated result, or project metadata.",false,false,false,KEEP
results/raw/20260911T174835359930Z__qwen-qwen3-0-6b__full-qnone__ctx512__b1-ga1__rna__s2026__01a09195-e6a0-7c81-819d-8b71c55af8a8/system_monitor.jsonl,PUBLIC_CORE,true,"Allowlisted code, configuration, data, raw evidence, generated result, or project metadata.",false,false,false,KEEP
results/raw/20260911T174835359930Z__qwen-qwen3-0-6b__full-qnone__ctx512__b1-ga1__rna__s2026__01a09195-e6a0-7c81-819d-8b71c55af8a8/training_metrics.json,PUBLIC_CORE,true,"Allowlisted code, configuration, data, raw evidence, generated result, or project metadata.",false,false,false,KEEP
results/raw/20260911T175128465640Z__qwen-qwen3-0-6b__full-qnone__ctx512__b1-ga1__rna__s42__01a09198-8ad2-7a31-a618-0cebffcd2689/command.txt,PUBLIC_CORE,true,"Allowlisted code, configuration, data, raw evidence, generated result, or project metadata.",false,false,false,KEEP
results/raw/20260911T175128465640Z__qwen-qwen3-0-6b__full-qnone__ctx512__b1-ga1__rna__s42__01a09198-8ad2-7a31-a618-0cebffcd2689/config.yaml,PUBLIC_CORE,true,"Allowlisted code, configuration, data, raw evidence, generated result, or project metadata.",false,false,false,KEEP
results/raw/20260911T175128465640Z__qwen-qwen3-0-6b__full-qnone__ctx512__b1-ga1__rna__s42__01a09198-8ad2-7a31-a618-0cebffcd2689/effective_config.json,PUBLIC_CORE,true,"Allowlisted code, configuration, data, raw evidence, generated result, or project metadata.",false,false,false,KEEP
results/raw/20260911T175128465640Z__qwen-qwen3-0-6b__full-qnone__ctx512__b1-ga1__rna__s42__01a09198-8ad2-7a31-a618-0cebffcd2689/environment/raw_environment.txt,PUBLIC_CORE,true,Scientific record is retained; identifier and device-path fields require separate evidence-preserving privacy remediation before publication.,false,false,true,REWRITE
results/raw/20260911T175128465640Z__qwen-qwen3-0-6b__full-qnone__ctx512__b1-ga1__rna__s42__01a09198-8ad2-7a31-a618-0cebffcd2689/environment/vm_stat_after.txt,PUBLIC_CORE,true,"Allowlisted code, configuration, data, raw evidence, generated result, or project metadata.",false,false,false,KEEP
results/raw/20260911T175128465640Z__qwen-qwen3-0-6b__full-qnone__ctx512__b1-ga1__rna__s42__01a09198-8ad2-7a31-a618-0cebffcd2689/environment/vm_stat_before.txt,PUBLIC_CORE,true,"Allowlisted code, configuration, data, raw evidence, generated result, or project metadata.",false,false,false,KEEP
results/raw/20260911T175128465640Z__qwen-qwen3-0-6b__full-qnone__ctx512__b1-ga1__rna__s42__01a09198-8ad2-7a31-a618-0cebffcd2689/logs/stderr.log,PUBLIC_CORE,true,"Allowlisted code, configuration, data, raw evidence, generated result, or project metadata.",false,false,false,KEEP
results/raw/20260911T175128465640Z__qwen-qwen3-0-6b__full-qnone__ctx512__b1-ga1__rna__s42__01a09198-8ad2-7a31-a618-0cebffcd2689/logs/stdout.log,PUBLIC_CORE,true,"Allowlisted code, configuration, data, raw evidence, generated result, or project metadata.",false,false,false,KEEP
results/raw/20260911T175128465640Z__qwen-qwen3-0-6b__full-qnone__ctx512__b1-ga1__rna__s42__01a09198-8ad2-7a31-a618-0cebffcd2689/manifest.sha256,PUBLIC_CORE,true,"Allowlisted code, configuration, data, raw evidence, generated result, or project metadata.",false,false,false,KEEP
results/raw/20260911T175128465640Z__qwen-qwen3-0-6b__full-qnone__ctx512__b1-ga1__rna__s42__01a09198-8ad2-7a31-a618-0cebffcd2689/result.json,PUBLIC_CORE,true,Scientific record is retained; identifier and device-path fields require separate evidence-preserving privacy remediation before publication.,false,false,true,REWRITE
results/raw/20260911T175128465640Z__qwen-qwen3-0-6b__full-qnone__ctx512__b1-ga1__rna__s42__01a09198-8ad2-7a31-a618-0cebffcd2689/step_timings.jsonl,PUBLIC_CORE,true,"Allowlisted code, configuration, data, raw evidence, generated result, or project metadata.",false,false,false,KEEP
results/raw/20260911T175128465640Z__qwen-qwen3-0-6b__full-qnone__ctx512__b1-ga1__rna__s42__01a09198-8ad2-7a31-a618-0cebffcd2689/system_monitor.jsonl,PUBLIC_CORE,true,"Allowlisted code, configuration, data, raw evidence, generated result, or project metadata.",false,false,false,KEEP
results/raw/20260911T175128465640Z__qwen-qwen3-0-6b__full-qnone__ctx512__b1-ga1__rna__s42__01a09198-8ad2-7a31-a618-0cebffcd2689/training_metrics.json,PUBLIC_CORE,true,"Allowlisted code, configuration, data, raw evidence, generated result, or project metadata.",false,false,false,KEEP
results/raw/20260911T175402744998Z__qwen-qwen3-0-6b__lora-qnone__ctx512__b1-ga1__r8__s123__01a0919a-e57a-76d4-8914-17b78e960632/command.txt,PUBLIC_CORE,true,"Allowlisted code, configuration, data, raw evidence, generated result, or project metadata.",false,false,false,KEEP
results/raw/20260911T175402744998Z__qwen-qwen3-0-6b__lora-qnone__ctx512__b1-ga1__r8__s123__01a0919a-e57a-76d4-8914-17b78e960632/config.yaml,PUBLIC_CORE,true,"Allowlisted code, configuration, data, raw evidence, generated result, or project metadata.",false,false,false,KEEP
results/raw/20260911T175402744998Z__qwen-qwen3-0-6b__lora-qnone__ctx512__b1-ga1__r8__s123__01a0919a-e57a-76d4-8914-17b78e960632/effective_config.json,PUBLIC_CORE,true,"Allowlisted code, configuration, data, raw evidence, generated result, or project metadata.",false,false,false,KEEP
results/raw/20260911T175402744998Z__qwen-qwen3-0-6b__lora-qnone__ctx512__b1-ga1__r8__s123__01a0919a-e57a-76d4-8914-17b78e960632/environment/raw_environment.txt,PUBLIC_CORE,true,Scientific record is retained; identifier and device-path fields require separate evidence-preserving privacy remediation before publication.,false,false,true,REWRITE
results/raw/20260911T175402744998Z__qwen-qwen3-0-6b__lora-qnone__ctx512__b1-ga1__r8__s123__01a0919a-e57a-76d4-8914-17b78e960632/environment/vm_stat_after.txt,PUBLIC_CORE,true,"Allowlisted code, configuration, data, raw evidence, generated result, or project metadata.",false,false,false,KEEP
results/raw/20260911T175402744998Z__qwen-qwen3-0-6b__lora-qnone__ctx512__b1-ga1__r8__s123__01a0919a-e57a-76d4-8914-17b78e960632/environment/vm_stat_before.txt,PUBLIC_CORE,true,"Allowlisted code, configuration, data, raw evidence, generated result, or project metadata.",false,false,false,KEEP
results/raw/20260911T175402744998Z__qwen-qwen3-0-6b__lora-qnone__ctx512__b1-ga1__r8__s123__01a0919a-e57a-76d4-8914-17b78e960632/logs/stderr.log,PUBLIC_CORE,true,"Allowlisted code, configuration, data, raw evidence, generated result, or project metadata.",false,false,false,KEEP
results/raw/20260911T175402744998Z__qwen-qwen3-0-6b__lora-qnone__ctx512__b1-ga1__r8__s123__01a0919a-e57a-76d4-8914-17b78e960632/logs/stdout.log,PUBLIC_CORE,true,"Allowlisted code, configuration, data, raw evidence, generated result, or project metadata.",false,false,false,KEEP
results/raw/20260911T175402744998Z__qwen-qwen3-0-6b__lora-qnone__ctx512__b1-ga1__r8__s123__01a0919a-e57a-76d4-8914-17b78e960632/manifest.sha256,PUBLIC_CORE,true,"Allowlisted code, configuration, data, raw evidence, generated result, or project metadata.",false,false,false,KEEP
results/raw/20260911T175402744998Z__qwen-qwen3-0-6b__lora-qnone__ctx512__b1-ga1__r8__s123__01a0919a-e57a-76d4-8914-17b78e960632/result.json,PUBLIC_CORE,true,Scientific record is retained; identifier and device-path fields require separate evidence-preserving privacy remediation before publication.,false,false,true,REWRITE
results/raw/20260911T175402744998Z__qwen-qwen3-0-6b__lora-qnone__ctx512__b1-ga1__r8__s123__01a0919a-e57a-76d4-8914-17b78e960632/step_timings.jsonl,PUBLIC_CORE,true,"Allowlisted code, configuration, data, raw evidence, generated result, or project metadata.",false,false,false,KEEP
results/raw/20260911T175402744998Z__qwen-qwen3-0-6b__lora-qnone__ctx512__b1-ga1__r8__s123__01a0919a-e57a-76d4-8914-17b78e960632/system_monitor.jsonl,PUBLIC_CORE,true,"Allowlisted code, configuration, data, raw evidence, generated result, or project metadata.",false,false,false,KEEP
results/raw/20260911T175402744998Z__qwen-qwen3-0-6b__lora-qnone__ctx512__b1-ga1__r8__s123__01a0919a-e57a-76d4-8914-17b78e960632/training_metrics.json,PUBLIC_CORE,true,"Allowlisted code, configuration, data, raw evidence, generated result, or project metadata.",false,false,false,KEEP
results/raw/20260911T175538628879Z__qwen-qwen3-0-6b__lora-qnone__ctx512__b1-ga1__r8__s2026__01a0919c-5c05-7e04-8816-e6a306369b0e/command.txt,PUBLIC_CORE,true,"Allowlisted code, configuration, data, raw evidence, generated result, or project metadata.",false,false,false,KEEP
results/raw/20260911T175538628879Z__qwen-qwen3-0-6b__lora-qnone__ctx512__b1-ga1__r8__s2026__01a0919c-5c05-7e04-8816-e6a306369b0e/config.yaml,PUBLIC_CORE,true,"Allowlisted code, configuration, data, raw evidence, generated result, or project metadata.",false,false,false,KEEP
results/raw/20260911T175538628879Z__qwen-qwen3-0-6b__lora-qnone__ctx512__b1-ga1__r8__s2026__01a0919c-5c05-7e04-8816-e6a306369b0e/effective_config.json,PUBLIC_CORE,true,"Allowlisted code, configuration, data, raw evidence, generated result, or project metadata.",false,false,false,KEEP
results/raw/20260911T175538628879Z__qwen-qwen3-0-6b__lora-qnone__ctx512__b1-ga1__r8__s2026__01a0919c-5c05-7e04-8816-e6a306369b0e/environment/raw_environment.txt,PUBLIC_CORE,true,Scientific record is retained; identifier and device-path fields require separate evidence-preserving privacy remediation before publication.,false,false,true,REWRITE
results/raw/20260911T175538628879Z__qwen-qwen3-0-6b__lora-qnone__ctx512__b1-ga1__r8__s2026__01a0919c-5c05-7e04-8816-e6a306369b0e/environment/vm_stat_after.txt,PUBLIC_CORE,true,"Allowlisted code, configuration, data, raw evidence, generated result, or project metadata.",false,false,false,KEEP
results/raw/20260911T175538628879Z__qwen-qwen3-0-6b__lora-qnone__ctx512__b1-ga1__r8__s2026__01a0919c-5c05-7e04-8816-e6a306369b0e/environment/vm_stat_before.txt,PUBLIC_CORE,true,"Allowlisted code, configuration, data, raw evidence, generated result, or project metadata.",false,false,false,KEEP
results/raw/20260911T175538628879Z__qwen-qwen3-0-6b__lora-qnone__ctx512__b1-ga1__r8__s2026__01a0919c-5c05-7e04-8816-e6a306369b0e/logs/stderr.log,PUBLIC_CORE,true,"Allowlisted code, configuration, data, raw evidence, generated result, or project metadata.",false,false,false,KEEP
results/raw/20260911T175538628879Z__qwen-qwen3-0-6b__lora-qnone__ctx512__b1-ga1__r8__s2026__01a0919c-5c05-7e04-8816-e6a306369b0e/logs/stdout.log,PUBLIC_CORE,true,"Allowlisted code, configuration, data, raw evidence, generated result, or project metadata.",false,false,false,KEEP
results/raw/20260911T175538628879Z__qwen-qwen3-0-6b__lora-qnone__ctx512__b1-ga1__r8__s2026__01a0919c-5c05-7e04-8816-e6a306369b0e/manifest.sha256,PUBLIC_CORE,true,"Allowlisted code, configuration, data, raw evidence, generated result, or project metadata.",false,false,false,KEEP
results/raw/20260911T175538628879Z__qwen-qwen3-0-6b__lora-qnone__ctx512__b1-ga1__r8__s2026__01a0919c-5c05-7e04-8816-e6a306369b0e/result.json,PUBLIC_CORE,true,Scientific record is retained; identifier and device-path fields require separate evidence-preserving privacy remediation before publication.,false,false,true,REWRITE
results/raw/20260911T175538628879Z__qwen-qwen3-0-6b__lora-qnone__ctx512__b1-ga1__r8__s2026__01a0919c-5c05-7e04-8816-e6a306369b0e/step_timings.jsonl,PUBLIC_CORE,true,"Allowlisted code, configuration, data, raw evidence, generated result, or project metadata.",false,false,false,KEEP
results/raw/20260911T175538628879Z__qwen-qwen3-0-6b__lora-qnone__ctx512__b1-ga1__r8__s2026__01a0919c-5c05-7e04-8816-e6a306369b0e/system_monitor.jsonl,PUBLIC_CORE,true,"Allowlisted code, configuration, data, raw evidence, generated result, or project metadata.",false,false,false,KEEP
results/raw/20260911T175538628879Z__qwen-qwen3-0-6b__lora-qnone__ctx512__b1-ga1__r8__s2026__01a0919c-5c05-7e04-8816-e6a306369b0e/training_metrics.json,PUBLIC_CORE,true,"Allowlisted code, configuration, data, raw evidence, generated result, or project metadata.",false,false,false,KEEP
results/raw/20260911T175713700410Z__qwen-qwen3-0-6b__lora-qnone__ctx512__b1-ga1__r8__s42__01a0919d-cf64-73a5-bc8b-2add02361d07/command.txt,PUBLIC_CORE,true,"Allowlisted code, configuration, data, raw evidence, generated result, or project metadata.",false,false,false,KEEP
results/raw/20260911T175713700410Z__qwen-qwen3-0-6b__lora-qnone__ctx512__b1-ga1__r8__s42__01a0919d-cf64-73a5-bc8b-2add02361d07/config.yaml,PUBLIC_CORE,true,"Allowlisted code, configuration, data, raw evidence, generated result, or project metadata.",false,false,false,KEEP
results/raw/20260911T175713700410Z__qwen-qwen3-0-6b__lora-qnone__ctx512__b1-ga1__r8__s42__01a0919d-cf64-73a5-bc8b-2add02361d07/effective_config.json,PUBLIC_CORE,true,"Allowlisted code, configuration, data, raw evidence, generated result, or project metadata.",false,false,false,KEEP
results/raw/20260911T175713700410Z__qwen-qwen3-0-6b__lora-qnone__ctx512__b1-ga1__r8__s42__01a0919d-cf64-73a5-bc8b-2add02361d07/environment/raw_environment.txt,PUBLIC_CORE,true,Scientific record is retained; identifier and device-path fields require separate evidence-preserving privacy remediation before publication.,false,false,true,REWRITE
results/raw/20260911T175713700410Z__qwen-qwen3-0-6b__lora-qnone__ctx512__b1-ga1__r8__s42__01a0919d-cf64-73a5-bc8b-2add02361d07/environment/vm_stat_after.txt,PUBLIC_CORE,true,"Allowlisted code, configuration, data, raw evidence, generated result, or project metadata.",false,false,false,KEEP
results/raw/20260911T175713700410Z__qwen-qwen3-0-6b__lora-qnone__ctx512__b1-ga1__r8__s42__01a0919d-cf64-73a5-bc8b-2add02361d07/environment/vm_stat_before.txt,PUBLIC_CORE,true,"Allowlisted code, configuration, data, raw evidence, generated result, or project metadata.",false,false,false,KEEP
results/raw/20260911T175713700410Z__qwen-qwen3-0-6b__lora-qnone__ctx512__b1-ga1__r8__s42__01a0919d-cf64-73a5-bc8b-2add02361d07/logs/stderr.log,PUBLIC_CORE,true,"Allowlisted code, configuration, data, raw evidence, generated result, or project metadata.",false,false,false,KEEP
results/raw/20260911T175713700410Z__qwen-qwen3-0-6b__lora-qnone__ctx512__b1-ga1__r8__s42__01a0919d-cf64-73a5-bc8b-2add02361d07/logs/stdout.log,PUBLIC_CORE,true,"Allowlisted code, configuration, data, raw evidence, generated result, or project metadata.",false,false,false,KEEP
results/raw/20260911T175713700410Z__qwen-qwen3-0-6b__lora-qnone__ctx512__b1-ga1__r8__s42__01a0919d-cf64-73a5-bc8b-2add02361d07/manifest.sha256,PUBLIC_CORE,true,"Allowlisted code, configuration, data, raw evidence, generated result, or project metadata.",false,false,false,KEEP
results/raw/20260911T175713700410Z__qwen-qwen3-0-6b__lora-qnone__ctx512__b1-ga1__r8__s42__01a0919d-cf64-73a5-bc8b-2add02361d07/result.json,PUBLIC_CORE,true,Scientific record is retained; identifier and device-path fields require separate evidence-preserving privacy remediation before publication.,false,false,true,REWRITE
results/raw/20260911T175713700410Z__qwen-qwen3-0-6b__lora-qnone__ctx512__b1-ga1__r8__s42__01a0919d-cf64-73a5-bc8b-2add02361d07/step_timings.jsonl,PUBLIC_CORE,true,"Allowlisted code, configuration, data, raw evidence, generated result, or project metadata.",false,false,false,KEEP
results/raw/20260911T175713700410Z__qwen-qwen3-0-6b__lora-qnone__ctx512__b1-ga1__r8__s42__01a0919d-cf64-73a5-bc8b-2add02361d07/system_monitor.jsonl,PUBLIC_CORE,true,"Allowlisted code, configuration, data, raw evidence, generated result, or project metadata.",false,false,false,KEEP
results/raw/20260911T175713700410Z__qwen-qwen3-0-6b__lora-qnone__ctx512__b1-ga1__r8__s42__01a0919d-cf64-73a5-bc8b-2add02361d07/training_metrics.json,PUBLIC_CORE,true,"Allowlisted code, configuration, data, raw evidence, generated result, or project metadata.",false,false,false,KEEP
results/raw/20260911T175848555242Z__mlx-community-qwen3-1-7b-4bit__qlora-q4__ctx512__b1-ga1__r8__s123__01a0919f-41eb-789b-bb90-24db6dc9ee32/command.txt,PUBLIC_CORE,true,"Allowlisted code, configuration, data, raw evidence, generated result, or project metadata.",false,false,false,KEEP
results/raw/20260911T175848555242Z__mlx-community-qwen3-1-7b-4bit__qlora-q4__ctx512__b1-ga1__r8__s123__01a0919f-41eb-789b-bb90-24db6dc9ee32/config.yaml,PUBLIC_CORE,true,"Allowlisted code, configuration, data, raw evidence, generated result, or project metadata.",false,false,false,KEEP
results/raw/20260911T175848555242Z__mlx-community-qwen3-1-7b-4bit__qlora-q4__ctx512__b1-ga1__r8__s123__01a0919f-41eb-789b-bb90-24db6dc9ee32/effective_config.json,PUBLIC_CORE,true,"Allowlisted code, configuration, data, raw evidence, generated result, or project metadata.",false,false,false,KEEP
results/raw/20260911T175848555242Z__mlx-community-qwen3-1-7b-4bit__qlora-q4__ctx512__b1-ga1__r8__s123__01a0919f-41eb-789b-bb90-24db6dc9ee32/environment/raw_environment.txt,PUBLIC_CORE,true,Scientific record is retained; identifier and device-path fields require separate evidence-preserving privacy remediation before publication.,false,false,true,REWRITE
results/raw/20260911T175848555242Z__mlx-community-qwen3-1-7b-4bit__qlora-q4__ctx512__b1-ga1__r8__s123__01a0919f-41eb-789b-bb90-24db6dc9ee32/environment/vm_stat_after.txt,PUBLIC_CORE,true,"Allowlisted code, configuration, data, raw evidence, generated result, or project metadata.",false,false,false,KEEP
results/raw/20260911T175848555242Z__mlx-community-qwen3-1-7b-4bit__qlora-q4__ctx512__b1-ga1__r8__s123__01a0919f-41eb-789b-bb90-24db6dc9ee32/environment/vm_stat_before.txt,PUBLIC_CORE,true,"Allowlisted code, configuration, data, raw evidence, generated result, or project metadata.",false,false,false,KEEP
results/raw/20260911T175848555242Z__mlx-community-qwen3-1-7b-4bit__qlora-q4__ctx512__b1-ga1__r8__s123__01a0919f-41eb-789b-bb90-24db6dc9ee32/logs/stderr.log,PUBLIC_CORE,true,"Allowlisted code, configuration, data, raw evidence, generated result, or project metadata.",false,false,false,KEEP
results/raw/20260911T175848555242Z__mlx-community-qwen3-1-7b-4bit__qlora-q4__ctx512__b1-ga1__r8__s123__01a0919f-41eb-789b-bb90-24db6dc9ee32/logs/stdout.log,PUBLIC_CORE,true,"Allowlisted code, configuration, data, raw evidence, generated result, or project metadata.",false,false,false,KEEP
results/raw/20260911T175848555242Z__mlx-community-qwen3-1-7b-4bit__qlora-q4__ctx512__b1-ga1__r8__s123__01a0919f-41eb-789b-bb90-24db6dc9ee32/manifest.sha256,PUBLIC_CORE,true,"Allowlisted code, configuration, data, raw evidence, generated result, or project metadata.",false,false,false,KEEP
results/raw/20260911T175848555242Z__mlx-community-qwen3-1-7b-4bit__qlora-q4__ctx512__b1-ga1__r8__s123__01a0919f-41eb-789b-bb90-24db6dc9ee32/result.json,PUBLIC_CORE,true,Scientific record is retained; identifier and device-path fields require separate evidence-preserving privacy remediation before publication.,false,false,true,REWRITE
results/raw/20260911T175848555242Z__mlx-community-qwen3-1-7b-4bit__qlora-q4__ctx512__b1-ga1__r8__s123__01a0919f-41eb-789b-bb90-24db6dc9ee32/step_timings.jsonl,PUBLIC_CORE,true,"Allowlisted code, configuration, data, raw evidence, generated result, or project metadata.",false,false,false,KEEP
results/raw/20260911T175848555242Z__mlx-community-qwen3-1-7b-4bit__qlora-q4__ctx512__b1-ga1__r8__s123__01a0919f-41eb-789b-bb90-24db6dc9ee32/system_monitor.jsonl,PUBLIC_CORE,true,"Allowlisted code, configuration, data, raw evidence, generated result, or project metadata.",false,false,false,KEEP
results/raw/20260911T175848555242Z__mlx-community-qwen3-1-7b-4bit__qlora-q4__ctx512__b1-ga1__r8__s123__01a0919f-41eb-789b-bb90-24db6dc9ee32/training_metrics.json,PUBLIC_CORE,true,"Allowlisted code, configuration, data, raw evidence, generated result, or project metadata.",false,false,false,KEEP
results/raw/20260911T180253848519Z__mlx-community-qwen3-1-7b-4bit__qlora-q4__ctx512__b1-ga1__r8__s2026__01a091a3-0019-7912-8f8f-bd0e081a5ee0/command.txt,PUBLIC_CORE,true,"Allowlisted code, configuration, data, raw evidence, generated result, or project metadata.",false,false,false,KEEP
results/raw/20260911T180253848519Z__mlx-community-qwen3-1-7b-4bit__qlora-q4__ctx512__b1-ga1__r8__s2026__01a091a3-0019-7912-8f8f-bd0e081a5ee0/config.yaml,PUBLIC_CORE,true,"Allowlisted code, configuration, data, raw evidence, generated result, or project metadata.",false,false,false,KEEP
results/raw/20260911T180253848519Z__mlx-community-qwen3-1-7b-4bit__qlora-q4__ctx512__b1-ga1__r8__s2026__01a091a3-0019-7912-8f8f-bd0e081a5ee0/effective_config.json,PUBLIC_CORE,true,"Allowlisted code, configuration, data, raw evidence, generated result, or project metadata.",false,false,false,KEEP
results/raw/20260911T180253848519Z__mlx-community-qwen3-1-7b-4bit__qlora-q4__ctx512__b1-ga1__r8__s2026__01a091a3-0019-7912-8f8f-bd0e081a5ee0/environment/raw_environment.txt,PUBLIC_CORE,true,Scientific record is retained; identifier and device-path fields require separate evidence-preserving privacy remediation before publication.,false,false,true,REWRITE
results/raw/20260911T180253848519Z__mlx-community-qwen3-1-7b-4bit__qlora-q4__ctx512__b1-ga1__r8__s2026__01a091a3-0019-7912-8f8f-bd0e081a5ee0/environment/vm_stat_after.txt,PUBLIC_CORE,true,"Allowlisted code, configuration, data, raw evidence, generated result, or project metadata.",false,false,false,KEEP
results/raw/20260911T180253848519Z__mlx-community-qwen3-1-7b-4bit__qlora-q4__ctx512__b1-ga1__r8__s2026__01a091a3-0019-7912-8f8f-bd0e081a5ee0/environment/vm_stat_before.txt,PUBLIC_CORE,true,"Allowlisted code, configuration, data, raw evidence, generated result, or project metadata.",false,false,false,KEEP
results/raw/20260911T180253848519Z__mlx-community-qwen3-1-7b-4bit__qlora-q4__ctx512__b1-ga1__r8__s2026__01a091a3-0019-7912-8f8f-bd0e081a5ee0/logs/stderr.log,PUBLIC_CORE,true,"Allowlisted code, configuration, data, raw evidence, generated result, or project metadata.",false,false,false,KEEP
results/raw/20260911T180253848519Z__mlx-community-qwen3-1-7b-4bit__qlora-q4__ctx512__b1-ga1__r8__s2026__01a091a3-0019-7912-8f8f-bd0e081a5ee0/logs/stdout.log,PUBLIC_CORE,true,"Allowlisted code, configuration, data, raw evidence, generated result, or project metadata.",false,false,false,KEEP
results/raw/20260911T180253848519Z__mlx-community-qwen3-1-7b-4bit__qlora-q4__ctx512__b1-ga1__r8__s2026__01a091a3-0019-7912-8f8f-bd0e081a5ee0/manifest.sha256,PUBLIC_CORE,true,"Allowlisted code, configuration, data, raw evidence, generated result, or project metadata.",false,false,false,KEEP
results/raw/20260911T180253848519Z__mlx-community-qwen3-1-7b-4bit__qlora-q4__ctx512__b1-ga1__r8__s2026__01a091a3-0019-7912-8f8f-bd0e081a5ee0/result.json,PUBLIC_CORE,true,Scientific record is retained; identifier and device-path fields require separate evidence-preserving privacy remediation before publication.,false,false,true,REWRITE
results/raw/20260911T180253848519Z__mlx-community-qwen3-1-7b-4bit__qlora-q4__ctx512__b1-ga1__r8__s2026__01a091a3-0019-7912-8f8f-bd0e081a5ee0/step_timings.jsonl,PUBLIC_CORE,true,"Allowlisted code, configuration, data, raw evidence, generated result, or project metadata.",false,false,false,KEEP
results/raw/20260911T180253848519Z__mlx-community-qwen3-1-7b-4bit__qlora-q4__ctx512__b1-ga1__r8__s2026__01a091a3-0019-7912-8f8f-bd0e081a5ee0/system_monitor.jsonl,PUBLIC_CORE,true,"Allowlisted code, configuration, data, raw evidence, generated result, or project metadata.",false,false,false,KEEP
results/raw/20260911T180253848519Z__mlx-community-qwen3-1-7b-4bit__qlora-q4__ctx512__b1-ga1__r8__s2026__01a091a3-0019-7912-8f8f-bd0e081a5ee0/training_metrics.json,PUBLIC_CORE,true,"Allowlisted code, configuration, data, raw evidence, generated result, or project metadata.",false,false,false,KEEP
results/raw/20260911T180656788047Z__mlx-community-qwen3-1-7b-4bit__qlora-q4__ctx512__b1-ga1__r8__s42__01a091a6-b514-7ed5-ae8c-ed1581c445db/command.txt,PUBLIC_CORE,true,"Allowlisted code, configuration, data, raw evidence, generated result, or project metadata.",false,false,false,KEEP
results/raw/20260911T180656788047Z__mlx-community-qwen3-1-7b-4bit__qlora-q4__ctx512__b1-ga1__r8__s42__01a091a6-b514-7ed5-ae8c-ed1581c445db/config.yaml,PUBLIC_CORE,true,"Allowlisted code, configuration, data, raw evidence, generated result, or project metadata.",false,false,false,KEEP
results/raw/20260911T180656788047Z__mlx-community-qwen3-1-7b-4bit__qlora-q4__ctx512__b1-ga1__r8__s42__01a091a6-b514-7ed5-ae8c-ed1581c445db/effective_config.json,PUBLIC_CORE,true,"Allowlisted code, configuration, data, raw evidence, generated result, or project metadata.",false,false,false,KEEP
results/raw/20260911T180656788047Z__mlx-community-qwen3-1-7b-4bit__qlora-q4__ctx512__b1-ga1__r8__s42__01a091a6-b514-7ed5-ae8c-ed1581c445db/environment/raw_environment.txt,PUBLIC_CORE,true,Scientific record is retained; identifier and device-path fields require separate evidence-preserving privacy remediation before publication.,false,false,true,REWRITE
results/raw/20260911T180656788047Z__mlx-community-qwen3-1-7b-4bit__qlora-q4__ctx512__b1-ga1__r8__s42__01a091a6-b514-7ed5-ae8c-ed1581c445db/environment/vm_stat_after.txt,PUBLIC_CORE,true,"Allowlisted code, configuration, data, raw evidence, generated result, or project metadata.",false,false,false,KEEP
results/raw/20260911T180656788047Z__mlx-community-qwen3-1-7b-4bit__qlora-q4__ctx512__b1-ga1__r8__s42__01a091a6-b514-7ed5-ae8c-ed1581c445db/environment/vm_stat_before.txt,PUBLIC_CORE,true,"Allowlisted code, configuration, data, raw evidence, generated result, or project metadata.",false,false,false,KEEP
results/raw/20260911T180656788047Z__mlx-community-qwen3-1-7b-4bit__qlora-q4__ctx512__b1-ga1__r8__s42__01a091a6-b514-7ed5-ae8c-ed1581c445db/logs/stderr.log,PUBLIC_CORE,true,"Allowlisted code, configuration, data, raw evidence, generated result, or project metadata.",false,false,false,KEEP
results/raw/20260911T180656788047Z__mlx-community-qwen3-1-7b-4bit__qlora-q4__ctx512__b1-ga1__r8__s42__01a091a6-b514-7ed5-ae8c-ed1581c445db/logs/stdout.log,PUBLIC_CORE,true,"Allowlisted code, configuration, data, raw evidence, generated result, or project metadata.",false,false,false,KEEP
results/raw/20260911T180656788047Z__mlx-community-qwen3-1-7b-4bit__qlora-q4__ctx512__b1-ga1__r8__s42__01a091a6-b514-7ed5-ae8c-ed1581c445db/manifest.sha256,PUBLIC_CORE,true,"Allowlisted code, configuration, data, raw evidence, generated result, or project metadata.",false,false,false,KEEP
results/raw/20260911T180656788047Z__mlx-community-qwen3-1-7b-4bit__qlora-q4__ctx512__b1-ga1__r8__s42__01a091a6-b514-7ed5-ae8c-ed1581c445db/result.json,PUBLIC_CORE,true,Scientific record is retained; identifier and device-path fields require separate evidence-preserving privacy remediation before publication.,false,false,true,REWRITE
results/raw/20260911T180656788047Z__mlx-community-qwen3-1-7b-4bit__qlora-q4__ctx512__b1-ga1__r8__s42__01a091a6-b514-7ed5-ae8c-ed1581c445db/step_timings.jsonl,PUBLIC_CORE,true,"Allowlisted code, configuration, data, raw evidence, generated result, or project metadata.",false,false,false,KEEP
results/raw/20260911T180656788047Z__mlx-community-qwen3-1-7b-4bit__qlora-q4__ctx512__b1-ga1__r8__s42__01a091a6-b514-7ed5-ae8c-ed1581c445db/system_monitor.jsonl,PUBLIC_CORE,true,"Allowlisted code, configuration, data, raw evidence, generated result, or project metadata.",false,false,false,KEEP
results/raw/20260911T180656788047Z__mlx-community-qwen3-1-7b-4bit__qlora-q4__ctx512__b1-ga1__r8__s42__01a091a6-b514-7ed5-ae8c-ed1581c445db/training_metrics.json,PUBLIC_CORE,true,"Allowlisted code, configuration, data, raw evidence, generated result, or project metadata.",false,false,false,KEEP
results/raw/20260911T181056825253Z__qwen-qwen3-1-7b__lora-qnone__ctx512__b1-ga1__r8__s123__01a091aa-5eb9-7495-8274-d66b5c95af43/command.txt,PUBLIC_CORE,true,"Allowlisted code, configuration, data, raw evidence, generated result, or project metadata.",false,false,false,KEEP
results/raw/20260911T181056825253Z__qwen-qwen3-1-7b__lora-qnone__ctx512__b1-ga1__r8__s123__01a091aa-5eb9-7495-8274-d66b5c95af43/config.yaml,PUBLIC_CORE,true,"Allowlisted code, configuration, data, raw evidence, generated result, or project metadata.",false,false,false,KEEP
results/raw/20260911T181056825253Z__qwen-qwen3-1-7b__lora-qnone__ctx512__b1-ga1__r8__s123__01a091aa-5eb9-7495-8274-d66b5c95af43/effective_config.json,PUBLIC_CORE,true,"Allowlisted code, configuration, data, raw evidence, generated result, or project metadata.",false,false,false,KEEP
results/raw/20260911T181056825253Z__qwen-qwen3-1-7b__lora-qnone__ctx512__b1-ga1__r8__s123__01a091aa-5eb9-7495-8274-d66b5c95af43/environment/raw_environment.txt,PUBLIC_CORE,true,Scientific record is retained; identifier and device-path fields require separate evidence-preserving privacy remediation before publication.,false,false,true,REWRITE
results/raw/20260911T181056825253Z__qwen-qwen3-1-7b__lora-qnone__ctx512__b1-ga1__r8__s123__01a091aa-5eb9-7495-8274-d66b5c95af43/environment/vm_stat_after.txt,PUBLIC_CORE,true,"Allowlisted code, configuration, data, raw evidence, generated result, or project metadata.",false,false,false,KEEP
results/raw/20260911T181056825253Z__qwen-qwen3-1-7b__lora-qnone__ctx512__b1-ga1__r8__s123__01a091aa-5eb9-7495-8274-d66b5c95af43/environment/vm_stat_before.txt,PUBLIC_CORE,true,"Allowlisted code, configuration, data, raw evidence, generated result, or project metadata.",false,false,false,KEEP
results/raw/20260911T181056825253Z__qwen-qwen3-1-7b__lora-qnone__ctx512__b1-ga1__r8__s123__01a091aa-5eb9-7495-8274-d66b5c95af43/logs/stderr.log,PUBLIC_CORE,true,"Allowlisted code, configuration, data, raw evidence, generated result, or project metadata.",false,false,false,KEEP
results/raw/20260911T181056825253Z__qwen-qwen3-1-7b__lora-qnone__ctx512__b1-ga1__r8__s123__01a091aa-5eb9-7495-8274-d66b5c95af43/logs/stdout.log,PUBLIC_CORE,true,"Allowlisted code, configuration, data, raw evidence, generated result, or project metadata.",false,false,false,KEEP
results/raw/20260911T181056825253Z__qwen-qwen3-1-7b__lora-qnone__ctx512__b1-ga1__r8__s123__01a091aa-5eb9-7495-8274-d66b5c95af43/manifest.sha256,PUBLIC_CORE,true,"Allowlisted code, configuration, data, raw evidence, generated result, or project metadata.",false,false,false,KEEP
results/raw/20260911T181056825253Z__qwen-qwen3-1-7b__lora-qnone__ctx512__b1-ga1__r8__s123__01a091aa-5eb9-7495-8274-d66b5c95af43/result.json,PUBLIC_CORE,true,Scientific record is retained; identifier and device-path fields require separate evidence-preserving privacy remediation before publication.,false,false,true,REWRITE
results/raw/20260911T181056825253Z__qwen-qwen3-1-7b__lora-qnone__ctx512__b1-ga1__r8__s123__01a091aa-5eb9-7495-8274-d66b5c95af43/step_timings.jsonl,PUBLIC_CORE,true,"Allowlisted code, configuration, data, raw evidence, generated result, or project metadata.",false,false,false,KEEP
results/raw/20260911T181056825253Z__qwen-qwen3-1-7b__lora-qnone__ctx512__b1-ga1__r8__s123__01a091aa-5eb9-7495-8274-d66b5c95af43/system_monitor.jsonl,PUBLIC_CORE,true,"Allowlisted code, configuration, data, raw evidence, generated result, or project metadata.",false,false,false,KEEP
results/raw/20260911T181056825253Z__qwen-qwen3-1-7b__lora-qnone__ctx512__b1-ga1__r8__s123__01a091aa-5eb9-7495-8274-d66b5c95af43/training_metrics.json,PUBLIC_CORE,true,"Allowlisted code, configuration, data, raw evidence, generated result, or project metadata.",false,false,false,KEEP
results/raw/20260911T181441578192Z__qwen-qwen3-1-7b__lora-qnone__ctx512__b1-ga1__r8__s2026__01a091ad-ccaa-738f-a5cd-23181c5aaf2d/command.txt,PUBLIC_CORE,true,"Allowlisted code, configuration, data, raw evidence, generated result, or project metadata.",false,false,false,KEEP
results/raw/20260911T181441578192Z__qwen-qwen3-1-7b__lora-qnone__ctx512__b1-ga1__r8__s2026__01a091ad-ccaa-738f-a5cd-23181c5aaf2d/config.yaml,PUBLIC_CORE,true,"Allowlisted code, configuration, data, raw evidence, generated result, or project metadata.",false,false,false,KEEP
results/raw/20260911T181441578192Z__qwen-qwen3-1-7b__lora-qnone__ctx512__b1-ga1__r8__s2026__01a091ad-ccaa-738f-a5cd-23181c5aaf2d/effective_config.json,PUBLIC_CORE,true,"Allowlisted code, configuration, data, raw evidence, generated result, or project metadata.",false,false,false,KEEP
results/raw/20260911T181441578192Z__qwen-qwen3-1-7b__lora-qnone__ctx512__b1-ga1__r8__s2026__01a091ad-ccaa-738f-a5cd-23181c5aaf2d/environment/raw_environment.txt,PUBLIC_CORE,true,Scientific record is retained; identifier and device-path fields require separate evidence-preserving privacy remediation before publication.,false,false,true,REWRITE
results/raw/20260911T181441578192Z__qwen-qwen3-1-7b__lora-qnone__ctx512__b1-ga1__r8__s2026__01a091ad-ccaa-738f-a5cd-23181c5aaf2d/environment/vm_stat_after.txt,PUBLIC_CORE,true,"Allowlisted code, configuration, data, raw evidence, generated result, or project metadata.",false,false,false,KEEP
results/raw/20260911T181441578192Z__qwen-qwen3-1-7b__lora-qnone__ctx512__b1-ga1__r8__s2026__01a091ad-ccaa-738f-a5cd-23181c5aaf2d/environment/vm_stat_before.txt,PUBLIC_CORE,true,"Allowlisted code, configuration, data, raw evidence, generated result, or project metadata.",false,false,false,KEEP
results/raw/20260911T181441578192Z__qwen-qwen3-1-7b__lora-qnone__ctx512__b1-ga1__r8__s2026__01a091ad-ccaa-738f-a5cd-23181c5aaf2d/logs/stderr.log,PUBLIC_CORE,true,"Allowlisted code, configuration, data, raw evidence, generated result, or project metadata.",false,false,false,KEEP
results/raw/20260911T181441578192Z__qwen-qwen3-1-7b__lora-qnone__ctx512__b1-ga1__r8__s2026__01a091ad-ccaa-738f-a5cd-23181c5aaf2d/logs/stdout.log,PUBLIC_CORE,true,"Allowlisted code, configuration, data, raw evidence, generated result, or project metadata.",false,false,false,KEEP
results/raw/20260911T181441578192Z__qwen-qwen3-1-7b__lora-qnone__ctx512__b1-ga1__r8__s2026__01a091ad-ccaa-738f-a5cd-23181c5aaf2d/manifest.sha256,PUBLIC_CORE,true,"Allowlisted code, configuration, data, raw evidence, generated result, or project metadata.",false,false,false,KEEP
results/raw/20260911T181441578192Z__qwen-qwen3-1-7b__lora-qnone__ctx512__b1-ga1__r8__s2026__01a091ad-ccaa-738f-a5cd-23181c5aaf2d/result.json,PUBLIC_CORE,true,Scientific record is retained; identifier and device-path fields require separate evidence-preserving privacy remediation before publication.,false,false,true,REWRITE
results/raw/20260911T181441578192Z__qwen-qwen3-1-7b__lora-qnone__ctx512__b1-ga1__r8__s2026__01a091ad-ccaa-738f-a5cd-23181c5aaf2d/step_timings.jsonl,PUBLIC_CORE,true,"Allowlisted code, configuration, data, raw evidence, generated result, or project metadata.",false,false,false,KEEP
results/raw/20260911T181441578192Z__qwen-qwen3-1-7b__lora-qnone__ctx512__b1-ga1__r8__s2026__01a091ad-ccaa-738f-a5cd-23181c5aaf2d/system_monitor.jsonl,PUBLIC_CORE,true,"Allowlisted code, configuration, data, raw evidence, generated result, or project metadata.",false,false,false,KEEP
results/raw/20260911T181441578192Z__qwen-qwen3-1-7b__lora-qnone__ctx512__b1-ga1__r8__s2026__01a091ad-ccaa-738f-a5cd-23181c5aaf2d/training_metrics.json,PUBLIC_CORE,true,"Allowlisted code, configuration, data, raw evidence, generated result, or project metadata.",false,false,false,KEEP
results/raw/20260911T181826006931Z__qwen-qwen3-1-7b__lora-qnone__ctx512__b1-ga1__r8__s42__01a091b1-3957-71f6-ab9b-33d47af0d11c/command.txt,PUBLIC_CORE,true,"Allowlisted code, configuration, data, raw evidence, generated result, or project metadata.",false,false,false,KEEP
results/raw/20260911T181826006931Z__qwen-qwen3-1-7b__lora-qnone__ctx512__b1-ga1__r8__s42__01a091b1-3957-71f6-ab9b-33d47af0d11c/config.yaml,PUBLIC_CORE,true,"Allowlisted code, configuration, data, raw evidence, generated result, or project metadata.",false,false,false,KEEP
results/raw/20260911T181826006931Z__qwen-qwen3-1-7b__lora-qnone__ctx512__b1-ga1__r8__s42__01a091b1-3957-71f6-ab9b-33d47af0d11c/effective_config.json,PUBLIC_CORE,true,"Allowlisted code, configuration, data, raw evidence, generated result, or project metadata.",false,false,false,KEEP
results/raw/20260911T181826006931Z__qwen-qwen3-1-7b__lora-qnone__ctx512__b1-ga1__r8__s42__01a091b1-3957-71f6-ab9b-33d47af0d11c/environment/raw_environment.txt,PUBLIC_CORE,true,Scientific record is retained; identifier and device-path fields require separate evidence-preserving privacy remediation before publication.,false,false,true,REWRITE
results/raw/20260911T181826006931Z__qwen-qwen3-1-7b__lora-qnone__ctx512__b1-ga1__r8__s42__01a091b1-3957-71f6-ab9b-33d47af0d11c/environment/vm_stat_after.txt,PUBLIC_CORE,true,"Allowlisted code, configuration, data, raw evidence, generated result, or project metadata.",false,false,false,KEEP
results/raw/20260911T181826006931Z__qwen-qwen3-1-7b__lora-qnone__ctx512__b1-ga1__r8__s42__01a091b1-3957-71f6-ab9b-33d47af0d11c/environment/vm_stat_before.txt,PUBLIC_CORE,true,"Allowlisted code, configuration, data, raw evidence, generated result, or project metadata.",false,false,false,KEEP
results/raw/20260911T181826006931Z__qwen-qwen3-1-7b__lora-qnone__ctx512__b1-ga1__r8__s42__01a091b1-3957-71f6-ab9b-33d47af0d11c/logs/stderr.log,PUBLIC_CORE,true,"Allowlisted code, configuration, data, raw evidence, generated result, or project metadata.",false,false,false,KEEP
results/raw/20260911T181826006931Z__qwen-qwen3-1-7b__lora-qnone__ctx512__b1-ga1__r8__s42__01a091b1-3957-71f6-ab9b-33d47af0d11c/logs/stdout.log,PUBLIC_CORE,true,"Allowlisted code, configuration, data, raw evidence, generated result, or project metadata.",false,false,false,KEEP
results/raw/20260911T181826006931Z__qwen-qwen3-1-7b__lora-qnone__ctx512__b1-ga1__r8__s42__01a091b1-3957-71f6-ab9b-33d47af0d11c/manifest.sha256,PUBLIC_CORE,true,"Allowlisted code, configuration, data, raw evidence, generated result, or project metadata.",false,false,false,KEEP
results/raw/20260911T181826006931Z__qwen-qwen3-1-7b__lora-qnone__ctx512__b1-ga1__r8__s42__01a091b1-3957-71f6-ab9b-33d47af0d11c/result.json,PUBLIC_CORE,true,Scientific record is retained; identifier and device-path fields require separate evidence-preserving privacy remediation before publication.,false,false,true,REWRITE
results/raw/20260911T181826006931Z__qwen-qwen3-1-7b__lora-qnone__ctx512__b1-ga1__r8__s42__01a091b1-3957-71f6-ab9b-33d47af0d11c/step_timings.jsonl,PUBLIC_CORE,true,"Allowlisted code, configuration, data, raw evidence, generated result, or project metadata.",false,false,false,KEEP
results/raw/20260911T181826006931Z__qwen-qwen3-1-7b__lora-qnone__ctx512__b1-ga1__r8__s42__01a091b1-3957-71f6-ab9b-33d47af0d11c/system_monitor.jsonl,PUBLIC_CORE,true,"Allowlisted code, configuration, data, raw evidence, generated result, or project metadata.",false,false,false,KEEP
results/raw/20260911T181826006931Z__qwen-qwen3-1-7b__lora-qnone__ctx512__b1-ga1__r8__s42__01a091b1-3957-71f6-ab9b-33d47af0d11c/training_metrics.json,PUBLIC_CORE,true,"Allowlisted code, configuration, data, raw evidence, generated result, or project metadata.",false,false,false,KEEP
results/raw/20260911T182218892057Z__mlx-community-qwen3-14b-4bit__qlora-q4__ctx512__b1-ga1__r8__s123__01a091b4-c70c-70ea-bbb3-ffead92bbfd9/command.txt,PUBLIC_CORE,true,"Allowlisted code, configuration, data, raw evidence, generated result, or project metadata.",false,false,false,KEEP
results/raw/20260911T182218892057Z__mlx-community-qwen3-14b-4bit__qlora-q4__ctx512__b1-ga1__r8__s123__01a091b4-c70c-70ea-bbb3-ffead92bbfd9/config.yaml,PUBLIC_CORE,true,"Allowlisted code, configuration, data, raw evidence, generated result, or project metadata.",false,false,false,KEEP
results/raw/20260911T182218892057Z__mlx-community-qwen3-14b-4bit__qlora-q4__ctx512__b1-ga1__r8__s123__01a091b4-c70c-70ea-bbb3-ffead92bbfd9/effective_config.json,PUBLIC_CORE,true,"Allowlisted code, configuration, data, raw evidence, generated result, or project metadata.",false,false,false,KEEP
results/raw/20260911T182218892057Z__mlx-community-qwen3-14b-4bit__qlora-q4__ctx512__b1-ga1__r8__s123__01a091b4-c70c-70ea-bbb3-ffead92bbfd9/environment/raw_environment.txt,PUBLIC_CORE,true,Scientific record is retained; identifier and device-path fields require separate evidence-preserving privacy remediation before publication.,false,false,true,REWRITE
results/raw/20260911T182218892057Z__mlx-community-qwen3-14b-4bit__qlora-q4__ctx512__b1-ga1__r8__s123__01a091b4-c70c-70ea-bbb3-ffead92bbfd9/environment/vm_stat_after.txt,PUBLIC_CORE,true,"Allowlisted code, configuration, data, raw evidence, generated result, or project metadata.",false,false,false,KEEP
results/raw/20260911T182218892057Z__mlx-community-qwen3-14b-4bit__qlora-q4__ctx512__b1-ga1__r8__s123__01a091b4-c70c-70ea-bbb3-ffead92bbfd9/environment/vm_stat_before.txt,PUBLIC_CORE,true,"Allowlisted code, configuration, data, raw evidence, generated result, or project metadata.",false,false,false,KEEP
results/raw/20260911T182218892057Z__mlx-community-qwen3-14b-4bit__qlora-q4__ctx512__b1-ga1__r8__s123__01a091b4-c70c-70ea-bbb3-ffead92bbfd9/logs/stderr.log,PUBLIC_CORE,true,"Allowlisted code, configuration, data, raw evidence, generated result, or project metadata.",false,false,false,KEEP
results/raw/20260911T182218892057Z__mlx-community-qwen3-14b-4bit__qlora-q4__ctx512__b1-ga1__r8__s123__01a091b4-c70c-70ea-bbb3-ffead92bbfd9/logs/stdout.log,PUBLIC_CORE,true,"Allowlisted code, configuration, data, raw evidence, generated result, or project metadata.",false,false,false,KEEP
results/raw/20260911T182218892057Z__mlx-community-qwen3-14b-4bit__qlora-q4__ctx512__b1-ga1__r8__s123__01a091b4-c70c-70ea-bbb3-ffead92bbfd9/manifest.sha256,PUBLIC_CORE,true,"Allowlisted code, configuration, data, raw evidence, generated result, or project metadata.",false,false,false,KEEP
results/raw/20260911T182218892057Z__mlx-community-qwen3-14b-4bit__qlora-q4__ctx512__b1-ga1__r8__s123__01a091b4-c70c-70ea-bbb3-ffead92bbfd9/result.json,PUBLIC_CORE,true,Scientific record is retained; identifier and device-path fields require separate evidence-preserving privacy remediation before publication.,false,false,true,REWRITE
results/raw/20260911T182218892057Z__mlx-community-qwen3-14b-4bit__qlora-q4__ctx512__b1-ga1__r8__s123__01a091b4-c70c-70ea-bbb3-ffead92bbfd9/system_monitor.jsonl,PUBLIC_CORE,true,"Allowlisted code, configuration, data, raw evidence, generated result, or project metadata.",false,false,false,KEEP
results/raw/20260911T185709437448Z__mlx-community-qwen3-4b-4bit__qlora-q4__ctx512__b1-ga1__r4__s42__01a091d4-ad3d-7cd4-b0fa-ab39a44822bc/command.txt,PUBLIC_CORE,true,"Allowlisted code, configuration, data, raw evidence, generated result, or project metadata.",false,false,false,KEEP
results/raw/20260911T185709437448Z__mlx-community-qwen3-4b-4bit__qlora-q4__ctx512__b1-ga1__r4__s42__01a091d4-ad3d-7cd4-b0fa-ab39a44822bc/config.yaml,PUBLIC_CORE,true,"Allowlisted code, configuration, data, raw evidence, generated result, or project metadata.",false,false,false,KEEP
results/raw/20260911T185709437448Z__mlx-community-qwen3-4b-4bit__qlora-q4__ctx512__b1-ga1__r4__s42__01a091d4-ad3d-7cd4-b0fa-ab39a44822bc/effective_config.json,PUBLIC_CORE,true,"Allowlisted code, configuration, data, raw evidence, generated result, or project metadata.",false,false,false,KEEP
results/raw/20260911T185709437448Z__mlx-community-qwen3-4b-4bit__qlora-q4__ctx512__b1-ga1__r4__s42__01a091d4-ad3d-7cd4-b0fa-ab39a44822bc/environment/raw_environment.txt,PUBLIC_CORE,true,Scientific record is retained; identifier and device-path fields require separate evidence-preserving privacy remediation before publication.,false,false,true,REWRITE
results/raw/20260911T185709437448Z__mlx-community-qwen3-4b-4bit__qlora-q4__ctx512__b1-ga1__r4__s42__01a091d4-ad3d-7cd4-b0fa-ab39a44822bc/environment/vm_stat_after.txt,PUBLIC_CORE,true,"Allowlisted code, configuration, data, raw evidence, generated result, or project metadata.",false,false,false,KEEP
results/raw/20260911T185709437448Z__mlx-community-qwen3-4b-4bit__qlora-q4__ctx512__b1-ga1__r4__s42__01a091d4-ad3d-7cd4-b0fa-ab39a44822bc/environment/vm_stat_before.txt,PUBLIC_CORE,true,"Allowlisted code, configuration, data, raw evidence, generated result, or project metadata.",false,false,false,KEEP
results/raw/20260911T185709437448Z__mlx-community-qwen3-4b-4bit__qlora-q4__ctx512__b1-ga1__r4__s42__01a091d4-ad3d-7cd4-b0fa-ab39a44822bc/logs/stderr.log,PUBLIC_CORE,true,"Allowlisted code, configuration, data, raw evidence, generated result, or project metadata.",false,false,false,KEEP
results/raw/20260911T185709437448Z__mlx-community-qwen3-4b-4bit__qlora-q4__ctx512__b1-ga1__r4__s42__01a091d4-ad3d-7cd4-b0fa-ab39a44822bc/logs/stdout.log,PUBLIC_CORE,true,"Allowlisted code, configuration, data, raw evidence, generated result, or project metadata.",false,false,false,KEEP
results/raw/20260911T185709437448Z__mlx-community-qwen3-4b-4bit__qlora-q4__ctx512__b1-ga1__r4__s42__01a091d4-ad3d-7cd4-b0fa-ab39a44822bc/manifest.sha256,PUBLIC_CORE,true,"Allowlisted code, configuration, data, raw evidence, generated result, or project metadata.",false,false,false,KEEP
results/raw/20260911T185709437448Z__mlx-community-qwen3-4b-4bit__qlora-q4__ctx512__b1-ga1__r4__s42__01a091d4-ad3d-7cd4-b0fa-ab39a44822bc/result.json,PUBLIC_CORE,true,Scientific record is retained; identifier and device-path fields require separate evidence-preserving privacy remediation before publication.,false,false,true,REWRITE
results/raw/20260911T185709437448Z__mlx-community-qwen3-4b-4bit__qlora-q4__ctx512__b1-ga1__r4__s42__01a091d4-ad3d-7cd4-b0fa-ab39a44822bc/step_timings.jsonl,PUBLIC_CORE,true,"Allowlisted code, configuration, data, raw evidence, generated result, or project metadata.",false,false,false,KEEP
results/raw/20260911T185709437448Z__mlx-community-qwen3-4b-4bit__qlora-q4__ctx512__b1-ga1__r4__s42__01a091d4-ad3d-7cd4-b0fa-ab39a44822bc/system_monitor.jsonl,PUBLIC_CORE,true,"Allowlisted code, configuration, data, raw evidence, generated result, or project metadata.",false,false,false,KEEP
results/raw/20260911T185709437448Z__mlx-community-qwen3-4b-4bit__qlora-q4__ctx512__b1-ga1__r4__s42__01a091d4-ad3d-7cd4-b0fa-ab39a44822bc/training_metrics.json,PUBLIC_CORE,true,"Allowlisted code, configuration, data, raw evidence, generated result, or project metadata.",false,false,false,KEEP
results/raw/20260911T190157931498Z__mlx-community-qwen3-4b-4bit__qlora-q4__ctx512__b1-ga1__r4__s123__01a091d9-142b-7ad4-8c1e-537e7c4f0dc3/command.txt,PUBLIC_CORE,true,"Allowlisted code, configuration, data, raw evidence, generated result, or project metadata.",false,false,false,KEEP
results/raw/20260911T190157931498Z__mlx-community-qwen3-4b-4bit__qlora-q4__ctx512__b1-ga1__r4__s123__01a091d9-142b-7ad4-8c1e-537e7c4f0dc3/config.yaml,PUBLIC_CORE,true,"Allowlisted code, configuration, data, raw evidence, generated result, or project metadata.",false,false,false,KEEP
results/raw/20260911T190157931498Z__mlx-community-qwen3-4b-4bit__qlora-q4__ctx512__b1-ga1__r4__s123__01a091d9-142b-7ad4-8c1e-537e7c4f0dc3/effective_config.json,PUBLIC_CORE,true,"Allowlisted code, configuration, data, raw evidence, generated result, or project metadata.",false,false,false,KEEP
results/raw/20260911T190157931498Z__mlx-community-qwen3-4b-4bit__qlora-q4__ctx512__b1-ga1__r4__s123__01a091d9-142b-7ad4-8c1e-537e7c4f0dc3/environment/raw_environment.txt,PUBLIC_CORE,true,Scientific record is retained; identifier and device-path fields require separate evidence-preserving privacy remediation before publication.,false,false,true,REWRITE
results/raw/20260911T190157931498Z__mlx-community-qwen3-4b-4bit__qlora-q4__ctx512__b1-ga1__r4__s123__01a091d9-142b-7ad4-8c1e-537e7c4f0dc3/environment/vm_stat_after.txt,PUBLIC_CORE,true,"Allowlisted code, configuration, data, raw evidence, generated result, or project metadata.",false,false,false,KEEP
results/raw/20260911T190157931498Z__mlx-community-qwen3-4b-4bit__qlora-q4__ctx512__b1-ga1__r4__s123__01a091d9-142b-7ad4-8c1e-537e7c4f0dc3/environment/vm_stat_before.txt,PUBLIC_CORE,true,"Allowlisted code, configuration, data, raw evidence, generated result, or project metadata.",false,false,false,KEEP
results/raw/20260911T190157931498Z__mlx-community-qwen3-4b-4bit__qlora-q4__ctx512__b1-ga1__r4__s123__01a091d9-142b-7ad4-8c1e-537e7c4f0dc3/logs/stderr.log,PUBLIC_CORE,true,"Allowlisted code, configuration, data, raw evidence, generated result, or project metadata.",false,false,false,KEEP
results/raw/20260911T190157931498Z__mlx-community-qwen3-4b-4bit__qlora-q4__ctx512__b1-ga1__r4__s123__01a091d9-142b-7ad4-8c1e-537e7c4f0dc3/logs/stdout.log,PUBLIC_CORE,true,"Allowlisted code, configuration, data, raw evidence, generated result, or project metadata.",false,false,false,KEEP
results/raw/20260911T190157931498Z__mlx-community-qwen3-4b-4bit__qlora-q4__ctx512__b1-ga1__r4__s123__01a091d9-142b-7ad4-8c1e-537e7c4f0dc3/manifest.sha256,PUBLIC_CORE,true,"Allowlisted code, configuration, data, raw evidence, generated result, or project metadata.",false,false,false,KEEP
results/raw/20260911T190157931498Z__mlx-community-qwen3-4b-4bit__qlora-q4__ctx512__b1-ga1__r4__s123__01a091d9-142b-7ad4-8c1e-537e7c4f0dc3/result.json,PUBLIC_CORE,true,Scientific record is retained; identifier and device-path fields require separate evidence-preserving privacy remediation before publication.,false,false,true,REWRITE
results/raw/20260911T190157931498Z__mlx-community-qwen3-4b-4bit__qlora-q4__ctx512__b1-ga1__r4__s123__01a091d9-142b-7ad4-8c1e-537e7c4f0dc3/step_timings.jsonl,PUBLIC_CORE,true,"Allowlisted code, configuration, data, raw evidence, generated result, or project metadata.",false,false,false,KEEP
results/raw/20260911T190157931498Z__mlx-community-qwen3-4b-4bit__qlora-q4__ctx512__b1-ga1__r4__s123__01a091d9-142b-7ad4-8c1e-537e7c4f0dc3/system_monitor.jsonl,PUBLIC_CORE,true,"Allowlisted code, configuration, data, raw evidence, generated result, or project metadata.",false,false,false,KEEP
results/raw/20260911T190157931498Z__mlx-community-qwen3-4b-4bit__qlora-q4__ctx512__b1-ga1__r4__s123__01a091d9-142b-7ad4-8c1e-537e7c4f0dc3/training_metrics.json,PUBLIC_CORE,true,"Allowlisted code, configuration, data, raw evidence, generated result, or project metadata.",false,false,false,KEEP
results/raw/20260911T190553096465Z__mlx-community-qwen3-4b-4bit__qlora-q4__ctx512__b1-ga1__r4__s2026__01a091dc-aac8-7e24-b09b-9f415576628c/command.txt,PUBLIC_CORE,true,"Allowlisted code, configuration, data, raw evidence, generated result, or project metadata.",false,false,false,KEEP
results/raw/20260911T190553096465Z__mlx-community-qwen3-4b-4bit__qlora-q4__ctx512__b1-ga1__r4__s2026__01a091dc-aac8-7e24-b09b-9f415576628c/config.yaml,PUBLIC_CORE,true,"Allowlisted code, configuration, data, raw evidence, generated result, or project metadata.",false,false,false,KEEP
results/raw/20260911T190553096465Z__mlx-community-qwen3-4b-4bit__qlora-q4__ctx512__b1-ga1__r4__s2026__01a091dc-aac8-7e24-b09b-9f415576628c/effective_config.json,PUBLIC_CORE,true,"Allowlisted code, configuration, data, raw evidence, generated result, or project metadata.",false,false,false,KEEP
results/raw/20260911T190553096465Z__mlx-community-qwen3-4b-4bit__qlora-q4__ctx512__b1-ga1__r4__s2026__01a091dc-aac8-7e24-b09b-9f415576628c/environment/raw_environment.txt,PUBLIC_CORE,true,Scientific record is retained; identifier and device-path fields require separate evidence-preserving privacy remediation before publication.,false,false,true,REWRITE
results/raw/20260911T190553096465Z__mlx-community-qwen3-4b-4bit__qlora-q4__ctx512__b1-ga1__r4__s2026__01a091dc-aac8-7e24-b09b-9f415576628c/environment/vm_stat_after.txt,PUBLIC_CORE,true,"Allowlisted code, configuration, data, raw evidence, generated result, or project metadata.",false,false,false,KEEP
results/raw/20260911T190553096465Z__mlx-community-qwen3-4b-4bit__qlora-q4__ctx512__b1-ga1__r4__s2026__01a091dc-aac8-7e24-b09b-9f415576628c/environment/vm_stat_before.txt,PUBLIC_CORE,true,"Allowlisted code, configuration, data, raw evidence, generated result, or project metadata.",false,false,false,KEEP
results/raw/20260911T190553096465Z__mlx-community-qwen3-4b-4bit__qlora-q4__ctx512__b1-ga1__r4__s2026__01a091dc-aac8-7e24-b09b-9f415576628c/logs/stderr.log,PUBLIC_CORE,true,"Allowlisted code, configuration, data, raw evidence, generated result, or project metadata.",false,false,false,KEEP
results/raw/20260911T190553096465Z__mlx-community-qwen3-4b-4bit__qlora-q4__ctx512__b1-ga1__r4__s2026__01a091dc-aac8-7e24-b09b-9f415576628c/logs/stdout.log,PUBLIC_CORE,true,"Allowlisted code, configuration, data, raw evidence, generated result, or project metadata.",false,false,false,KEEP
results/raw/20260911T190553096465Z__mlx-community-qwen3-4b-4bit__qlora-q4__ctx512__b1-ga1__r4__s2026__01a091dc-aac8-7e24-b09b-9f415576628c/manifest.sha256,PUBLIC_CORE,true,"Allowlisted code, configuration, data, raw evidence, generated result, or project metadata.",false,false,false,KEEP
results/raw/20260911T190553096465Z__mlx-community-qwen3-4b-4bit__qlora-q4__ctx512__b1-ga1__r4__s2026__01a091dc-aac8-7e24-b09b-9f415576628c/result.json,PUBLIC_CORE,true,Scientific record is retained; identifier and device-path fields require separate evidence-preserving privacy remediation before publication.,false,false,true,REWRITE
results/raw/20260911T190553096465Z__mlx-community-qwen3-4b-4bit__qlora-q4__ctx512__b1-ga1__r4__s2026__01a091dc-aac8-7e24-b09b-9f415576628c/system_monitor.jsonl,PUBLIC_CORE,true,"Allowlisted code, configuration, data, raw evidence, generated result, or project metadata.",false,false,false,KEEP
results/raw/20260911T190640114112Z__qwen-qwen3-0-6b__full-qnone__ctx512__b1-ga1__rna__s42__01a091dd-6272-739a-8f67-866c40dee85c/command.txt,PUBLIC_CORE,true,"Allowlisted code, configuration, data, raw evidence, generated result, or project metadata.",false,false,false,KEEP
results/raw/20260911T190640114112Z__qwen-qwen3-0-6b__full-qnone__ctx512__b1-ga1__rna__s42__01a091dd-6272-739a-8f67-866c40dee85c/config.yaml,PUBLIC_CORE,true,"Allowlisted code, configuration, data, raw evidence, generated result, or project metadata.",false,false,false,KEEP
results/raw/20260911T190640114112Z__qwen-qwen3-0-6b__full-qnone__ctx512__b1-ga1__rna__s42__01a091dd-6272-739a-8f67-866c40dee85c/effective_config.json,PUBLIC_CORE,true,"Allowlisted code, configuration, data, raw evidence, generated result, or project metadata.",false,false,false,KEEP
results/raw/20260911T190640114112Z__qwen-qwen3-0-6b__full-qnone__ctx512__b1-ga1__rna__s42__01a091dd-6272-739a-8f67-866c40dee85c/environment/raw_environment.txt,PUBLIC_CORE,true,Scientific record is retained; identifier and device-path fields require separate evidence-preserving privacy remediation before publication.,false,false,true,REWRITE
results/raw/20260911T190640114112Z__qwen-qwen3-0-6b__full-qnone__ctx512__b1-ga1__rna__s42__01a091dd-6272-739a-8f67-866c40dee85c/environment/vm_stat_after.txt,PUBLIC_CORE,true,"Allowlisted code, configuration, data, raw evidence, generated result, or project metadata.",false,false,false,KEEP
results/raw/20260911T190640114112Z__qwen-qwen3-0-6b__full-qnone__ctx512__b1-ga1__rna__s42__01a091dd-6272-739a-8f67-866c40dee85c/environment/vm_stat_before.txt,PUBLIC_CORE,true,"Allowlisted code, configuration, data, raw evidence, generated result, or project metadata.",false,false,false,KEEP
results/raw/20260911T190640114112Z__qwen-qwen3-0-6b__full-qnone__ctx512__b1-ga1__rna__s42__01a091dd-6272-739a-8f67-866c40dee85c/logs/stderr.log,PUBLIC_CORE,true,"Allowlisted code, configuration, data, raw evidence, generated result, or project metadata.",false,false,false,KEEP
results/raw/20260911T190640114112Z__qwen-qwen3-0-6b__full-qnone__ctx512__b1-ga1__rna__s42__01a091dd-6272-739a-8f67-866c40dee85c/logs/stdout.log,PUBLIC_CORE,true,"Allowlisted code, configuration, data, raw evidence, generated result, or project metadata.",false,false,false,KEEP
results/raw/20260911T190640114112Z__qwen-qwen3-0-6b__full-qnone__ctx512__b1-ga1__rna__s42__01a091dd-6272-739a-8f67-866c40dee85c/manifest.sha256,PUBLIC_CORE,true,"Allowlisted code, configuration, data, raw evidence, generated result, or project metadata.",false,false,false,KEEP
results/raw/20260911T190640114112Z__qwen-qwen3-0-6b__full-qnone__ctx512__b1-ga1__rna__s42__01a091dd-6272-739a-8f67-866c40dee85c/result.json,PUBLIC_CORE,true,Scientific record is retained; identifier and device-path fields require separate evidence-preserving privacy remediation before publication.,false,false,true,REWRITE
results/raw/20260911T190640114112Z__qwen-qwen3-0-6b__full-qnone__ctx512__b1-ga1__rna__s42__01a091dd-6272-739a-8f67-866c40dee85c/step_timings.jsonl,PUBLIC_CORE,true,"Allowlisted code, configuration, data, raw evidence, generated result, or project metadata.",false,false,false,KEEP
results/raw/20260911T190640114112Z__qwen-qwen3-0-6b__full-qnone__ctx512__b1-ga1__rna__s42__01a091dd-6272-739a-8f67-866c40dee85c/system_monitor.jsonl,PUBLIC_CORE,true,"Allowlisted code, configuration, data, raw evidence, generated result, or project metadata.",false,false,false,KEEP
results/raw/20260911T190640114112Z__qwen-qwen3-0-6b__full-qnone__ctx512__b1-ga1__rna__s42__01a091dd-6272-739a-8f67-866c40dee85c/training_metrics.json,PUBLIC_CORE,true,"Allowlisted code, configuration, data, raw evidence, generated result, or project metadata.",false,false,false,KEEP
results/raw/20260911T191010372777Z__qwen-qwen3-0-6b__full-qnone__ctx512__b1-ga1__rna__s123__01a091e0-97c4-7ba1-b597-4c60eb93b5da/command.txt,PUBLIC_CORE,true,"Allowlisted code, configuration, data, raw evidence, generated result, or project metadata.",false,false,false,KEEP
results/raw/20260911T191010372777Z__qwen-qwen3-0-6b__full-qnone__ctx512__b1-ga1__rna__s123__01a091e0-97c4-7ba1-b597-4c60eb93b5da/config.yaml,PUBLIC_CORE,true,"Allowlisted code, configuration, data, raw evidence, generated result, or project metadata.",false,false,false,KEEP
results/raw/20260911T191010372777Z__qwen-qwen3-0-6b__full-qnone__ctx512__b1-ga1__rna__s123__01a091e0-97c4-7ba1-b597-4c60eb93b5da/effective_config.json,PUBLIC_CORE,true,"Allowlisted code, configuration, data, raw evidence, generated result, or project metadata.",false,false,false,KEEP
results/raw/20260911T191010372777Z__qwen-qwen3-0-6b__full-qnone__ctx512__b1-ga1__rna__s123__01a091e0-97c4-7ba1-b597-4c60eb93b5da/environment/raw_environment.txt,PUBLIC_CORE,true,Scientific record is retained; identifier and device-path fields require separate evidence-preserving privacy remediation before publication.,false,false,true,REWRITE
results/raw/20260911T191010372777Z__qwen-qwen3-0-6b__full-qnone__ctx512__b1-ga1__rna__s123__01a091e0-97c4-7ba1-b597-4c60eb93b5da/environment/vm_stat_after.txt,PUBLIC_CORE,true,"Allowlisted code, configuration, data, raw evidence, generated result, or project metadata.",false,false,false,KEEP
results/raw/20260911T191010372777Z__qwen-qwen3-0-6b__full-qnone__ctx512__b1-ga1__rna__s123__01a091e0-97c4-7ba1-b597-4c60eb93b5da/environment/vm_stat_before.txt,PUBLIC_CORE,true,"Allowlisted code, configuration, data, raw evidence, generated result, or project metadata.",false,false,false,KEEP
results/raw/20260911T191010372777Z__qwen-qwen3-0-6b__full-qnone__ctx512__b1-ga1__rna__s123__01a091e0-97c4-7ba1-b597-4c60eb93b5da/logs/stderr.log,PUBLIC_CORE,true,"Allowlisted code, configuration, data, raw evidence, generated result, or project metadata.",false,false,false,KEEP
results/raw/20260911T191010372777Z__qwen-qwen3-0-6b__full-qnone__ctx512__b1-ga1__rna__s123__01a091e0-97c4-7ba1-b597-4c60eb93b5da/logs/stdout.log,PUBLIC_CORE,true,"Allowlisted code, configuration, data, raw evidence, generated result, or project metadata.",false,false,false,KEEP
results/raw/20260911T191010372777Z__qwen-qwen3-0-6b__full-qnone__ctx512__b1-ga1__rna__s123__01a091e0-97c4-7ba1-b597-4c60eb93b5da/manifest.sha256,PUBLIC_CORE,true,"Allowlisted code, configuration, data, raw evidence, generated result, or project metadata.",false,false,false,KEEP
results/raw/20260911T191010372777Z__qwen-qwen3-0-6b__full-qnone__ctx512__b1-ga1__rna__s123__01a091e0-97c4-7ba1-b597-4c60eb93b5da/result.json,PUBLIC_CORE,true,Scientific record is retained; identifier and device-path fields require separate evidence-preserving privacy remediation before publication.,false,false,true,REWRITE
results/raw/20260911T191010372777Z__qwen-qwen3-0-6b__full-qnone__ctx512__b1-ga1__rna__s123__01a091e0-97c4-7ba1-b597-4c60eb93b5da/step_timings.jsonl,PUBLIC_CORE,true,"Allowlisted code, configuration, data, raw evidence, generated result, or project metadata.",false,false,false,KEEP
results/raw/20260911T191010372777Z__qwen-qwen3-0-6b__full-qnone__ctx512__b1-ga1__rna__s123__01a091e0-97c4-7ba1-b597-4c60eb93b5da/system_monitor.jsonl,PUBLIC_CORE,true,"Allowlisted code, configuration, data, raw evidence, generated result, or project metadata.",false,false,false,KEEP
results/raw/20260911T191010372777Z__qwen-qwen3-0-6b__full-qnone__ctx512__b1-ga1__rna__s123__01a091e0-97c4-7ba1-b597-4c60eb93b5da/training_metrics.json,PUBLIC_CORE,true,"Allowlisted code, configuration, data, raw evidence, generated result, or project metadata.",false,false,false,KEEP
results/raw/20260911T191312326772Z__qwen-qwen3-0-6b__full-qnone__ctx512__b1-ga1__rna__s2026__01a091e3-5e87-729c-bf2f-7f576b9a45fe/command.txt,PUBLIC_CORE,true,"Allowlisted code, configuration, data, raw evidence, generated result, or project metadata.",false,false,false,KEEP
results/raw/20260911T191312326772Z__qwen-qwen3-0-6b__full-qnone__ctx512__b1-ga1__rna__s2026__01a091e3-5e87-729c-bf2f-7f576b9a45fe/config.yaml,PUBLIC_CORE,true,"Allowlisted code, configuration, data, raw evidence, generated result, or project metadata.",false,false,false,KEEP
results/raw/20260911T191312326772Z__qwen-qwen3-0-6b__full-qnone__ctx512__b1-ga1__rna__s2026__01a091e3-5e87-729c-bf2f-7f576b9a45fe/effective_config.json,PUBLIC_CORE,true,"Allowlisted code, configuration, data, raw evidence, generated result, or project metadata.",false,false,false,KEEP
results/raw/20260911T191312326772Z__qwen-qwen3-0-6b__full-qnone__ctx512__b1-ga1__rna__s2026__01a091e3-5e87-729c-bf2f-7f576b9a45fe/environment/raw_environment.txt,PUBLIC_CORE,true,Scientific record is retained; identifier and device-path fields require separate evidence-preserving privacy remediation before publication.,false,false,true,REWRITE
results/raw/20260911T191312326772Z__qwen-qwen3-0-6b__full-qnone__ctx512__b1-ga1__rna__s2026__01a091e3-5e87-729c-bf2f-7f576b9a45fe/environment/vm_stat_after.txt,PUBLIC_CORE,true,"Allowlisted code, configuration, data, raw evidence, generated result, or project metadata.",false,false,false,KEEP
results/raw/20260911T191312326772Z__qwen-qwen3-0-6b__full-qnone__ctx512__b1-ga1__rna__s2026__01a091e3-5e87-729c-bf2f-7f576b9a45fe/environment/vm_stat_before.txt,PUBLIC_CORE,true,"Allowlisted code, configuration, data, raw evidence, generated result, or project metadata.",false,false,false,KEEP
results/raw/20260911T191312326772Z__qwen-qwen3-0-6b__full-qnone__ctx512__b1-ga1__rna__s2026__01a091e3-5e87-729c-bf2f-7f576b9a45fe/logs/stderr.log,PUBLIC_CORE,true,"Allowlisted code, configuration, data, raw evidence, generated result, or project metadata.",false,false,false,KEEP
results/raw/20260911T191312326772Z__qwen-qwen3-0-6b__full-qnone__ctx512__b1-ga1__rna__s2026__01a091e3-5e87-729c-bf2f-7f576b9a45fe/logs/stdout.log,PUBLIC_CORE,true,"Allowlisted code, configuration, data, raw evidence, generated result, or project metadata.",false,false,false,KEEP
results/raw/20260911T191312326772Z__qwen-qwen3-0-6b__full-qnone__ctx512__b1-ga1__rna__s2026__01a091e3-5e87-729c-bf2f-7f576b9a45fe/manifest.sha256,PUBLIC_CORE,true,"Allowlisted code, configuration, data, raw evidence, generated result, or project metadata.",false,false,false,KEEP
results/raw/20260911T191312326772Z__qwen-qwen3-0-6b__full-qnone__ctx512__b1-ga1__rna__s2026__01a091e3-5e87-729c-bf2f-7f576b9a45fe/result.json,PUBLIC_CORE,true,Scientific record is retained; identifier and device-path fields require separate evidence-preserving privacy remediation before publication.,false,false,true,REWRITE
results/raw/20260911T191312326772Z__qwen-qwen3-0-6b__full-qnone__ctx512__b1-ga1__rna__s2026__01a091e3-5e87-729c-bf2f-7f576b9a45fe/step_timings.jsonl,PUBLIC_CORE,true,"Allowlisted code, configuration, data, raw evidence, generated result, or project metadata.",false,false,false,KEEP
results/raw/20260911T191312326772Z__qwen-qwen3-0-6b__full-qnone__ctx512__b1-ga1__rna__s2026__01a091e3-5e87-729c-bf2f-7f576b9a45fe/system_monitor.jsonl,PUBLIC_CORE,true,"Allowlisted code, configuration, data, raw evidence, generated result, or project metadata.",false,false,false,KEEP
results/raw/20260911T191312326772Z__qwen-qwen3-0-6b__full-qnone__ctx512__b1-ga1__rna__s2026__01a091e3-5e87-729c-bf2f-7f576b9a45fe/training_metrics.json,PUBLIC_CORE,true,"Allowlisted code, configuration, data, raw evidence, generated result, or project metadata.",false,false,false,KEEP
results/raw/20260911T191618034713Z__qwen-qwen3-0-6b__lora-qnone__ctx512__b1-ga1__r8__s42__01a091e6-33f2-75a6-ad51-1f8974b65e97/command.txt,PUBLIC_CORE,true,"Allowlisted code, configuration, data, raw evidence, generated result, or project metadata.",false,false,false,KEEP
results/raw/20260911T191618034713Z__qwen-qwen3-0-6b__lora-qnone__ctx512__b1-ga1__r8__s42__01a091e6-33f2-75a6-ad51-1f8974b65e97/config.yaml,PUBLIC_CORE,true,"Allowlisted code, configuration, data, raw evidence, generated result, or project metadata.",false,false,false,KEEP
results/raw/20260911T191618034713Z__qwen-qwen3-0-6b__lora-qnone__ctx512__b1-ga1__r8__s42__01a091e6-33f2-75a6-ad51-1f8974b65e97/effective_config.json,PUBLIC_CORE,true,"Allowlisted code, configuration, data, raw evidence, generated result, or project metadata.",false,false,false,KEEP
results/raw/20260911T191618034713Z__qwen-qwen3-0-6b__lora-qnone__ctx512__b1-ga1__r8__s42__01a091e6-33f2-75a6-ad51-1f8974b65e97/environment/raw_environment.txt,PUBLIC_CORE,true,Scientific record is retained; identifier and device-path fields require separate evidence-preserving privacy remediation before publication.,false,false,true,REWRITE
results/raw/20260911T191618034713Z__qwen-qwen3-0-6b__lora-qnone__ctx512__b1-ga1__r8__s42__01a091e6-33f2-75a6-ad51-1f8974b65e97/environment/vm_stat_after.txt,PUBLIC_CORE,true,"Allowlisted code, configuration, data, raw evidence, generated result, or project metadata.",false,false,false,KEEP
results/raw/20260911T191618034713Z__qwen-qwen3-0-6b__lora-qnone__ctx512__b1-ga1__r8__s42__01a091e6-33f2-75a6-ad51-1f8974b65e97/environment/vm_stat_before.txt,PUBLIC_CORE,true,"Allowlisted code, configuration, data, raw evidence, generated result, or project metadata.",false,false,false,KEEP
results/raw/20260911T191618034713Z__qwen-qwen3-0-6b__lora-qnone__ctx512__b1-ga1__r8__s42__01a091e6-33f2-75a6-ad51-1f8974b65e97/logs/stderr.log,PUBLIC_CORE,true,"Allowlisted code, configuration, data, raw evidence, generated result, or project metadata.",false,false,false,KEEP
results/raw/20260911T191618034713Z__qwen-qwen3-0-6b__lora-qnone__ctx512__b1-ga1__r8__s42__01a091e6-33f2-75a6-ad51-1f8974b65e97/logs/stdout.log,PUBLIC_CORE,true,"Allowlisted code, configuration, data, raw evidence, generated result, or project metadata.",false,false,false,KEEP
results/raw/20260911T191618034713Z__qwen-qwen3-0-6b__lora-qnone__ctx512__b1-ga1__r8__s42__01a091e6-33f2-75a6-ad51-1f8974b65e97/manifest.sha256,PUBLIC_CORE,true,"Allowlisted code, configuration, data, raw evidence, generated result, or project metadata.",false,false,false,KEEP
results/raw/20260911T191618034713Z__qwen-qwen3-0-6b__lora-qnone__ctx512__b1-ga1__r8__s42__01a091e6-33f2-75a6-ad51-1f8974b65e97/result.json,PUBLIC_CORE,true,Scientific record is retained; identifier and device-path fields require separate evidence-preserving privacy remediation before publication.,false,false,true,REWRITE
results/raw/20260911T191618034713Z__qwen-qwen3-0-6b__lora-qnone__ctx512__b1-ga1__r8__s42__01a091e6-33f2-75a6-ad51-1f8974b65e97/system_monitor.jsonl,PUBLIC_CORE,true,"Allowlisted code, configuration, data, raw evidence, generated result, or project metadata.",false,false,false,KEEP
results/raw/20260911T191829636336Z__qwen-qwen3-0-6b__full-qnone__ctx512__b1-ga1__rna__s42__01a091e8-3604-758f-b852-beb59029cb9b/command.txt,PUBLIC_CORE,true,"Allowlisted code, configuration, data, raw evidence, generated result, or project metadata.",false,false,false,KEEP
results/raw/20260911T191829636336Z__qwen-qwen3-0-6b__full-qnone__ctx512__b1-ga1__rna__s42__01a091e8-3604-758f-b852-beb59029cb9b/config.yaml,PUBLIC_CORE,true,"Allowlisted code, configuration, data, raw evidence, generated result, or project metadata.",false,false,false,KEEP
results/raw/20260911T191829636336Z__qwen-qwen3-0-6b__full-qnone__ctx512__b1-ga1__rna__s42__01a091e8-3604-758f-b852-beb59029cb9b/effective_config.json,PUBLIC_CORE,true,"Allowlisted code, configuration, data, raw evidence, generated result, or project metadata.",false,false,false,KEEP
results/raw/20260911T191829636336Z__qwen-qwen3-0-6b__full-qnone__ctx512__b1-ga1__rna__s42__01a091e8-3604-758f-b852-beb59029cb9b/environment/raw_environment.txt,PUBLIC_CORE,true,Scientific record is retained; identifier and device-path fields require separate evidence-preserving privacy remediation before publication.,false,false,true,REWRITE
results/raw/20260911T191829636336Z__qwen-qwen3-0-6b__full-qnone__ctx512__b1-ga1__rna__s42__01a091e8-3604-758f-b852-beb59029cb9b/environment/vm_stat_after.txt,PUBLIC_CORE,true,"Allowlisted code, configuration, data, raw evidence, generated result, or project metadata.",false,false,false,KEEP
results/raw/20260911T191829636336Z__qwen-qwen3-0-6b__full-qnone__ctx512__b1-ga1__rna__s42__01a091e8-3604-758f-b852-beb59029cb9b/environment/vm_stat_before.txt,PUBLIC_CORE,true,"Allowlisted code, configuration, data, raw evidence, generated result, or project metadata.",false,false,false,KEEP
results/raw/20260911T191829636336Z__qwen-qwen3-0-6b__full-qnone__ctx512__b1-ga1__rna__s42__01a091e8-3604-758f-b852-beb59029cb9b/logs/stderr.log,PUBLIC_CORE,true,"Allowlisted code, configuration, data, raw evidence, generated result, or project metadata.",false,false,false,KEEP
results/raw/20260911T191829636336Z__qwen-qwen3-0-6b__full-qnone__ctx512__b1-ga1__rna__s42__01a091e8-3604-758f-b852-beb59029cb9b/logs/stdout.log,PUBLIC_CORE,true,"Allowlisted code, configuration, data, raw evidence, generated result, or project metadata.",false,false,false,KEEP
results/raw/20260911T191829636336Z__qwen-qwen3-0-6b__full-qnone__ctx512__b1-ga1__rna__s42__01a091e8-3604-758f-b852-beb59029cb9b/manifest.sha256,PUBLIC_CORE,true,"Allowlisted code, configuration, data, raw evidence, generated result, or project metadata.",false,false,false,KEEP
results/raw/20260911T191829636336Z__qwen-qwen3-0-6b__full-qnone__ctx512__b1-ga1__rna__s42__01a091e8-3604-758f-b852-beb59029cb9b/result.json,PUBLIC_CORE,true,Scientific record is retained; identifier and device-path fields require separate evidence-preserving privacy remediation before publication.,false,false,true,REWRITE
results/raw/20260911T191829636336Z__qwen-qwen3-0-6b__full-qnone__ctx512__b1-ga1__rna__s42__01a091e8-3604-758f-b852-beb59029cb9b/step_timings.jsonl,PUBLIC_CORE,true,"Allowlisted code, configuration, data, raw evidence, generated result, or project metadata.",false,false,false,KEEP
results/raw/20260911T191829636336Z__qwen-qwen3-0-6b__full-qnone__ctx512__b1-ga1__rna__s42__01a091e8-3604-758f-b852-beb59029cb9b/system_monitor.jsonl,PUBLIC_CORE,true,"Allowlisted code, configuration, data, raw evidence, generated result, or project metadata.",false,false,false,KEEP
results/raw/20260911T191829636336Z__qwen-qwen3-0-6b__full-qnone__ctx512__b1-ga1__rna__s42__01a091e8-3604-758f-b852-beb59029cb9b/training_metrics.json,PUBLIC_CORE,true,"Allowlisted code, configuration, data, raw evidence, generated result, or project metadata.",false,false,false,KEEP
results/raw/20260911T192133823714Z__qwen-qwen3-0-6b__full-qnone__ctx512__b1-ga1__rna__s123__01a091eb-057f-7cfc-9064-6b21d84cee80/command.txt,PUBLIC_CORE,true,"Allowlisted code, configuration, data, raw evidence, generated result, or project metadata.",false,false,false,KEEP
results/raw/20260911T192133823714Z__qwen-qwen3-0-6b__full-qnone__ctx512__b1-ga1__rna__s123__01a091eb-057f-7cfc-9064-6b21d84cee80/config.yaml,PUBLIC_CORE,true,"Allowlisted code, configuration, data, raw evidence, generated result, or project metadata.",false,false,false,KEEP
results/raw/20260911T192133823714Z__qwen-qwen3-0-6b__full-qnone__ctx512__b1-ga1__rna__s123__01a091eb-057f-7cfc-9064-6b21d84cee80/effective_config.json,PUBLIC_CORE,true,"Allowlisted code, configuration, data, raw evidence, generated result, or project metadata.",false,false,false,KEEP
results/raw/20260911T192133823714Z__qwen-qwen3-0-6b__full-qnone__ctx512__b1-ga1__rna__s123__01a091eb-057f-7cfc-9064-6b21d84cee80/environment/raw_environment.txt,PUBLIC_CORE,true,Scientific record is retained; identifier and device-path fields require separate evidence-preserving privacy remediation before publication.,false,false,true,REWRITE
results/raw/20260911T192133823714Z__qwen-qwen3-0-6b__full-qnone__ctx512__b1-ga1__rna__s123__01a091eb-057f-7cfc-9064-6b21d84cee80/environment/vm_stat_after.txt,PUBLIC_CORE,true,"Allowlisted code, configuration, data, raw evidence, generated result, or project metadata.",false,false,false,KEEP
results/raw/20260911T192133823714Z__qwen-qwen3-0-6b__full-qnone__ctx512__b1-ga1__rna__s123__01a091eb-057f-7cfc-9064-6b21d84cee80/environment/vm_stat_before.txt,PUBLIC_CORE,true,"Allowlisted code, configuration, data, raw evidence, generated result, or project metadata.",false,false,false,KEEP
results/raw/20260911T192133823714Z__qwen-qwen3-0-6b__full-qnone__ctx512__b1-ga1__rna__s123__01a091eb-057f-7cfc-9064-6b21d84cee80/logs/stderr.log,PUBLIC_CORE,true,"Allowlisted code, configuration, data, raw evidence, generated result, or project metadata.",false,false,false,KEEP
results/raw/20260911T192133823714Z__qwen-qwen3-0-6b__full-qnone__ctx512__b1-ga1__rna__s123__01a091eb-057f-7cfc-9064-6b21d84cee80/logs/stdout.log,PUBLIC_CORE,true,"Allowlisted code, configuration, data, raw evidence, generated result, or project metadata.",false,false,false,KEEP
results/raw/20260911T192133823714Z__qwen-qwen3-0-6b__full-qnone__ctx512__b1-ga1__rna__s123__01a091eb-057f-7cfc-9064-6b21d84cee80/manifest.sha256,PUBLIC_CORE,true,"Allowlisted code, configuration, data, raw evidence, generated result, or project metadata.",false,false,false,KEEP
results/raw/20260911T192133823714Z__qwen-qwen3-0-6b__full-qnone__ctx512__b1-ga1__rna__s123__01a091eb-057f-7cfc-9064-6b21d84cee80/result.json,PUBLIC_CORE,true,Scientific record is retained; identifier and device-path fields require separate evidence-preserving privacy remediation before publication.,false,false,true,REWRITE
results/raw/20260911T192133823714Z__qwen-qwen3-0-6b__full-qnone__ctx512__b1-ga1__rna__s123__01a091eb-057f-7cfc-9064-6b21d84cee80/step_timings.jsonl,PUBLIC_CORE,true,"Allowlisted code, configuration, data, raw evidence, generated result, or project metadata.",false,false,false,KEEP
results/raw/20260911T192133823714Z__qwen-qwen3-0-6b__full-qnone__ctx512__b1-ga1__rna__s123__01a091eb-057f-7cfc-9064-6b21d84cee80/system_monitor.jsonl,PUBLIC_CORE,true,"Allowlisted code, configuration, data, raw evidence, generated result, or project metadata.",false,false,false,KEEP
results/raw/20260911T192133823714Z__qwen-qwen3-0-6b__full-qnone__ctx512__b1-ga1__rna__s123__01a091eb-057f-7cfc-9064-6b21d84cee80/training_metrics.json,PUBLIC_CORE,true,"Allowlisted code, configuration, data, raw evidence, generated result, or project metadata.",false,false,false,KEEP
results/raw/20260911T192439786665Z__qwen-qwen3-0-6b__full-qnone__ctx512__b1-ga1__rna__s2026__01a091ed-dbea-7759-a587-acd031129ba5/command.txt,PUBLIC_CORE,true,"Allowlisted code, configuration, data, raw evidence, generated result, or project metadata.",false,false,false,KEEP
results/raw/20260911T192439786665Z__qwen-qwen3-0-6b__full-qnone__ctx512__b1-ga1__rna__s2026__01a091ed-dbea-7759-a587-acd031129ba5/config.yaml,PUBLIC_CORE,true,"Allowlisted code, configuration, data, raw evidence, generated result, or project metadata.",false,false,false,KEEP
results/raw/20260911T192439786665Z__qwen-qwen3-0-6b__full-qnone__ctx512__b1-ga1__rna__s2026__01a091ed-dbea-7759-a587-acd031129ba5/effective_config.json,PUBLIC_CORE,true,"Allowlisted code, configuration, data, raw evidence, generated result, or project metadata.",false,false,false,KEEP
results/raw/20260911T192439786665Z__qwen-qwen3-0-6b__full-qnone__ctx512__b1-ga1__rna__s2026__01a091ed-dbea-7759-a587-acd031129ba5/environment/raw_environment.txt,PUBLIC_CORE,true,Scientific record is retained; identifier and device-path fields require separate evidence-preserving privacy remediation before publication.,false,false,true,REWRITE
results/raw/20260911T192439786665Z__qwen-qwen3-0-6b__full-qnone__ctx512__b1-ga1__rna__s2026__01a091ed-dbea-7759-a587-acd031129ba5/environment/vm_stat_after.txt,PUBLIC_CORE,true,"Allowlisted code, configuration, data, raw evidence, generated result, or project metadata.",false,false,false,KEEP
results/raw/20260911T192439786665Z__qwen-qwen3-0-6b__full-qnone__ctx512__b1-ga1__rna__s2026__01a091ed-dbea-7759-a587-acd031129ba5/environment/vm_stat_before.txt,PUBLIC_CORE,true,"Allowlisted code, configuration, data, raw evidence, generated result, or project metadata.",false,false,false,KEEP
results/raw/20260911T192439786665Z__qwen-qwen3-0-6b__full-qnone__ctx512__b1-ga1__rna__s2026__01a091ed-dbea-7759-a587-acd031129ba5/logs/stderr.log,PUBLIC_CORE,true,"Allowlisted code, configuration, data, raw evidence, generated result, or project metadata.",false,false,false,KEEP
results/raw/20260911T192439786665Z__qwen-qwen3-0-6b__full-qnone__ctx512__b1-ga1__rna__s2026__01a091ed-dbea-7759-a587-acd031129ba5/logs/stdout.log,PUBLIC_CORE,true,"Allowlisted code, configuration, data, raw evidence, generated result, or project metadata.",false,false,false,KEEP
results/raw/20260911T192439786665Z__qwen-qwen3-0-6b__full-qnone__ctx512__b1-ga1__rna__s2026__01a091ed-dbea-7759-a587-acd031129ba5/manifest.sha256,PUBLIC_CORE,true,"Allowlisted code, configuration, data, raw evidence, generated result, or project metadata.",false,false,false,KEEP
results/raw/20260911T192439786665Z__qwen-qwen3-0-6b__full-qnone__ctx512__b1-ga1__rna__s2026__01a091ed-dbea-7759-a587-acd031129ba5/result.json,PUBLIC_CORE,true,Scientific record is retained; identifier and device-path fields require separate evidence-preserving privacy remediation before publication.,false,false,true,REWRITE
results/raw/20260911T192439786665Z__qwen-qwen3-0-6b__full-qnone__ctx512__b1-ga1__rna__s2026__01a091ed-dbea-7759-a587-acd031129ba5/step_timings.jsonl,PUBLIC_CORE,true,"Allowlisted code, configuration, data, raw evidence, generated result, or project metadata.",false,false,false,KEEP
results/raw/20260911T192439786665Z__qwen-qwen3-0-6b__full-qnone__ctx512__b1-ga1__rna__s2026__01a091ed-dbea-7759-a587-acd031129ba5/system_monitor.jsonl,PUBLIC_CORE,true,"Allowlisted code, configuration, data, raw evidence, generated result, or project metadata.",false,false,false,KEEP
results/raw/20260911T192439786665Z__qwen-qwen3-0-6b__full-qnone__ctx512__b1-ga1__rna__s2026__01a091ed-dbea-7759-a587-acd031129ba5/training_metrics.json,PUBLIC_CORE,true,"Allowlisted code, configuration, data, raw evidence, generated result, or project metadata.",false,false,false,KEEP
results/raw/20260911T192740759539Z__qwen-qwen3-0-6b__lora-qnone__ctx512__b1-ga1__r8__s42__01a091f0-9ed7-76fc-937b-2c0f67b6a2bd/command.txt,PUBLIC_CORE,true,"Allowlisted code, configuration, data, raw evidence, generated result, or project metadata.",false,false,false,KEEP
results/raw/20260911T192740759539Z__qwen-qwen3-0-6b__lora-qnone__ctx512__b1-ga1__r8__s42__01a091f0-9ed7-76fc-937b-2c0f67b6a2bd/config.yaml,PUBLIC_CORE,true,"Allowlisted code, configuration, data, raw evidence, generated result, or project metadata.",false,false,false,KEEP
results/raw/20260911T192740759539Z__qwen-qwen3-0-6b__lora-qnone__ctx512__b1-ga1__r8__s42__01a091f0-9ed7-76fc-937b-2c0f67b6a2bd/effective_config.json,PUBLIC_CORE,true,"Allowlisted code, configuration, data, raw evidence, generated result, or project metadata.",false,false,false,KEEP
results/raw/20260911T192740759539Z__qwen-qwen3-0-6b__lora-qnone__ctx512__b1-ga1__r8__s42__01a091f0-9ed7-76fc-937b-2c0f67b6a2bd/environment/raw_environment.txt,PUBLIC_CORE,true,Scientific record is retained; identifier and device-path fields require separate evidence-preserving privacy remediation before publication.,false,false,true,REWRITE
results/raw/20260911T192740759539Z__qwen-qwen3-0-6b__lora-qnone__ctx512__b1-ga1__r8__s42__01a091f0-9ed7-76fc-937b-2c0f67b6a2bd/environment/vm_stat_after.txt,PUBLIC_CORE,true,"Allowlisted code, configuration, data, raw evidence, generated result, or project metadata.",false,false,false,KEEP
results/raw/20260911T192740759539Z__qwen-qwen3-0-6b__lora-qnone__ctx512__b1-ga1__r8__s42__01a091f0-9ed7-76fc-937b-2c0f67b6a2bd/environment/vm_stat_before.txt,PUBLIC_CORE,true,"Allowlisted code, configuration, data, raw evidence, generated result, or project metadata.",false,false,false,KEEP
results/raw/20260911T192740759539Z__qwen-qwen3-0-6b__lora-qnone__ctx512__b1-ga1__r8__s42__01a091f0-9ed7-76fc-937b-2c0f67b6a2bd/logs/stderr.log,PUBLIC_CORE,true,"Allowlisted code, configuration, data, raw evidence, generated result, or project metadata.",false,false,false,KEEP
results/raw/20260911T192740759539Z__qwen-qwen3-0-6b__lora-qnone__ctx512__b1-ga1__r8__s42__01a091f0-9ed7-76fc-937b-2c0f67b6a2bd/logs/stdout.log,PUBLIC_CORE,true,"Allowlisted code, configuration, data, raw evidence, generated result, or project metadata.",false,false,false,KEEP
results/raw/20260911T192740759539Z__qwen-qwen3-0-6b__lora-qnone__ctx512__b1-ga1__r8__s42__01a091f0-9ed7-76fc-937b-2c0f67b6a2bd/manifest.sha256,PUBLIC_CORE,true,"Allowlisted code, configuration, data, raw evidence, generated result, or project metadata.",false,false,false,KEEP
results/raw/20260911T192740759539Z__qwen-qwen3-0-6b__lora-qnone__ctx512__b1-ga1__r8__s42__01a091f0-9ed7-76fc-937b-2c0f67b6a2bd/result.json,PUBLIC_CORE,true,Scientific record is retained; identifier and device-path fields require separate evidence-preserving privacy remediation before publication.,false,false,true,REWRITE
results/raw/20260911T192740759539Z__qwen-qwen3-0-6b__lora-qnone__ctx512__b1-ga1__r8__s42__01a091f0-9ed7-76fc-937b-2c0f67b6a2bd/step_timings.jsonl,PUBLIC_CORE,true,"Allowlisted code, configuration, data, raw evidence, generated result, or project metadata.",false,false,false,KEEP
results/raw/20260911T192740759539Z__qwen-qwen3-0-6b__lora-qnone__ctx512__b1-ga1__r8__s42__01a091f0-9ed7-76fc-937b-2c0f67b6a2bd/system_monitor.jsonl,PUBLIC_CORE,true,"Allowlisted code, configuration, data, raw evidence, generated result, or project metadata.",false,false,false,KEEP
results/raw/20260911T192740759539Z__qwen-qwen3-0-6b__lora-qnone__ctx512__b1-ga1__r8__s42__01a091f0-9ed7-76fc-937b-2c0f67b6a2bd/training_metrics.json,PUBLIC_CORE,true,"Allowlisted code, configuration, data, raw evidence, generated result, or project metadata.",false,false,false,KEEP
results/raw/20260911T193038681059Z__qwen-qwen3-4b__lora-qnone__ctx512__b1-ga1__r8__s42__01a091f3-55d9-7064-8ee4-694d646068f9/command.txt,PUBLIC_CORE,true,"Allowlisted code, configuration, data, raw evidence, generated result, or project metadata.",false,false,false,KEEP
results/raw/20260911T193038681059Z__qwen-qwen3-4b__lora-qnone__ctx512__b1-ga1__r8__s42__01a091f3-55d9-7064-8ee4-694d646068f9/config.yaml,PUBLIC_CORE,true,"Allowlisted code, configuration, data, raw evidence, generated result, or project metadata.",false,false,false,KEEP
results/raw/20260911T193038681059Z__qwen-qwen3-4b__lora-qnone__ctx512__b1-ga1__r8__s42__01a091f3-55d9-7064-8ee4-694d646068f9/effective_config.json,PUBLIC_CORE,true,"Allowlisted code, configuration, data, raw evidence, generated result, or project metadata.",false,false,false,KEEP
results/raw/20260911T193038681059Z__qwen-qwen3-4b__lora-qnone__ctx512__b1-ga1__r8__s42__01a091f3-55d9-7064-8ee4-694d646068f9/environment/raw_environment.txt,PUBLIC_CORE,true,Scientific record is retained; identifier and device-path fields require separate evidence-preserving privacy remediation before publication.,false,false,true,REWRITE
results/raw/20260911T193038681059Z__qwen-qwen3-4b__lora-qnone__ctx512__b1-ga1__r8__s42__01a091f3-55d9-7064-8ee4-694d646068f9/environment/vm_stat_after.txt,PUBLIC_CORE,true,"Allowlisted code, configuration, data, raw evidence, generated result, or project metadata.",false,false,false,KEEP
results/raw/20260911T193038681059Z__qwen-qwen3-4b__lora-qnone__ctx512__b1-ga1__r8__s42__01a091f3-55d9-7064-8ee4-694d646068f9/environment/vm_stat_before.txt,PUBLIC_CORE,true,"Allowlisted code, configuration, data, raw evidence, generated result, or project metadata.",false,false,false,KEEP
results/raw/20260911T193038681059Z__qwen-qwen3-4b__lora-qnone__ctx512__b1-ga1__r8__s42__01a091f3-55d9-7064-8ee4-694d646068f9/logs/stderr.log,PUBLIC_CORE,true,"Allowlisted code, configuration, data, raw evidence, generated result, or project metadata.",false,false,false,KEEP
results/raw/20260911T193038681059Z__qwen-qwen3-4b__lora-qnone__ctx512__b1-ga1__r8__s42__01a091f3-55d9-7064-8ee4-694d646068f9/logs/stdout.log,PUBLIC_CORE,true,"Allowlisted code, configuration, data, raw evidence, generated result, or project metadata.",false,false,false,KEEP
results/raw/20260911T193038681059Z__qwen-qwen3-4b__lora-qnone__ctx512__b1-ga1__r8__s42__01a091f3-55d9-7064-8ee4-694d646068f9/manifest.sha256,PUBLIC_CORE,true,"Allowlisted code, configuration, data, raw evidence, generated result, or project metadata.",false,false,false,KEEP
results/raw/20260911T193038681059Z__qwen-qwen3-4b__lora-qnone__ctx512__b1-ga1__r8__s42__01a091f3-55d9-7064-8ee4-694d646068f9/result.json,PUBLIC_CORE,true,Scientific record is retained; identifier and device-path fields require separate evidence-preserving privacy remediation before publication.,false,false,true,REWRITE
results/raw/20260911T193038681059Z__qwen-qwen3-4b__lora-qnone__ctx512__b1-ga1__r8__s42__01a091f3-55d9-7064-8ee4-694d646068f9/system_monitor.jsonl,PUBLIC_CORE,true,"Allowlisted code, configuration, data, raw evidence, generated result, or project metadata.",false,false,false,KEEP
results/raw/20260911T195828174593Z__qwen-qwen3-4b__lora-qnone__ctx512__b1-ga1__r8__s42__01a0920c-cf4e-7ef8-bff4-6efcfe5b2cdf/command.txt,PUBLIC_CORE,true,"Allowlisted code, configuration, data, raw evidence, generated result, or project metadata.",false,false,false,KEEP
results/raw/20260911T195828174593Z__qwen-qwen3-4b__lora-qnone__ctx512__b1-ga1__r8__s42__01a0920c-cf4e-7ef8-bff4-6efcfe5b2cdf/config.yaml,PUBLIC_CORE,true,"Allowlisted code, configuration, data, raw evidence, generated result, or project metadata.",false,false,false,KEEP
results/raw/20260911T195828174593Z__qwen-qwen3-4b__lora-qnone__ctx512__b1-ga1__r8__s42__01a0920c-cf4e-7ef8-bff4-6efcfe5b2cdf/effective_config.json,PUBLIC_CORE,true,"Allowlisted code, configuration, data, raw evidence, generated result, or project metadata.",false,false,false,KEEP
results/raw/20260911T195828174593Z__qwen-qwen3-4b__lora-qnone__ctx512__b1-ga1__r8__s42__01a0920c-cf4e-7ef8-bff4-6efcfe5b2cdf/environment/raw_environment.txt,PUBLIC_CORE,true,Scientific record is retained; identifier and device-path fields require separate evidence-preserving privacy remediation before publication.,false,false,true,REWRITE
results/raw/20260911T195828174593Z__qwen-qwen3-4b__lora-qnone__ctx512__b1-ga1__r8__s42__01a0920c-cf4e-7ef8-bff4-6efcfe5b2cdf/environment/vm_stat_after.txt,PUBLIC_CORE,true,"Allowlisted code, configuration, data, raw evidence, generated result, or project metadata.",false,false,false,KEEP
results/raw/20260911T195828174593Z__qwen-qwen3-4b__lora-qnone__ctx512__b1-ga1__r8__s42__01a0920c-cf4e-7ef8-bff4-6efcfe5b2cdf/environment/vm_stat_before.txt,PUBLIC_CORE,true,"Allowlisted code, configuration, data, raw evidence, generated result, or project metadata.",false,false,false,KEEP
results/raw/20260911T195828174593Z__qwen-qwen3-4b__lora-qnone__ctx512__b1-ga1__r8__s42__01a0920c-cf4e-7ef8-bff4-6efcfe5b2cdf/logs/stderr.log,PUBLIC_CORE,true,"Allowlisted code, configuration, data, raw evidence, generated result, or project metadata.",false,false,false,KEEP
results/raw/20260911T195828174593Z__qwen-qwen3-4b__lora-qnone__ctx512__b1-ga1__r8__s42__01a0920c-cf4e-7ef8-bff4-6efcfe5b2cdf/logs/stdout.log,PUBLIC_CORE,true,"Allowlisted code, configuration, data, raw evidence, generated result, or project metadata.",false,false,false,KEEP
results/raw/20260911T195828174593Z__qwen-qwen3-4b__lora-qnone__ctx512__b1-ga1__r8__s42__01a0920c-cf4e-7ef8-bff4-6efcfe5b2cdf/manifest.sha256,PUBLIC_CORE,true,"Allowlisted code, configuration, data, raw evidence, generated result, or project metadata.",false,false,false,KEEP
results/raw/20260911T195828174593Z__qwen-qwen3-4b__lora-qnone__ctx512__b1-ga1__r8__s42__01a0920c-cf4e-7ef8-bff4-6efcfe5b2cdf/result.json,PUBLIC_CORE,true,Scientific record is retained; identifier and device-path fields require separate evidence-preserving privacy remediation before publication.,false,false,true,REWRITE
results/raw/20260911T195828174593Z__qwen-qwen3-4b__lora-qnone__ctx512__b1-ga1__r8__s42__01a0920c-cf4e-7ef8-bff4-6efcfe5b2cdf/system_monitor.jsonl,PUBLIC_CORE,true,"Allowlisted code, configuration, data, raw evidence, generated result, or project metadata.",false,false,false,KEEP
results/raw/20260911T200759039181Z__mlx-community-qwen3-4b-4bit__qlora-q4__ctx512__b1-ga1__r4__s2026__01a09215-8546-77d5-a1c0-9b36bc5cee2e/command.txt,PUBLIC_CORE,true,"Allowlisted code, configuration, data, raw evidence, generated result, or project metadata.",false,false,false,KEEP
results/raw/20260911T200759039181Z__mlx-community-qwen3-4b-4bit__qlora-q4__ctx512__b1-ga1__r4__s2026__01a09215-8546-77d5-a1c0-9b36bc5cee2e/config.yaml,PUBLIC_CORE,true,"Allowlisted code, configuration, data, raw evidence, generated result, or project metadata.",false,false,false,KEEP
results/raw/20260911T200759039181Z__mlx-community-qwen3-4b-4bit__qlora-q4__ctx512__b1-ga1__r4__s2026__01a09215-8546-77d5-a1c0-9b36bc5cee2e/effective_config.json,PUBLIC_CORE,true,"Allowlisted code, configuration, data, raw evidence, generated result, or project metadata.",false,false,false,KEEP
results/raw/20260911T200759039181Z__mlx-community-qwen3-4b-4bit__qlora-q4__ctx512__b1-ga1__r4__s2026__01a09215-8546-77d5-a1c0-9b36bc5cee2e/environment/raw_environment.txt,PUBLIC_CORE,true,Scientific record is retained; identifier and device-path fields require separate evidence-preserving privacy remediation before publication.,false,false,true,REWRITE
results/raw/20260911T200759039181Z__mlx-community-qwen3-4b-4bit__qlora-q4__ctx512__b1-ga1__r4__s2026__01a09215-8546-77d5-a1c0-9b36bc5cee2e/environment/vm_stat_after.txt,PUBLIC_CORE,true,"Allowlisted code, configuration, data, raw evidence, generated result, or project metadata.",false,false,false,KEEP
results/raw/20260911T200759039181Z__mlx-community-qwen3-4b-4bit__qlora-q4__ctx512__b1-ga1__r4__s2026__01a09215-8546-77d5-a1c0-9b36bc5cee2e/environment/vm_stat_before.txt,PUBLIC_CORE,true,"Allowlisted code, configuration, data, raw evidence, generated result, or project metadata.",false,false,false,KEEP
results/raw/20260911T200759039181Z__mlx-community-qwen3-4b-4bit__qlora-q4__ctx512__b1-ga1__r4__s2026__01a09215-8546-77d5-a1c0-9b36bc5cee2e/logs/stderr.log,PUBLIC_CORE,true,"Allowlisted code, configuration, data, raw evidence, generated result, or project metadata.",false,false,false,KEEP
results/raw/20260911T200759039181Z__mlx-community-qwen3-4b-4bit__qlora-q4__ctx512__b1-ga1__r4__s2026__01a09215-8546-77d5-a1c0-9b36bc5cee2e/logs/stdout.log,PUBLIC_CORE,true,"Allowlisted code, configuration, data, raw evidence, generated result, or project metadata.",false,false,false,KEEP
results/raw/20260911T200759039181Z__mlx-community-qwen3-4b-4bit__qlora-q4__ctx512__b1-ga1__r4__s2026__01a09215-8546-77d5-a1c0-9b36bc5cee2e/manifest.sha256,PUBLIC_CORE,true,"Allowlisted code, configuration, data, raw evidence, generated result, or project metadata.",false,false,false,KEEP
results/raw/20260911T200759039181Z__mlx-community-qwen3-4b-4bit__qlora-q4__ctx512__b1-ga1__r4__s2026__01a09215-8546-77d5-a1c0-9b36bc5cee2e/result.json,PUBLIC_CORE,true,Scientific record is retained; identifier and device-path fields require separate evidence-preserving privacy remediation before publication.,false,false,true,REWRITE
results/raw/20260911T200759039181Z__mlx-community-qwen3-4b-4bit__qlora-q4__ctx512__b1-ga1__r4__s2026__01a09215-8546-77d5-a1c0-9b36bc5cee2e/step_timings.jsonl,PUBLIC_CORE,true,"Allowlisted code, configuration, data, raw evidence, generated result, or project metadata.",false,false,false,KEEP
results/raw/20260911T200759039181Z__mlx-community-qwen3-4b-4bit__qlora-q4__ctx512__b1-ga1__r4__s2026__01a09215-8546-77d5-a1c0-9b36bc5cee2e/system_monitor.jsonl,PUBLIC_CORE,true,"Allowlisted code, configuration, data, raw evidence, generated result, or project metadata.",false,false,false,KEEP
results/raw/20260911T200759039181Z__mlx-community-qwen3-4b-4bit__qlora-q4__ctx512__b1-ga1__r4__s2026__01a09215-8546-77d5-a1c0-9b36bc5cee2e/training_metrics.json,PUBLIC_CORE,true,"Allowlisted code, configuration, data, raw evidence, generated result, or project metadata.",false,false,false,KEEP
results/raw/20260911T201150740528Z__mlx-community-qwen3-4b-4bit__qlora-q4__ctx512__b1-ga1__r8__s42__01a09219-0e54-7373-88a5-76204a8dd07b/command.txt,PUBLIC_CORE,true,"Allowlisted code, configuration, data, raw evidence, generated result, or project metadata.",false,false,false,KEEP
results/raw/20260911T201150740528Z__mlx-community-qwen3-4b-4bit__qlora-q4__ctx512__b1-ga1__r8__s42__01a09219-0e54-7373-88a5-76204a8dd07b/config.yaml,PUBLIC_CORE,true,"Allowlisted code, configuration, data, raw evidence, generated result, or project metadata.",false,false,false,KEEP
results/raw/20260911T201150740528Z__mlx-community-qwen3-4b-4bit__qlora-q4__ctx512__b1-ga1__r8__s42__01a09219-0e54-7373-88a5-76204a8dd07b/effective_config.json,PUBLIC_CORE,true,"Allowlisted code, configuration, data, raw evidence, generated result, or project metadata.",false,false,false,KEEP
results/raw/20260911T201150740528Z__mlx-community-qwen3-4b-4bit__qlora-q4__ctx512__b1-ga1__r8__s42__01a09219-0e54-7373-88a5-76204a8dd07b/environment/raw_environment.txt,PUBLIC_CORE,true,Scientific record is retained; identifier and device-path fields require separate evidence-preserving privacy remediation before publication.,false,false,true,REWRITE
results/raw/20260911T201150740528Z__mlx-community-qwen3-4b-4bit__qlora-q4__ctx512__b1-ga1__r8__s42__01a09219-0e54-7373-88a5-76204a8dd07b/environment/vm_stat_after.txt,PUBLIC_CORE,true,"Allowlisted code, configuration, data, raw evidence, generated result, or project metadata.",false,false,false,KEEP
results/raw/20260911T201150740528Z__mlx-community-qwen3-4b-4bit__qlora-q4__ctx512__b1-ga1__r8__s42__01a09219-0e54-7373-88a5-76204a8dd07b/environment/vm_stat_before.txt,PUBLIC_CORE,true,"Allowlisted code, configuration, data, raw evidence, generated result, or project metadata.",false,false,false,KEEP
results/raw/20260911T201150740528Z__mlx-community-qwen3-4b-4bit__qlora-q4__ctx512__b1-ga1__r8__s42__01a09219-0e54-7373-88a5-76204a8dd07b/logs/stderr.log,PUBLIC_CORE,true,"Allowlisted code, configuration, data, raw evidence, generated result, or project metadata.",false,false,false,KEEP
results/raw/20260911T201150740528Z__mlx-community-qwen3-4b-4bit__qlora-q4__ctx512__b1-ga1__r8__s42__01a09219-0e54-7373-88a5-76204a8dd07b/logs/stdout.log,PUBLIC_CORE,true,"Allowlisted code, configuration, data, raw evidence, generated result, or project metadata.",false,false,false,KEEP
results/raw/20260911T201150740528Z__mlx-community-qwen3-4b-4bit__qlora-q4__ctx512__b1-ga1__r8__s42__01a09219-0e54-7373-88a5-76204a8dd07b/manifest.sha256,PUBLIC_CORE,true,"Allowlisted code, configuration, data, raw evidence, generated result, or project metadata.",false,false,false,KEEP
results/raw/20260911T201150740528Z__mlx-community-qwen3-4b-4bit__qlora-q4__ctx512__b1-ga1__r8__s42__01a09219-0e54-7373-88a5-76204a8dd07b/result.json,PUBLIC_CORE,true,Scientific record is retained; identifier and device-path fields require separate evidence-preserving privacy remediation before publication.,false,false,true,REWRITE
results/raw/20260911T201150740528Z__mlx-community-qwen3-4b-4bit__qlora-q4__ctx512__b1-ga1__r8__s42__01a09219-0e54-7373-88a5-76204a8dd07b/step_timings.jsonl,PUBLIC_CORE,true,"Allowlisted code, configuration, data, raw evidence, generated result, or project metadata.",false,false,false,KEEP
results/raw/20260911T201150740528Z__mlx-community-qwen3-4b-4bit__qlora-q4__ctx512__b1-ga1__r8__s42__01a09219-0e54-7373-88a5-76204a8dd07b/system_monitor.jsonl,PUBLIC_CORE,true,"Allowlisted code, configuration, data, raw evidence, generated result, or project metadata.",false,false,false,KEEP
results/raw/20260911T201150740528Z__mlx-community-qwen3-4b-4bit__qlora-q4__ctx512__b1-ga1__r8__s42__01a09219-0e54-7373-88a5-76204a8dd07b/training_metrics.json,PUBLIC_CORE,true,"Allowlisted code, configuration, data, raw evidence, generated result, or project metadata.",false,false,false,KEEP
results/raw/20260911T203648798393Z__mlx-community-qwen3-4b-4bit__qlora-q4__ctx512__b1-ga1__r8__s123__01a0922f-ea1e-7e5a-9eca-6792b6d7bd7f/command.txt,PUBLIC_CORE,true,"Allowlisted code, configuration, data, raw evidence, generated result, or project metadata.",false,false,false,KEEP
results/raw/20260911T203648798393Z__mlx-community-qwen3-4b-4bit__qlora-q4__ctx512__b1-ga1__r8__s123__01a0922f-ea1e-7e5a-9eca-6792b6d7bd7f/config.yaml,PUBLIC_CORE,true,"Allowlisted code, configuration, data, raw evidence, generated result, or project metadata.",false,false,false,KEEP
results/raw/20260911T203648798393Z__mlx-community-qwen3-4b-4bit__qlora-q4__ctx512__b1-ga1__r8__s123__01a0922f-ea1e-7e5a-9eca-6792b6d7bd7f/effective_config.json,PUBLIC_CORE,true,"Allowlisted code, configuration, data, raw evidence, generated result, or project metadata.",false,false,false,KEEP
results/raw/20260911T203648798393Z__mlx-community-qwen3-4b-4bit__qlora-q4__ctx512__b1-ga1__r8__s123__01a0922f-ea1e-7e5a-9eca-6792b6d7bd7f/environment/raw_environment.txt,PUBLIC_CORE,true,Scientific record is retained; identifier and device-path fields require separate evidence-preserving privacy remediation before publication.,false,false,true,REWRITE
results/raw/20260911T203648798393Z__mlx-community-qwen3-4b-4bit__qlora-q4__ctx512__b1-ga1__r8__s123__01a0922f-ea1e-7e5a-9eca-6792b6d7bd7f/environment/vm_stat_after.txt,PUBLIC_CORE,true,"Allowlisted code, configuration, data, raw evidence, generated result, or project metadata.",false,false,false,KEEP
results/raw/20260911T203648798393Z__mlx-community-qwen3-4b-4bit__qlora-q4__ctx512__b1-ga1__r8__s123__01a0922f-ea1e-7e5a-9eca-6792b6d7bd7f/environment/vm_stat_before.txt,PUBLIC_CORE,true,"Allowlisted code, configuration, data, raw evidence, generated result, or project metadata.",false,false,false,KEEP
results/raw/20260911T203648798393Z__mlx-community-qwen3-4b-4bit__qlora-q4__ctx512__b1-ga1__r8__s123__01a0922f-ea1e-7e5a-9eca-6792b6d7bd7f/logs/stderr.log,PUBLIC_CORE,true,"Allowlisted code, configuration, data, raw evidence, generated result, or project metadata.",false,false,false,KEEP
results/raw/20260911T203648798393Z__mlx-community-qwen3-4b-4bit__qlora-q4__ctx512__b1-ga1__r8__s123__01a0922f-ea1e-7e5a-9eca-6792b6d7bd7f/logs/stdout.log,PUBLIC_CORE,true,"Allowlisted code, configuration, data, raw evidence, generated result, or project metadata.",false,false,false,KEEP
results/raw/20260911T203648798393Z__mlx-community-qwen3-4b-4bit__qlora-q4__ctx512__b1-ga1__r8__s123__01a0922f-ea1e-7e5a-9eca-6792b6d7bd7f/manifest.sha256,PUBLIC_CORE,true,"Allowlisted code, configuration, data, raw evidence, generated result, or project metadata.",false,false,false,KEEP
results/raw/20260911T203648798393Z__mlx-community-qwen3-4b-4bit__qlora-q4__ctx512__b1-ga1__r8__s123__01a0922f-ea1e-7e5a-9eca-6792b6d7bd7f/result.json,PUBLIC_CORE,true,Scientific record is retained; identifier and device-path fields require separate evidence-preserving privacy remediation before publication.,false,false,true,REWRITE
results/raw/20260911T203648798393Z__mlx-community-qwen3-4b-4bit__qlora-q4__ctx512__b1-ga1__r8__s123__01a0922f-ea1e-7e5a-9eca-6792b6d7bd7f/system_monitor.jsonl,PUBLIC_CORE,true,"Allowlisted code, configuration, data, raw evidence, generated result, or project metadata.",false,false,false,KEEP
results/raw/20260911T204908355472Z__qwen-qwen3-0-6b__full-qnone__ctx512__b1-ga1__rna__s42__01a0923b-3303-77bc-a728-898f5a3bbce8/command.txt,PUBLIC_CORE,true,"Allowlisted code, configuration, data, raw evidence, generated result, or project metadata.",false,false,false,KEEP
results/raw/20260911T204908355472Z__qwen-qwen3-0-6b__full-qnone__ctx512__b1-ga1__rna__s42__01a0923b-3303-77bc-a728-898f5a3bbce8/config.yaml,PUBLIC_CORE,true,"Allowlisted code, configuration, data, raw evidence, generated result, or project metadata.",false,false,false,KEEP
results/raw/20260911T204908355472Z__qwen-qwen3-0-6b__full-qnone__ctx512__b1-ga1__rna__s42__01a0923b-3303-77bc-a728-898f5a3bbce8/effective_config.json,PUBLIC_CORE,true,"Allowlisted code, configuration, data, raw evidence, generated result, or project metadata.",false,false,false,KEEP
results/raw/20260911T204908355472Z__qwen-qwen3-0-6b__full-qnone__ctx512__b1-ga1__rna__s42__01a0923b-3303-77bc-a728-898f5a3bbce8/environment/raw_environment.txt,PUBLIC_CORE,true,Scientific record is retained; identifier and device-path fields require separate evidence-preserving privacy remediation before publication.,false,false,true,REWRITE
results/raw/20260911T204908355472Z__qwen-qwen3-0-6b__full-qnone__ctx512__b1-ga1__rna__s42__01a0923b-3303-77bc-a728-898f5a3bbce8/environment/vm_stat_after.txt,PUBLIC_CORE,true,"Allowlisted code, configuration, data, raw evidence, generated result, or project metadata.",false,false,false,KEEP
results/raw/20260911T204908355472Z__qwen-qwen3-0-6b__full-qnone__ctx512__b1-ga1__rna__s42__01a0923b-3303-77bc-a728-898f5a3bbce8/environment/vm_stat_before.txt,PUBLIC_CORE,true,"Allowlisted code, configuration, data, raw evidence, generated result, or project metadata.",false,false,false,KEEP
results/raw/20260911T204908355472Z__qwen-qwen3-0-6b__full-qnone__ctx512__b1-ga1__rna__s42__01a0923b-3303-77bc-a728-898f5a3bbce8/logs/stderr.log,PUBLIC_CORE,true,"Allowlisted code, configuration, data, raw evidence, generated result, or project metadata.",false,false,false,KEEP
results/raw/20260911T204908355472Z__qwen-qwen3-0-6b__full-qnone__ctx512__b1-ga1__rna__s42__01a0923b-3303-77bc-a728-898f5a3bbce8/logs/stdout.log,PUBLIC_CORE,true,"Allowlisted code, configuration, data, raw evidence, generated result, or project metadata.",false,false,false,KEEP
results/raw/20260911T204908355472Z__qwen-qwen3-0-6b__full-qnone__ctx512__b1-ga1__rna__s42__01a0923b-3303-77bc-a728-898f5a3bbce8/manifest.sha256,PUBLIC_CORE,true,"Allowlisted code, configuration, data, raw evidence, generated result, or project metadata.",false,false,false,KEEP
results/raw/20260911T204908355472Z__qwen-qwen3-0-6b__full-qnone__ctx512__b1-ga1__rna__s42__01a0923b-3303-77bc-a728-898f5a3bbce8/result.json,PUBLIC_CORE,true,Scientific record is retained; identifier and device-path fields require separate evidence-preserving privacy remediation before publication.,false,false,true,REWRITE
results/raw/20260911T204908355472Z__qwen-qwen3-0-6b__full-qnone__ctx512__b1-ga1__rna__s42__01a0923b-3303-77bc-a728-898f5a3bbce8/step_timings.jsonl,PUBLIC_CORE,true,"Allowlisted code, configuration, data, raw evidence, generated result, or project metadata.",false,false,false,KEEP
results/raw/20260911T204908355472Z__qwen-qwen3-0-6b__full-qnone__ctx512__b1-ga1__rna__s42__01a0923b-3303-77bc-a728-898f5a3bbce8/system_monitor.jsonl,PUBLIC_CORE,true,"Allowlisted code, configuration, data, raw evidence, generated result, or project metadata.",false,false,false,KEEP
results/raw/20260911T204908355472Z__qwen-qwen3-0-6b__full-qnone__ctx512__b1-ga1__rna__s42__01a0923b-3303-77bc-a728-898f5a3bbce8/training_metrics.json,PUBLIC_CORE,true,"Allowlisted code, configuration, data, raw evidence, generated result, or project metadata.",false,false,false,KEEP
results/raw/20260911T205646972887Z__qwen-qwen3-0-6b__full-qnone__ctx512__b1-ga1__rna__s123__01a09242-327d-7917-b98b-f8d333a6cb0f/command.txt,PUBLIC_CORE,true,"Allowlisted code, configuration, data, raw evidence, generated result, or project metadata.",false,false,false,KEEP
results/raw/20260911T205646972887Z__qwen-qwen3-0-6b__full-qnone__ctx512__b1-ga1__rna__s123__01a09242-327d-7917-b98b-f8d333a6cb0f/config.yaml,PUBLIC_CORE,true,"Allowlisted code, configuration, data, raw evidence, generated result, or project metadata.",false,false,false,KEEP
results/raw/20260911T205646972887Z__qwen-qwen3-0-6b__full-qnone__ctx512__b1-ga1__rna__s123__01a09242-327d-7917-b98b-f8d333a6cb0f/effective_config.json,PUBLIC_CORE,true,"Allowlisted code, configuration, data, raw evidence, generated result, or project metadata.",false,false,false,KEEP
results/raw/20260911T205646972887Z__qwen-qwen3-0-6b__full-qnone__ctx512__b1-ga1__rna__s123__01a09242-327d-7917-b98b-f8d333a6cb0f/environment/raw_environment.txt,PUBLIC_CORE,true,Scientific record is retained; identifier and device-path fields require separate evidence-preserving privacy remediation before publication.,false,false,true,REWRITE
results/raw/20260911T205646972887Z__qwen-qwen3-0-6b__full-qnone__ctx512__b1-ga1__rna__s123__01a09242-327d-7917-b98b-f8d333a6cb0f/environment/vm_stat_after.txt,PUBLIC_CORE,true,"Allowlisted code, configuration, data, raw evidence, generated result, or project metadata.",false,false,false,KEEP
results/raw/20260911T205646972887Z__qwen-qwen3-0-6b__full-qnone__ctx512__b1-ga1__rna__s123__01a09242-327d-7917-b98b-f8d333a6cb0f/environment/vm_stat_before.txt,PUBLIC_CORE,true,"Allowlisted code, configuration, data, raw evidence, generated result, or project metadata.",false,false,false,KEEP
results/raw/20260911T205646972887Z__qwen-qwen3-0-6b__full-qnone__ctx512__b1-ga1__rna__s123__01a09242-327d-7917-b98b-f8d333a6cb0f/logs/stderr.log,PUBLIC_CORE,true,"Allowlisted code, configuration, data, raw evidence, generated result, or project metadata.",false,false,false,KEEP
results/raw/20260911T205646972887Z__qwen-qwen3-0-6b__full-qnone__ctx512__b1-ga1__rna__s123__01a09242-327d-7917-b98b-f8d333a6cb0f/logs/stdout.log,PUBLIC_CORE,true,"Allowlisted code, configuration, data, raw evidence, generated result, or project metadata.",false,false,false,KEEP
results/raw/20260911T205646972887Z__qwen-qwen3-0-6b__full-qnone__ctx512__b1-ga1__rna__s123__01a09242-327d-7917-b98b-f8d333a6cb0f/manifest.sha256,PUBLIC_CORE,true,"Allowlisted code, configuration, data, raw evidence, generated result, or project metadata.",false,false,false,KEEP
results/raw/20260911T205646972887Z__qwen-qwen3-0-6b__full-qnone__ctx512__b1-ga1__rna__s123__01a09242-327d-7917-b98b-f8d333a6cb0f/result.json,PUBLIC_CORE,true,Scientific record is retained; identifier and device-path fields require separate evidence-preserving privacy remediation before publication.,false,false,true,REWRITE
results/raw/20260911T205646972887Z__qwen-qwen3-0-6b__full-qnone__ctx512__b1-ga1__rna__s123__01a09242-327d-7917-b98b-f8d333a6cb0f/step_timings.jsonl,PUBLIC_CORE,true,"Allowlisted code, configuration, data, raw evidence, generated result, or project metadata.",false,false,false,KEEP
results/raw/20260911T205646972887Z__qwen-qwen3-0-6b__full-qnone__ctx512__b1-ga1__rna__s123__01a09242-327d-7917-b98b-f8d333a6cb0f/system_monitor.jsonl,PUBLIC_CORE,true,"Allowlisted code, configuration, data, raw evidence, generated result, or project metadata.",false,false,false,KEEP
results/raw/20260911T205646972887Z__qwen-qwen3-0-6b__full-qnone__ctx512__b1-ga1__rna__s123__01a09242-327d-7917-b98b-f8d333a6cb0f/training_metrics.json,PUBLIC_CORE,true,"Allowlisted code, configuration, data, raw evidence, generated result, or project metadata.",false,false,false,KEEP
results/raw/20260911T210822672354Z__qwen-qwen3-0-6b__full-qnone__ctx512__b1-ga1__rna__s2026__01a0924c-d010-7cd4-a9ec-5fe8231f633b/command.txt,PUBLIC_CORE,true,"Allowlisted code, configuration, data, raw evidence, generated result, or project metadata.",false,false,false,KEEP
results/raw/20260911T210822672354Z__qwen-qwen3-0-6b__full-qnone__ctx512__b1-ga1__rna__s2026__01a0924c-d010-7cd4-a9ec-5fe8231f633b/config.yaml,PUBLIC_CORE,true,"Allowlisted code, configuration, data, raw evidence, generated result, or project metadata.",false,false,false,KEEP
results/raw/20260911T210822672354Z__qwen-qwen3-0-6b__full-qnone__ctx512__b1-ga1__rna__s2026__01a0924c-d010-7cd4-a9ec-5fe8231f633b/effective_config.json,PUBLIC_CORE,true,"Allowlisted code, configuration, data, raw evidence, generated result, or project metadata.",false,false,false,KEEP
results/raw/20260911T210822672354Z__qwen-qwen3-0-6b__full-qnone__ctx512__b1-ga1__rna__s2026__01a0924c-d010-7cd4-a9ec-5fe8231f633b/environment/raw_environment.txt,PUBLIC_CORE,true,Scientific record is retained; identifier and device-path fields require separate evidence-preserving privacy remediation before publication.,false,false,true,REWRITE
results/raw/20260911T210822672354Z__qwen-qwen3-0-6b__full-qnone__ctx512__b1-ga1__rna__s2026__01a0924c-d010-7cd4-a9ec-5fe8231f633b/environment/vm_stat_after.txt,PUBLIC_CORE,true,"Allowlisted code, configuration, data, raw evidence, generated result, or project metadata.",false,false,false,KEEP
results/raw/20260911T210822672354Z__qwen-qwen3-0-6b__full-qnone__ctx512__b1-ga1__rna__s2026__01a0924c-d010-7cd4-a9ec-5fe8231f633b/environment/vm_stat_before.txt,PUBLIC_CORE,true,"Allowlisted code, configuration, data, raw evidence, generated result, or project metadata.",false,false,false,KEEP
results/raw/20260911T210822672354Z__qwen-qwen3-0-6b__full-qnone__ctx512__b1-ga1__rna__s2026__01a0924c-d010-7cd4-a9ec-5fe8231f633b/logs/stderr.log,PUBLIC_CORE,true,"Allowlisted code, configuration, data, raw evidence, generated result, or project metadata.",false,false,false,KEEP
results/raw/20260911T210822672354Z__qwen-qwen3-0-6b__full-qnone__ctx512__b1-ga1__rna__s2026__01a0924c-d010-7cd4-a9ec-5fe8231f633b/logs/stdout.log,PUBLIC_CORE,true,"Allowlisted code, configuration, data, raw evidence, generated result, or project metadata.",false,false,false,KEEP
results/raw/20260911T210822672354Z__qwen-qwen3-0-6b__full-qnone__ctx512__b1-ga1__rna__s2026__01a0924c-d010-7cd4-a9ec-5fe8231f633b/manifest.sha256,PUBLIC_CORE,true,"Allowlisted code, configuration, data, raw evidence, generated result, or project metadata.",false,false,false,KEEP
results/raw/20260911T210822672354Z__qwen-qwen3-0-6b__full-qnone__ctx512__b1-ga1__rna__s2026__01a0924c-d010-7cd4-a9ec-5fe8231f633b/result.json,PUBLIC_CORE,true,Scientific record is retained; identifier and device-path fields require separate evidence-preserving privacy remediation before publication.,false,false,true,REWRITE
results/raw/20260911T210822672354Z__qwen-qwen3-0-6b__full-qnone__ctx512__b1-ga1__rna__s2026__01a0924c-d010-7cd4-a9ec-5fe8231f633b/step_timings.jsonl,PUBLIC_CORE,true,"Allowlisted code, configuration, data, raw evidence, generated result, or project metadata.",false,false,false,KEEP
results/raw/20260911T210822672354Z__qwen-qwen3-0-6b__full-qnone__ctx512__b1-ga1__rna__s2026__01a0924c-d010-7cd4-a9ec-5fe8231f633b/system_monitor.jsonl,PUBLIC_CORE,true,"Allowlisted code, configuration, data, raw evidence, generated result, or project metadata.",false,false,false,KEEP
results/raw/20260911T210822672354Z__qwen-qwen3-0-6b__full-qnone__ctx512__b1-ga1__rna__s2026__01a0924c-d010-7cd4-a9ec-5fe8231f633b/training_metrics.json,PUBLIC_CORE,true,"Allowlisted code, configuration, data, raw evidence, generated result, or project metadata.",false,false,false,KEEP
results/raw/20260911T215934133340Z__qwen-qwen3-0-6b__full-qnone__ctx512__b1-ga1__rna__s42__01a0927b-adf5-7032-82cf-26011657a862/command.txt,PUBLIC_CORE,true,"Allowlisted code, configuration, data, raw evidence, generated result, or project metadata.",false,false,false,KEEP
results/raw/20260911T215934133340Z__qwen-qwen3-0-6b__full-qnone__ctx512__b1-ga1__rna__s42__01a0927b-adf5-7032-82cf-26011657a862/config.yaml,PUBLIC_CORE,true,"Allowlisted code, configuration, data, raw evidence, generated result, or project metadata.",false,false,false,KEEP
results/raw/20260911T215934133340Z__qwen-qwen3-0-6b__full-qnone__ctx512__b1-ga1__rna__s42__01a0927b-adf5-7032-82cf-26011657a862/effective_config.json,PUBLIC_CORE,true,"Allowlisted code, configuration, data, raw evidence, generated result, or project metadata.",false,false,false,KEEP
results/raw/20260911T215934133340Z__qwen-qwen3-0-6b__full-qnone__ctx512__b1-ga1__rna__s42__01a0927b-adf5-7032-82cf-26011657a862/environment/raw_environment.txt,PUBLIC_CORE,true,Scientific record is retained; identifier and device-path fields require separate evidence-preserving privacy remediation before publication.,false,false,true,REWRITE
results/raw/20260911T215934133340Z__qwen-qwen3-0-6b__full-qnone__ctx512__b1-ga1__rna__s42__01a0927b-adf5-7032-82cf-26011657a862/environment/vm_stat_after.txt,PUBLIC_CORE,true,"Allowlisted code, configuration, data, raw evidence, generated result, or project metadata.",false,false,false,KEEP
results/raw/20260911T215934133340Z__qwen-qwen3-0-6b__full-qnone__ctx512__b1-ga1__rna__s42__01a0927b-adf5-7032-82cf-26011657a862/environment/vm_stat_before.txt,PUBLIC_CORE,true,"Allowlisted code, configuration, data, raw evidence, generated result, or project metadata.",false,false,false,KEEP
results/raw/20260911T215934133340Z__qwen-qwen3-0-6b__full-qnone__ctx512__b1-ga1__rna__s42__01a0927b-adf5-7032-82cf-26011657a862/logs/stderr.log,PUBLIC_CORE,true,"Allowlisted code, configuration, data, raw evidence, generated result, or project metadata.",false,false,false,KEEP
results/raw/20260911T215934133340Z__qwen-qwen3-0-6b__full-qnone__ctx512__b1-ga1__rna__s42__01a0927b-adf5-7032-82cf-26011657a862/logs/stdout.log,PUBLIC_CORE,true,"Allowlisted code, configuration, data, raw evidence, generated result, or project metadata.",false,false,false,KEEP
results/raw/20260911T215934133340Z__qwen-qwen3-0-6b__full-qnone__ctx512__b1-ga1__rna__s42__01a0927b-adf5-7032-82cf-26011657a862/manifest.sha256,PUBLIC_CORE,true,"Allowlisted code, configuration, data, raw evidence, generated result, or project metadata.",false,false,false,KEEP
results/raw/20260911T215934133340Z__qwen-qwen3-0-6b__full-qnone__ctx512__b1-ga1__rna__s42__01a0927b-adf5-7032-82cf-26011657a862/result.json,PUBLIC_CORE,true,Scientific record is retained; identifier and device-path fields require separate evidence-preserving privacy remediation before publication.,false,false,true,REWRITE
results/raw/20260911T215934133340Z__qwen-qwen3-0-6b__full-qnone__ctx512__b1-ga1__rna__s42__01a0927b-adf5-7032-82cf-26011657a862/step_timings.jsonl,PUBLIC_CORE,true,"Allowlisted code, configuration, data, raw evidence, generated result, or project metadata.",false,false,false,KEEP
results/raw/20260911T215934133340Z__qwen-qwen3-0-6b__full-qnone__ctx512__b1-ga1__rna__s42__01a0927b-adf5-7032-82cf-26011657a862/system_monitor.jsonl,PUBLIC_CORE,true,"Allowlisted code, configuration, data, raw evidence, generated result, or project metadata.",false,false,false,KEEP
results/raw/20260911T215934133340Z__qwen-qwen3-0-6b__full-qnone__ctx512__b1-ga1__rna__s42__01a0927b-adf5-7032-82cf-26011657a862/training_metrics.json,PUBLIC_CORE,true,"Allowlisted code, configuration, data, raw evidence, generated result, or project metadata.",false,false,false,KEEP
results/raw/20260911T220239149628Z__qwen-qwen3-0-6b__full-qnone__ctx512__b1-ga1__rna__s123__01a0927e-80ad-7ced-b20e-c20c70dfa79d/command.txt,PUBLIC_CORE,true,"Allowlisted code, configuration, data, raw evidence, generated result, or project metadata.",false,false,false,KEEP
results/raw/20260911T220239149628Z__qwen-qwen3-0-6b__full-qnone__ctx512__b1-ga1__rna__s123__01a0927e-80ad-7ced-b20e-c20c70dfa79d/config.yaml,PUBLIC_CORE,true,"Allowlisted code, configuration, data, raw evidence, generated result, or project metadata.",false,false,false,KEEP
results/raw/20260911T220239149628Z__qwen-qwen3-0-6b__full-qnone__ctx512__b1-ga1__rna__s123__01a0927e-80ad-7ced-b20e-c20c70dfa79d/effective_config.json,PUBLIC_CORE,true,"Allowlisted code, configuration, data, raw evidence, generated result, or project metadata.",false,false,false,KEEP
results/raw/20260911T220239149628Z__qwen-qwen3-0-6b__full-qnone__ctx512__b1-ga1__rna__s123__01a0927e-80ad-7ced-b20e-c20c70dfa79d/environment/raw_environment.txt,PUBLIC_CORE,true,Scientific record is retained; identifier and device-path fields require separate evidence-preserving privacy remediation before publication.,false,false,true,REWRITE
results/raw/20260911T220239149628Z__qwen-qwen3-0-6b__full-qnone__ctx512__b1-ga1__rna__s123__01a0927e-80ad-7ced-b20e-c20c70dfa79d/environment/vm_stat_after.txt,PUBLIC_CORE,true,"Allowlisted code, configuration, data, raw evidence, generated result, or project metadata.",false,false,false,KEEP
results/raw/20260911T220239149628Z__qwen-qwen3-0-6b__full-qnone__ctx512__b1-ga1__rna__s123__01a0927e-80ad-7ced-b20e-c20c70dfa79d/environment/vm_stat_before.txt,PUBLIC_CORE,true,"Allowlisted code, configuration, data, raw evidence, generated result, or project metadata.",false,false,false,KEEP
results/raw/20260911T220239149628Z__qwen-qwen3-0-6b__full-qnone__ctx512__b1-ga1__rna__s123__01a0927e-80ad-7ced-b20e-c20c70dfa79d/logs/stderr.log,PUBLIC_CORE,true,"Allowlisted code, configuration, data, raw evidence, generated result, or project metadata.",false,false,false,KEEP
results/raw/20260911T220239149628Z__qwen-qwen3-0-6b__full-qnone__ctx512__b1-ga1__rna__s123__01a0927e-80ad-7ced-b20e-c20c70dfa79d/logs/stdout.log,PUBLIC_CORE,true,"Allowlisted code, configuration, data, raw evidence, generated result, or project metadata.",false,false,false,KEEP
results/raw/20260911T220239149628Z__qwen-qwen3-0-6b__full-qnone__ctx512__b1-ga1__rna__s123__01a0927e-80ad-7ced-b20e-c20c70dfa79d/manifest.sha256,PUBLIC_CORE,true,"Allowlisted code, configuration, data, raw evidence, generated result, or project metadata.",false,false,false,KEEP
results/raw/20260911T220239149628Z__qwen-qwen3-0-6b__full-qnone__ctx512__b1-ga1__rna__s123__01a0927e-80ad-7ced-b20e-c20c70dfa79d/result.json,PUBLIC_CORE,true,Scientific record is retained; identifier and device-path fields require separate evidence-preserving privacy remediation before publication.,false,false,true,REWRITE
results/raw/20260911T220239149628Z__qwen-qwen3-0-6b__full-qnone__ctx512__b1-ga1__rna__s123__01a0927e-80ad-7ced-b20e-c20c70dfa79d/step_timings.jsonl,PUBLIC_CORE,true,"Allowlisted code, configuration, data, raw evidence, generated result, or project metadata.",false,false,false,KEEP
results/raw/20260911T220239149628Z__qwen-qwen3-0-6b__full-qnone__ctx512__b1-ga1__rna__s123__01a0927e-80ad-7ced-b20e-c20c70dfa79d/system_monitor.jsonl,PUBLIC_CORE,true,"Allowlisted code, configuration, data, raw evidence, generated result, or project metadata.",false,false,false,KEEP
results/raw/20260911T220239149628Z__qwen-qwen3-0-6b__full-qnone__ctx512__b1-ga1__rna__s123__01a0927e-80ad-7ced-b20e-c20c70dfa79d/training_metrics.json,PUBLIC_CORE,true,"Allowlisted code, configuration, data, raw evidence, generated result, or project metadata.",false,false,false,KEEP
results/raw/20260911T220546189282Z__qwen-qwen3-0-6b__full-qnone__ctx512__b1-ga1__rna__s2026__01a09281-5b4d-77c3-829e-83f6f7f16bc7/command.txt,PUBLIC_CORE,true,"Allowlisted code, configuration, data, raw evidence, generated result, or project metadata.",false,false,false,KEEP
results/raw/20260911T220546189282Z__qwen-qwen3-0-6b__full-qnone__ctx512__b1-ga1__rna__s2026__01a09281-5b4d-77c3-829e-83f6f7f16bc7/config.yaml,PUBLIC_CORE,true,"Allowlisted code, configuration, data, raw evidence, generated result, or project metadata.",false,false,false,KEEP
results/raw/20260911T220546189282Z__qwen-qwen3-0-6b__full-qnone__ctx512__b1-ga1__rna__s2026__01a09281-5b4d-77c3-829e-83f6f7f16bc7/effective_config.json,PUBLIC_CORE,true,"Allowlisted code, configuration, data, raw evidence, generated result, or project metadata.",false,false,false,KEEP
results/raw/20260911T220546189282Z__qwen-qwen3-0-6b__full-qnone__ctx512__b1-ga1__rna__s2026__01a09281-5b4d-77c3-829e-83f6f7f16bc7/environment/raw_environment.txt,PUBLIC_CORE,true,Scientific record is retained; identifier and device-path fields require separate evidence-preserving privacy remediation before publication.,false,false,true,REWRITE
results/raw/20260911T220546189282Z__qwen-qwen3-0-6b__full-qnone__ctx512__b1-ga1__rna__s2026__01a09281-5b4d-77c3-829e-83f6f7f16bc7/environment/vm_stat_after.txt,PUBLIC_CORE,true,"Allowlisted code, configuration, data, raw evidence, generated result, or project metadata.",false,false,false,KEEP
results/raw/20260911T220546189282Z__qwen-qwen3-0-6b__full-qnone__ctx512__b1-ga1__rna__s2026__01a09281-5b4d-77c3-829e-83f6f7f16bc7/environment/vm_stat_before.txt,PUBLIC_CORE,true,"Allowlisted code, configuration, data, raw evidence, generated result, or project metadata.",false,false,false,KEEP
results/raw/20260911T220546189282Z__qwen-qwen3-0-6b__full-qnone__ctx512__b1-ga1__rna__s2026__01a09281-5b4d-77c3-829e-83f6f7f16bc7/logs/stderr.log,PUBLIC_CORE,true,"Allowlisted code, configuration, data, raw evidence, generated result, or project metadata.",false,false,false,KEEP
results/raw/20260911T220546189282Z__qwen-qwen3-0-6b__full-qnone__ctx512__b1-ga1__rna__s2026__01a09281-5b4d-77c3-829e-83f6f7f16bc7/logs/stdout.log,PUBLIC_CORE,true,"Allowlisted code, configuration, data, raw evidence, generated result, or project metadata.",false,false,false,KEEP
results/raw/20260911T220546189282Z__qwen-qwen3-0-6b__full-qnone__ctx512__b1-ga1__rna__s2026__01a09281-5b4d-77c3-829e-83f6f7f16bc7/manifest.sha256,PUBLIC_CORE,true,"Allowlisted code, configuration, data, raw evidence, generated result, or project metadata.",false,false,false,KEEP
results/raw/20260911T220546189282Z__qwen-qwen3-0-6b__full-qnone__ctx512__b1-ga1__rna__s2026__01a09281-5b4d-77c3-829e-83f6f7f16bc7/result.json,PUBLIC_CORE,true,Scientific record is retained; identifier and device-path fields require separate evidence-preserving privacy remediation before publication.,false,false,true,REWRITE
results/raw/20260911T220546189282Z__qwen-qwen3-0-6b__full-qnone__ctx512__b1-ga1__rna__s2026__01a09281-5b4d-77c3-829e-83f6f7f16bc7/step_timings.jsonl,PUBLIC_CORE,true,"Allowlisted code, configuration, data, raw evidence, generated result, or project metadata.",false,false,false,KEEP
results/raw/20260911T220546189282Z__qwen-qwen3-0-6b__full-qnone__ctx512__b1-ga1__rna__s2026__01a09281-5b4d-77c3-829e-83f6f7f16bc7/system_monitor.jsonl,PUBLIC_CORE,true,"Allowlisted code, configuration, data, raw evidence, generated result, or project metadata.",false,false,false,KEEP
results/raw/20260911T220546189282Z__qwen-qwen3-0-6b__full-qnone__ctx512__b1-ga1__rna__s2026__01a09281-5b4d-77c3-829e-83f6f7f16bc7/training_metrics.json,PUBLIC_CORE,true,"Allowlisted code, configuration, data, raw evidence, generated result, or project metadata.",false,false,false,KEEP
results/raw/20260911T220906899506Z__qwen-qwen3-0-6b__lora-qnone__ctx512__b1-ga1__r8__s42__01a09284-6b53-7097-a4c2-1413faa72d22/command.txt,PUBLIC_CORE,true,"Allowlisted code, configuration, data, raw evidence, generated result, or project metadata.",false,false,false,KEEP
results/raw/20260911T220906899506Z__qwen-qwen3-0-6b__lora-qnone__ctx512__b1-ga1__r8__s42__01a09284-6b53-7097-a4c2-1413faa72d22/config.yaml,PUBLIC_CORE,true,"Allowlisted code, configuration, data, raw evidence, generated result, or project metadata.",false,false,false,KEEP
results/raw/20260911T220906899506Z__qwen-qwen3-0-6b__lora-qnone__ctx512__b1-ga1__r8__s42__01a09284-6b53-7097-a4c2-1413faa72d22/effective_config.json,PUBLIC_CORE,true,"Allowlisted code, configuration, data, raw evidence, generated result, or project metadata.",false,false,false,KEEP
results/raw/20260911T220906899506Z__qwen-qwen3-0-6b__lora-qnone__ctx512__b1-ga1__r8__s42__01a09284-6b53-7097-a4c2-1413faa72d22/environment/raw_environment.txt,PUBLIC_CORE,true,Scientific record is retained; identifier and device-path fields require separate evidence-preserving privacy remediation before publication.,false,false,true,REWRITE
results/raw/20260911T220906899506Z__qwen-qwen3-0-6b__lora-qnone__ctx512__b1-ga1__r8__s42__01a09284-6b53-7097-a4c2-1413faa72d22/environment/vm_stat_after.txt,PUBLIC_CORE,true,"Allowlisted code, configuration, data, raw evidence, generated result, or project metadata.",false,false,false,KEEP
results/raw/20260911T220906899506Z__qwen-qwen3-0-6b__lora-qnone__ctx512__b1-ga1__r8__s42__01a09284-6b53-7097-a4c2-1413faa72d22/environment/vm_stat_before.txt,PUBLIC_CORE,true,"Allowlisted code, configuration, data, raw evidence, generated result, or project metadata.",false,false,false,KEEP
results/raw/20260911T220906899506Z__qwen-qwen3-0-6b__lora-qnone__ctx512__b1-ga1__r8__s42__01a09284-6b53-7097-a4c2-1413faa72d22/logs/stderr.log,PUBLIC_CORE,true,"Allowlisted code, configuration, data, raw evidence, generated result, or project metadata.",false,false,false,KEEP
results/raw/20260911T220906899506Z__qwen-qwen3-0-6b__lora-qnone__ctx512__b1-ga1__r8__s42__01a09284-6b53-7097-a4c2-1413faa72d22/logs/stdout.log,PUBLIC_CORE,true,"Allowlisted code, configuration, data, raw evidence, generated result, or project metadata.",false,false,false,KEEP
results/raw/20260911T220906899506Z__qwen-qwen3-0-6b__lora-qnone__ctx512__b1-ga1__r8__s42__01a09284-6b53-7097-a4c2-1413faa72d22/manifest.sha256,PUBLIC_CORE,true,"Allowlisted code, configuration, data, raw evidence, generated result, or project metadata.",false,false,false,KEEP
results/raw/20260911T220906899506Z__qwen-qwen3-0-6b__lora-qnone__ctx512__b1-ga1__r8__s42__01a09284-6b53-7097-a4c2-1413faa72d22/result.json,PUBLIC_CORE,true,Scientific record is retained; identifier and device-path fields require separate evidence-preserving privacy remediation before publication.,false,false,true,REWRITE
results/raw/20260911T220906899506Z__qwen-qwen3-0-6b__lora-qnone__ctx512__b1-ga1__r8__s42__01a09284-6b53-7097-a4c2-1413faa72d22/step_timings.jsonl,PUBLIC_CORE,true,"Allowlisted code, configuration, data, raw evidence, generated result, or project metadata.",false,false,false,KEEP
results/raw/20260911T220906899506Z__qwen-qwen3-0-6b__lora-qnone__ctx512__b1-ga1__r8__s42__01a09284-6b53-7097-a4c2-1413faa72d22/system_monitor.jsonl,PUBLIC_CORE,true,"Allowlisted code, configuration, data, raw evidence, generated result, or project metadata.",false,false,false,KEEP
results/raw/20260911T220906899506Z__qwen-qwen3-0-6b__lora-qnone__ctx512__b1-ga1__r8__s42__01a09284-6b53-7097-a4c2-1413faa72d22/training_metrics.json,PUBLIC_CORE,true,"Allowlisted code, configuration, data, raw evidence, generated result, or project metadata.",false,false,false,KEEP
results/raw/20260911T221111158558Z__qwen-qwen3-0-6b__lora-qnone__ctx512__b1-ga1__r8__s123__01a09286-50b6-79c6-87bb-a79f0c53c08a/command.txt,PUBLIC_CORE,true,"Allowlisted code, configuration, data, raw evidence, generated result, or project metadata.",false,false,false,KEEP
results/raw/20260911T221111158558Z__qwen-qwen3-0-6b__lora-qnone__ctx512__b1-ga1__r8__s123__01a09286-50b6-79c6-87bb-a79f0c53c08a/config.yaml,PUBLIC_CORE,true,"Allowlisted code, configuration, data, raw evidence, generated result, or project metadata.",false,false,false,KEEP
results/raw/20260911T221111158558Z__qwen-qwen3-0-6b__lora-qnone__ctx512__b1-ga1__r8__s123__01a09286-50b6-79c6-87bb-a79f0c53c08a/effective_config.json,PUBLIC_CORE,true,"Allowlisted code, configuration, data, raw evidence, generated result, or project metadata.",false,false,false,KEEP
results/raw/20260911T221111158558Z__qwen-qwen3-0-6b__lora-qnone__ctx512__b1-ga1__r8__s123__01a09286-50b6-79c6-87bb-a79f0c53c08a/environment/raw_environment.txt,PUBLIC_CORE,true,Scientific record is retained; identifier and device-path fields require separate evidence-preserving privacy remediation before publication.,false,false,true,REWRITE
results/raw/20260911T221111158558Z__qwen-qwen3-0-6b__lora-qnone__ctx512__b1-ga1__r8__s123__01a09286-50b6-79c6-87bb-a79f0c53c08a/environment/vm_stat_after.txt,PUBLIC_CORE,true,"Allowlisted code, configuration, data, raw evidence, generated result, or project metadata.",false,false,false,KEEP
results/raw/20260911T221111158558Z__qwen-qwen3-0-6b__lora-qnone__ctx512__b1-ga1__r8__s123__01a09286-50b6-79c6-87bb-a79f0c53c08a/environment/vm_stat_before.txt,PUBLIC_CORE,true,"Allowlisted code, configuration, data, raw evidence, generated result, or project metadata.",false,false,false,KEEP
results/raw/20260911T221111158558Z__qwen-qwen3-0-6b__lora-qnone__ctx512__b1-ga1__r8__s123__01a09286-50b6-79c6-87bb-a79f0c53c08a/logs/stderr.log,PUBLIC_CORE,true,"Allowlisted code, configuration, data, raw evidence, generated result, or project metadata.",false,false,false,KEEP
results/raw/20260911T221111158558Z__qwen-qwen3-0-6b__lora-qnone__ctx512__b1-ga1__r8__s123__01a09286-50b6-79c6-87bb-a79f0c53c08a/logs/stdout.log,PUBLIC_CORE,true,"Allowlisted code, configuration, data, raw evidence, generated result, or project metadata.",false,false,false,KEEP
results/raw/20260911T221111158558Z__qwen-qwen3-0-6b__lora-qnone__ctx512__b1-ga1__r8__s123__01a09286-50b6-79c6-87bb-a79f0c53c08a/manifest.sha256,PUBLIC_CORE,true,"Allowlisted code, configuration, data, raw evidence, generated result, or project metadata.",false,false,false,KEEP
results/raw/20260911T221111158558Z__qwen-qwen3-0-6b__lora-qnone__ctx512__b1-ga1__r8__s123__01a09286-50b6-79c6-87bb-a79f0c53c08a/result.json,PUBLIC_CORE,true,Scientific record is retained; identifier and device-path fields require separate evidence-preserving privacy remediation before publication.,false,false,true,REWRITE
results/raw/20260911T221111158558Z__qwen-qwen3-0-6b__lora-qnone__ctx512__b1-ga1__r8__s123__01a09286-50b6-79c6-87bb-a79f0c53c08a/step_timings.jsonl,PUBLIC_CORE,true,"Allowlisted code, configuration, data, raw evidence, generated result, or project metadata.",false,false,false,KEEP
results/raw/20260911T221111158558Z__qwen-qwen3-0-6b__lora-qnone__ctx512__b1-ga1__r8__s123__01a09286-50b6-79c6-87bb-a79f0c53c08a/system_monitor.jsonl,PUBLIC_CORE,true,"Allowlisted code, configuration, data, raw evidence, generated result, or project metadata.",false,false,false,KEEP
results/raw/20260911T221111158558Z__qwen-qwen3-0-6b__lora-qnone__ctx512__b1-ga1__r8__s123__01a09286-50b6-79c6-87bb-a79f0c53c08a/training_metrics.json,PUBLIC_CORE,true,"Allowlisted code, configuration, data, raw evidence, generated result, or project metadata.",false,false,false,KEEP
results/raw/20260911T221315568724Z__qwen-qwen3-0-6b__lora-qnone__ctx512__b1-ga1__r8__s2026__01a09288-36b0-751a-a7c4-9e311dccf329/command.txt,PUBLIC_CORE,true,"Allowlisted code, configuration, data, raw evidence, generated result, or project metadata.",false,false,false,KEEP
results/raw/20260911T221315568724Z__qwen-qwen3-0-6b__lora-qnone__ctx512__b1-ga1__r8__s2026__01a09288-36b0-751a-a7c4-9e311dccf329/config.yaml,PUBLIC_CORE,true,"Allowlisted code, configuration, data, raw evidence, generated result, or project metadata.",false,false,false,KEEP
results/raw/20260911T221315568724Z__qwen-qwen3-0-6b__lora-qnone__ctx512__b1-ga1__r8__s2026__01a09288-36b0-751a-a7c4-9e311dccf329/effective_config.json,PUBLIC_CORE,true,"Allowlisted code, configuration, data, raw evidence, generated result, or project metadata.",false,false,false,KEEP
results/raw/20260911T221315568724Z__qwen-qwen3-0-6b__lora-qnone__ctx512__b1-ga1__r8__s2026__01a09288-36b0-751a-a7c4-9e311dccf329/environment/raw_environment.txt,PUBLIC_CORE,true,Scientific record is retained; identifier and device-path fields require separate evidence-preserving privacy remediation before publication.,false,false,true,REWRITE
results/raw/20260911T221315568724Z__qwen-qwen3-0-6b__lora-qnone__ctx512__b1-ga1__r8__s2026__01a09288-36b0-751a-a7c4-9e311dccf329/environment/vm_stat_after.txt,PUBLIC_CORE,true,"Allowlisted code, configuration, data, raw evidence, generated result, or project metadata.",false,false,false,KEEP
results/raw/20260911T221315568724Z__qwen-qwen3-0-6b__lora-qnone__ctx512__b1-ga1__r8__s2026__01a09288-36b0-751a-a7c4-9e311dccf329/environment/vm_stat_before.txt,PUBLIC_CORE,true,"Allowlisted code, configuration, data, raw evidence, generated result, or project metadata.",false,false,false,KEEP
results/raw/20260911T221315568724Z__qwen-qwen3-0-6b__lora-qnone__ctx512__b1-ga1__r8__s2026__01a09288-36b0-751a-a7c4-9e311dccf329/logs/stderr.log,PUBLIC_CORE,true,"Allowlisted code, configuration, data, raw evidence, generated result, or project metadata.",false,false,false,KEEP
results/raw/20260911T221315568724Z__qwen-qwen3-0-6b__lora-qnone__ctx512__b1-ga1__r8__s2026__01a09288-36b0-751a-a7c4-9e311dccf329/logs/stdout.log,PUBLIC_CORE,true,"Allowlisted code, configuration, data, raw evidence, generated result, or project metadata.",false,false,false,KEEP
results/raw/20260911T221315568724Z__qwen-qwen3-0-6b__lora-qnone__ctx512__b1-ga1__r8__s2026__01a09288-36b0-751a-a7c4-9e311dccf329/manifest.sha256,PUBLIC_CORE,true,"Allowlisted code, configuration, data, raw evidence, generated result, or project metadata.",false,false,false,KEEP
results/raw/20260911T221315568724Z__qwen-qwen3-0-6b__lora-qnone__ctx512__b1-ga1__r8__s2026__01a09288-36b0-751a-a7c4-9e311dccf329/result.json,PUBLIC_CORE,true,Scientific record is retained; identifier and device-path fields require separate evidence-preserving privacy remediation before publication.,false,false,true,REWRITE
results/raw/20260911T221315568724Z__qwen-qwen3-0-6b__lora-qnone__ctx512__b1-ga1__r8__s2026__01a09288-36b0-751a-a7c4-9e311dccf329/step_timings.jsonl,PUBLIC_CORE,true,"Allowlisted code, configuration, data, raw evidence, generated result, or project metadata.",false,false,false,KEEP
results/raw/20260911T221315568724Z__qwen-qwen3-0-6b__lora-qnone__ctx512__b1-ga1__r8__s2026__01a09288-36b0-751a-a7c4-9e311dccf329/system_monitor.jsonl,PUBLIC_CORE,true,"Allowlisted code, configuration, data, raw evidence, generated result, or project metadata.",false,false,false,KEEP
results/raw/20260911T221315568724Z__qwen-qwen3-0-6b__lora-qnone__ctx512__b1-ga1__r8__s2026__01a09288-36b0-751a-a7c4-9e311dccf329/training_metrics.json,PUBLIC_CORE,true,"Allowlisted code, configuration, data, raw evidence, generated result, or project metadata.",false,false,false,KEEP
results/raw/20260911T221519615040Z__mlx-community-qwen3-0-6b-4bit__qlora-q4__ctx512__b1-ga1__r8__s42__01a0928a-1b3f-76f4-8d07-348dc8d058e0/command.txt,PUBLIC_CORE,true,"Allowlisted code, configuration, data, raw evidence, generated result, or project metadata.",false,false,false,KEEP
results/raw/20260911T221519615040Z__mlx-community-qwen3-0-6b-4bit__qlora-q4__ctx512__b1-ga1__r8__s42__01a0928a-1b3f-76f4-8d07-348dc8d058e0/config.yaml,PUBLIC_CORE,true,"Allowlisted code, configuration, data, raw evidence, generated result, or project metadata.",false,false,false,KEEP
results/raw/20260911T221519615040Z__mlx-community-qwen3-0-6b-4bit__qlora-q4__ctx512__b1-ga1__r8__s42__01a0928a-1b3f-76f4-8d07-348dc8d058e0/effective_config.json,PUBLIC_CORE,true,"Allowlisted code, configuration, data, raw evidence, generated result, or project metadata.",false,false,false,KEEP
results/raw/20260911T221519615040Z__mlx-community-qwen3-0-6b-4bit__qlora-q4__ctx512__b1-ga1__r8__s42__01a0928a-1b3f-76f4-8d07-348dc8d058e0/environment/raw_environment.txt,PUBLIC_CORE,true,Scientific record is retained; identifier and device-path fields require separate evidence-preserving privacy remediation before publication.,false,false,true,REWRITE
results/raw/20260911T221519615040Z__mlx-community-qwen3-0-6b-4bit__qlora-q4__ctx512__b1-ga1__r8__s42__01a0928a-1b3f-76f4-8d07-348dc8d058e0/environment/vm_stat_after.txt,PUBLIC_CORE,true,"Allowlisted code, configuration, data, raw evidence, generated result, or project metadata.",false,false,false,KEEP
results/raw/20260911T221519615040Z__mlx-community-qwen3-0-6b-4bit__qlora-q4__ctx512__b1-ga1__r8__s42__01a0928a-1b3f-76f4-8d07-348dc8d058e0/environment/vm_stat_before.txt,PUBLIC_CORE,true,"Allowlisted code, configuration, data, raw evidence, generated result, or project metadata.",false,false,false,KEEP
results/raw/20260911T221519615040Z__mlx-community-qwen3-0-6b-4bit__qlora-q4__ctx512__b1-ga1__r8__s42__01a0928a-1b3f-76f4-8d07-348dc8d058e0/logs/stderr.log,PUBLIC_CORE,true,"Allowlisted code, configuration, data, raw evidence, generated result, or project metadata.",false,false,false,KEEP
results/raw/20260911T221519615040Z__mlx-community-qwen3-0-6b-4bit__qlora-q4__ctx512__b1-ga1__r8__s42__01a0928a-1b3f-76f4-8d07-348dc8d058e0/logs/stdout.log,PUBLIC_CORE,true,"Allowlisted code, configuration, data, raw evidence, generated result, or project metadata.",false,false,false,KEEP
results/raw/20260911T221519615040Z__mlx-community-qwen3-0-6b-4bit__qlora-q4__ctx512__b1-ga1__r8__s42__01a0928a-1b3f-76f4-8d07-348dc8d058e0/manifest.sha256,PUBLIC_CORE,true,"Allowlisted code, configuration, data, raw evidence, generated result, or project metadata.",false,false,false,KEEP
results/raw/20260911T221519615040Z__mlx-community-qwen3-0-6b-4bit__qlora-q4__ctx512__b1-ga1__r8__s42__01a0928a-1b3f-76f4-8d07-348dc8d058e0/result.json,PUBLIC_CORE,true,Scientific record is retained; identifier and device-path fields require separate evidence-preserving privacy remediation before publication.,false,false,true,REWRITE
results/raw/20260911T221519615040Z__mlx-community-qwen3-0-6b-4bit__qlora-q4__ctx512__b1-ga1__r8__s42__01a0928a-1b3f-76f4-8d07-348dc8d058e0/step_timings.jsonl,PUBLIC_CORE,true,"Allowlisted code, configuration, data, raw evidence, generated result, or project metadata.",false,false,false,KEEP
results/raw/20260911T221519615040Z__mlx-community-qwen3-0-6b-4bit__qlora-q4__ctx512__b1-ga1__r8__s42__01a0928a-1b3f-76f4-8d07-348dc8d058e0/system_monitor.jsonl,PUBLIC_CORE,true,"Allowlisted code, configuration, data, raw evidence, generated result, or project metadata.",false,false,false,KEEP
results/raw/20260911T221519615040Z__mlx-community-qwen3-0-6b-4bit__qlora-q4__ctx512__b1-ga1__r8__s42__01a0928a-1b3f-76f4-8d07-348dc8d058e0/training_metrics.json,PUBLIC_CORE,true,"Allowlisted code, configuration, data, raw evidence, generated result, or project metadata.",false,false,false,KEEP
results/raw/20260911T221731131287Z__mlx-community-qwen3-0-6b-4bit__qlora-q4__ctx512__b1-ga1__r8__s123__01a0928c-1cfb-75b7-b600-5fadccb13f6f/command.txt,PUBLIC_CORE,true,"Allowlisted code, configuration, data, raw evidence, generated result, or project metadata.",false,false,false,KEEP
results/raw/20260911T221731131287Z__mlx-community-qwen3-0-6b-4bit__qlora-q4__ctx512__b1-ga1__r8__s123__01a0928c-1cfb-75b7-b600-5fadccb13f6f/config.yaml,PUBLIC_CORE,true,"Allowlisted code, configuration, data, raw evidence, generated result, or project metadata.",false,false,false,KEEP
results/raw/20260911T221731131287Z__mlx-community-qwen3-0-6b-4bit__qlora-q4__ctx512__b1-ga1__r8__s123__01a0928c-1cfb-75b7-b600-5fadccb13f6f/effective_config.json,PUBLIC_CORE,true,"Allowlisted code, configuration, data, raw evidence, generated result, or project metadata.",false,false,false,KEEP
results/raw/20260911T221731131287Z__mlx-community-qwen3-0-6b-4bit__qlora-q4__ctx512__b1-ga1__r8__s123__01a0928c-1cfb-75b7-b600-5fadccb13f6f/environment/raw_environment.txt,PUBLIC_CORE,true,Scientific record is retained; identifier and device-path fields require separate evidence-preserving privacy remediation before publication.,false,false,true,REWRITE
results/raw/20260911T221731131287Z__mlx-community-qwen3-0-6b-4bit__qlora-q4__ctx512__b1-ga1__r8__s123__01a0928c-1cfb-75b7-b600-5fadccb13f6f/environment/vm_stat_after.txt,PUBLIC_CORE,true,"Allowlisted code, configuration, data, raw evidence, generated result, or project metadata.",false,false,false,KEEP
results/raw/20260911T221731131287Z__mlx-community-qwen3-0-6b-4bit__qlora-q4__ctx512__b1-ga1__r8__s123__01a0928c-1cfb-75b7-b600-5fadccb13f6f/environment/vm_stat_before.txt,PUBLIC_CORE,true,"Allowlisted code, configuration, data, raw evidence, generated result, or project metadata.",false,false,false,KEEP
results/raw/20260911T221731131287Z__mlx-community-qwen3-0-6b-4bit__qlora-q4__ctx512__b1-ga1__r8__s123__01a0928c-1cfb-75b7-b600-5fadccb13f6f/logs/stderr.log,PUBLIC_CORE,true,"Allowlisted code, configuration, data, raw evidence, generated result, or project metadata.",false,false,false,KEEP
results/raw/20260911T221731131287Z__mlx-community-qwen3-0-6b-4bit__qlora-q4__ctx512__b1-ga1__r8__s123__01a0928c-1cfb-75b7-b600-5fadccb13f6f/logs/stdout.log,PUBLIC_CORE,true,"Allowlisted code, configuration, data, raw evidence, generated result, or project metadata.",false,false,false,KEEP
results/raw/20260911T221731131287Z__mlx-community-qwen3-0-6b-4bit__qlora-q4__ctx512__b1-ga1__r8__s123__01a0928c-1cfb-75b7-b600-5fadccb13f6f/manifest.sha256,PUBLIC_CORE,true,"Allowlisted code, configuration, data, raw evidence, generated result, or project metadata.",false,false,false,KEEP
results/raw/20260911T221731131287Z__mlx-community-qwen3-0-6b-4bit__qlora-q4__ctx512__b1-ga1__r8__s123__01a0928c-1cfb-75b7-b600-5fadccb13f6f/result.json,PUBLIC_CORE,true,Scientific record is retained; identifier and device-path fields require separate evidence-preserving privacy remediation before publication.,false,false,true,REWRITE
results/raw/20260911T221731131287Z__mlx-community-qwen3-0-6b-4bit__qlora-q4__ctx512__b1-ga1__r8__s123__01a0928c-1cfb-75b7-b600-5fadccb13f6f/step_timings.jsonl,PUBLIC_CORE,true,"Allowlisted code, configuration, data, raw evidence, generated result, or project metadata.",false,false,false,KEEP
results/raw/20260911T221731131287Z__mlx-community-qwen3-0-6b-4bit__qlora-q4__ctx512__b1-ga1__r8__s123__01a0928c-1cfb-75b7-b600-5fadccb13f6f/system_monitor.jsonl,PUBLIC_CORE,true,"Allowlisted code, configuration, data, raw evidence, generated result, or project metadata.",false,false,false,KEEP
results/raw/20260911T221731131287Z__mlx-community-qwen3-0-6b-4bit__qlora-q4__ctx512__b1-ga1__r8__s123__01a0928c-1cfb-75b7-b600-5fadccb13f6f/training_metrics.json,PUBLIC_CORE,true,"Allowlisted code, configuration, data, raw evidence, generated result, or project metadata.",false,false,false,KEEP
results/raw/20260911T221944104849Z__mlx-community-qwen3-0-6b-4bit__qlora-q4__ctx512__b1-ga1__r8__s2026__01a0928e-2468-7e99-b122-1df85235deb2/command.txt,PUBLIC_CORE,true,"Allowlisted code, configuration, data, raw evidence, generated result, or project metadata.",false,false,false,KEEP
results/raw/20260911T221944104849Z__mlx-community-qwen3-0-6b-4bit__qlora-q4__ctx512__b1-ga1__r8__s2026__01a0928e-2468-7e99-b122-1df85235deb2/config.yaml,PUBLIC_CORE,true,"Allowlisted code, configuration, data, raw evidence, generated result, or project metadata.",false,false,false,KEEP
results/raw/20260911T221944104849Z__mlx-community-qwen3-0-6b-4bit__qlora-q4__ctx512__b1-ga1__r8__s2026__01a0928e-2468-7e99-b122-1df85235deb2/effective_config.json,PUBLIC_CORE,true,"Allowlisted code, configuration, data, raw evidence, generated result, or project metadata.",false,false,false,KEEP
results/raw/20260911T221944104849Z__mlx-community-qwen3-0-6b-4bit__qlora-q4__ctx512__b1-ga1__r8__s2026__01a0928e-2468-7e99-b122-1df85235deb2/environment/raw_environment.txt,PUBLIC_CORE,true,Scientific record is retained; identifier and device-path fields require separate evidence-preserving privacy remediation before publication.,false,false,true,REWRITE
results/raw/20260911T221944104849Z__mlx-community-qwen3-0-6b-4bit__qlora-q4__ctx512__b1-ga1__r8__s2026__01a0928e-2468-7e99-b122-1df85235deb2/environment/vm_stat_after.txt,PUBLIC_CORE,true,"Allowlisted code, configuration, data, raw evidence, generated result, or project metadata.",false,false,false,KEEP
results/raw/20260911T221944104849Z__mlx-community-qwen3-0-6b-4bit__qlora-q4__ctx512__b1-ga1__r8__s2026__01a0928e-2468-7e99-b122-1df85235deb2/environment/vm_stat_before.txt,PUBLIC_CORE,true,"Allowlisted code, configuration, data, raw evidence, generated result, or project metadata.",false,false,false,KEEP
results/raw/20260911T221944104849Z__mlx-community-qwen3-0-6b-4bit__qlora-q4__ctx512__b1-ga1__r8__s2026__01a0928e-2468-7e99-b122-1df85235deb2/logs/stderr.log,PUBLIC_CORE,true,"Allowlisted code, configuration, data, raw evidence, generated result, or project metadata.",false,false,false,KEEP
results/raw/20260911T221944104849Z__mlx-community-qwen3-0-6b-4bit__qlora-q4__ctx512__b1-ga1__r8__s2026__01a0928e-2468-7e99-b122-1df85235deb2/logs/stdout.log,PUBLIC_CORE,true,"Allowlisted code, configuration, data, raw evidence, generated result, or project metadata.",false,false,false,KEEP
results/raw/20260911T221944104849Z__mlx-community-qwen3-0-6b-4bit__qlora-q4__ctx512__b1-ga1__r8__s2026__01a0928e-2468-7e99-b122-1df85235deb2/manifest.sha256,PUBLIC_CORE,true,"Allowlisted code, configuration, data, raw evidence, generated result, or project metadata.",false,false,false,KEEP
results/raw/20260911T221944104849Z__mlx-community-qwen3-0-6b-4bit__qlora-q4__ctx512__b1-ga1__r8__s2026__01a0928e-2468-7e99-b122-1df85235deb2/result.json,PUBLIC_CORE,true,Scientific record is retained; identifier and device-path fields require separate evidence-preserving privacy remediation before publication.,false,false,true,REWRITE
results/raw/20260911T221944104849Z__mlx-community-qwen3-0-6b-4bit__qlora-q4__ctx512__b1-ga1__r8__s2026__01a0928e-2468-7e99-b122-1df85235deb2/step_timings.jsonl,PUBLIC_CORE,true,"Allowlisted code, configuration, data, raw evidence, generated result, or project metadata.",false,false,false,KEEP
results/raw/20260911T221944104849Z__mlx-community-qwen3-0-6b-4bit__qlora-q4__ctx512__b1-ga1__r8__s2026__01a0928e-2468-7e99-b122-1df85235deb2/system_monitor.jsonl,PUBLIC_CORE,true,"Allowlisted code, configuration, data, raw evidence, generated result, or project metadata.",false,false,false,KEEP
results/raw/20260911T221944104849Z__mlx-community-qwen3-0-6b-4bit__qlora-q4__ctx512__b1-ga1__r8__s2026__01a0928e-2468-7e99-b122-1df85235deb2/training_metrics.json,PUBLIC_CORE,true,"Allowlisted code, configuration, data, raw evidence, generated result, or project metadata.",false,false,false,KEEP
results/raw/20260911T222156750583Z__qwen-qwen3-1-7b__lora-qnone__ctx512__b1-ga1__r8__s42__01a09290-2a8e-76cb-a897-bacd1d83ce03/command.txt,PUBLIC_CORE,true,"Allowlisted code, configuration, data, raw evidence, generated result, or project metadata.",false,false,false,KEEP
results/raw/20260911T222156750583Z__qwen-qwen3-1-7b__lora-qnone__ctx512__b1-ga1__r8__s42__01a09290-2a8e-76cb-a897-bacd1d83ce03/config.yaml,PUBLIC_CORE,true,"Allowlisted code, configuration, data, raw evidence, generated result, or project metadata.",false,false,false,KEEP
results/raw/20260911T222156750583Z__qwen-qwen3-1-7b__lora-qnone__ctx512__b1-ga1__r8__s42__01a09290-2a8e-76cb-a897-bacd1d83ce03/effective_config.json,PUBLIC_CORE,true,"Allowlisted code, configuration, data, raw evidence, generated result, or project metadata.",false,false,false,KEEP
results/raw/20260911T222156750583Z__qwen-qwen3-1-7b__lora-qnone__ctx512__b1-ga1__r8__s42__01a09290-2a8e-76cb-a897-bacd1d83ce03/environment/raw_environment.txt,PUBLIC_CORE,true,Scientific record is retained; identifier and device-path fields require separate evidence-preserving privacy remediation before publication.,false,false,true,REWRITE
results/raw/20260911T222156750583Z__qwen-qwen3-1-7b__lora-qnone__ctx512__b1-ga1__r8__s42__01a09290-2a8e-76cb-a897-bacd1d83ce03/environment/vm_stat_after.txt,PUBLIC_CORE,true,"Allowlisted code, configuration, data, raw evidence, generated result, or project metadata.",false,false,false,KEEP
results/raw/20260911T222156750583Z__qwen-qwen3-1-7b__lora-qnone__ctx512__b1-ga1__r8__s42__01a09290-2a8e-76cb-a897-bacd1d83ce03/environment/vm_stat_before.txt,PUBLIC_CORE,true,"Allowlisted code, configuration, data, raw evidence, generated result, or project metadata.",false,false,false,KEEP
results/raw/20260911T222156750583Z__qwen-qwen3-1-7b__lora-qnone__ctx512__b1-ga1__r8__s42__01a09290-2a8e-76cb-a897-bacd1d83ce03/logs/stderr.log,PUBLIC_CORE,true,"Allowlisted code, configuration, data, raw evidence, generated result, or project metadata.",false,false,false,KEEP
results/raw/20260911T222156750583Z__qwen-qwen3-1-7b__lora-qnone__ctx512__b1-ga1__r8__s42__01a09290-2a8e-76cb-a897-bacd1d83ce03/logs/stdout.log,PUBLIC_CORE,true,"Allowlisted code, configuration, data, raw evidence, generated result, or project metadata.",false,false,false,KEEP
results/raw/20260911T222156750583Z__qwen-qwen3-1-7b__lora-qnone__ctx512__b1-ga1__r8__s42__01a09290-2a8e-76cb-a897-bacd1d83ce03/manifest.sha256,PUBLIC_CORE,true,"Allowlisted code, configuration, data, raw evidence, generated result, or project metadata.",false,false,false,KEEP
results/raw/20260911T222156750583Z__qwen-qwen3-1-7b__lora-qnone__ctx512__b1-ga1__r8__s42__01a09290-2a8e-76cb-a897-bacd1d83ce03/result.json,PUBLIC_CORE,true,Scientific record is retained; identifier and device-path fields require separate evidence-preserving privacy remediation before publication.,false,false,true,REWRITE
results/raw/20260911T222156750583Z__qwen-qwen3-1-7b__lora-qnone__ctx512__b1-ga1__r8__s42__01a09290-2a8e-76cb-a897-bacd1d83ce03/step_timings.jsonl,PUBLIC_CORE,true,"Allowlisted code, configuration, data, raw evidence, generated result, or project metadata.",false,false,false,KEEP
results/raw/20260911T222156750583Z__qwen-qwen3-1-7b__lora-qnone__ctx512__b1-ga1__r8__s42__01a09290-2a8e-76cb-a897-bacd1d83ce03/system_monitor.jsonl,PUBLIC_CORE,true,"Allowlisted code, configuration, data, raw evidence, generated result, or project metadata.",false,false,false,KEEP
results/raw/20260911T222156750583Z__qwen-qwen3-1-7b__lora-qnone__ctx512__b1-ga1__r8__s42__01a09290-2a8e-76cb-a897-bacd1d83ce03/training_metrics.json,PUBLIC_CORE,true,"Allowlisted code, configuration, data, raw evidence, generated result, or project metadata.",false,false,false,KEEP
results/raw/20260911T222616713158Z__qwen-qwen3-1-7b__lora-qnone__ctx512__b1-ga1__r8__s123__01a09294-2209-772a-a046-f6b62c22e592/command.txt,PUBLIC_CORE,true,"Allowlisted code, configuration, data, raw evidence, generated result, or project metadata.",false,false,false,KEEP
results/raw/20260911T222616713158Z__qwen-qwen3-1-7b__lora-qnone__ctx512__b1-ga1__r8__s123__01a09294-2209-772a-a046-f6b62c22e592/config.yaml,PUBLIC_CORE,true,"Allowlisted code, configuration, data, raw evidence, generated result, or project metadata.",false,false,false,KEEP
results/raw/20260911T222616713158Z__qwen-qwen3-1-7b__lora-qnone__ctx512__b1-ga1__r8__s123__01a09294-2209-772a-a046-f6b62c22e592/effective_config.json,PUBLIC_CORE,true,"Allowlisted code, configuration, data, raw evidence, generated result, or project metadata.",false,false,false,KEEP
results/raw/20260911T222616713158Z__qwen-qwen3-1-7b__lora-qnone__ctx512__b1-ga1__r8__s123__01a09294-2209-772a-a046-f6b62c22e592/environment/raw_environment.txt,PUBLIC_CORE,true,Scientific record is retained; identifier and device-path fields require separate evidence-preserving privacy remediation before publication.,false,false,true,REWRITE
results/raw/20260911T222616713158Z__qwen-qwen3-1-7b__lora-qnone__ctx512__b1-ga1__r8__s123__01a09294-2209-772a-a046-f6b62c22e592/environment/vm_stat_after.txt,PUBLIC_CORE,true,"Allowlisted code, configuration, data, raw evidence, generated result, or project metadata.",false,false,false,KEEP
results/raw/20260911T222616713158Z__qwen-qwen3-1-7b__lora-qnone__ctx512__b1-ga1__r8__s123__01a09294-2209-772a-a046-f6b62c22e592/environment/vm_stat_before.txt,PUBLIC_CORE,true,"Allowlisted code, configuration, data, raw evidence, generated result, or project metadata.",false,false,false,KEEP
results/raw/20260911T222616713158Z__qwen-qwen3-1-7b__lora-qnone__ctx512__b1-ga1__r8__s123__01a09294-2209-772a-a046-f6b62c22e592/logs/stderr.log,PUBLIC_CORE,true,"Allowlisted code, configuration, data, raw evidence, generated result, or project metadata.",false,false,false,KEEP
results/raw/20260911T222616713158Z__qwen-qwen3-1-7b__lora-qnone__ctx512__b1-ga1__r8__s123__01a09294-2209-772a-a046-f6b62c22e592/logs/stdout.log,PUBLIC_CORE,true,"Allowlisted code, configuration, data, raw evidence, generated result, or project metadata.",false,false,false,KEEP
results/raw/20260911T222616713158Z__qwen-qwen3-1-7b__lora-qnone__ctx512__b1-ga1__r8__s123__01a09294-2209-772a-a046-f6b62c22e592/manifest.sha256,PUBLIC_CORE,true,"Allowlisted code, configuration, data, raw evidence, generated result, or project metadata.",false,false,false,KEEP
results/raw/20260911T222616713158Z__qwen-qwen3-1-7b__lora-qnone__ctx512__b1-ga1__r8__s123__01a09294-2209-772a-a046-f6b62c22e592/result.json,PUBLIC_CORE,true,Scientific record is retained; identifier and device-path fields require separate evidence-preserving privacy remediation before publication.,false,false,true,REWRITE
results/raw/20260911T222616713158Z__qwen-qwen3-1-7b__lora-qnone__ctx512__b1-ga1__r8__s123__01a09294-2209-772a-a046-f6b62c22e592/step_timings.jsonl,PUBLIC_CORE,true,"Allowlisted code, configuration, data, raw evidence, generated result, or project metadata.",false,false,false,KEEP
results/raw/20260911T222616713158Z__qwen-qwen3-1-7b__lora-qnone__ctx512__b1-ga1__r8__s123__01a09294-2209-772a-a046-f6b62c22e592/system_monitor.jsonl,PUBLIC_CORE,true,"Allowlisted code, configuration, data, raw evidence, generated result, or project metadata.",false,false,false,KEEP
results/raw/20260911T222616713158Z__qwen-qwen3-1-7b__lora-qnone__ctx512__b1-ga1__r8__s123__01a09294-2209-772a-a046-f6b62c22e592/training_metrics.json,PUBLIC_CORE,true,"Allowlisted code, configuration, data, raw evidence, generated result, or project metadata.",false,false,false,KEEP
results/raw/20260911T223000003930Z__qwen-qwen3-1-7b__lora-qnone__ctx512__b1-ga1__r8__s2026__01a09297-8a44-7410-9bb9-ff754164f943/command.txt,PUBLIC_CORE,true,"Allowlisted code, configuration, data, raw evidence, generated result, or project metadata.",false,false,false,KEEP
results/raw/20260911T223000003930Z__qwen-qwen3-1-7b__lora-qnone__ctx512__b1-ga1__r8__s2026__01a09297-8a44-7410-9bb9-ff754164f943/config.yaml,PUBLIC_CORE,true,"Allowlisted code, configuration, data, raw evidence, generated result, or project metadata.",false,false,false,KEEP
results/raw/20260911T223000003930Z__qwen-qwen3-1-7b__lora-qnone__ctx512__b1-ga1__r8__s2026__01a09297-8a44-7410-9bb9-ff754164f943/effective_config.json,PUBLIC_CORE,true,"Allowlisted code, configuration, data, raw evidence, generated result, or project metadata.",false,false,false,KEEP
results/raw/20260911T223000003930Z__qwen-qwen3-1-7b__lora-qnone__ctx512__b1-ga1__r8__s2026__01a09297-8a44-7410-9bb9-ff754164f943/environment/raw_environment.txt,PUBLIC_CORE,true,Scientific record is retained; identifier and device-path fields require separate evidence-preserving privacy remediation before publication.,false,false,true,REWRITE
results/raw/20260911T223000003930Z__qwen-qwen3-1-7b__lora-qnone__ctx512__b1-ga1__r8__s2026__01a09297-8a44-7410-9bb9-ff754164f943/environment/vm_stat_after.txt,PUBLIC_CORE,true,"Allowlisted code, configuration, data, raw evidence, generated result, or project metadata.",false,false,false,KEEP
results/raw/20260911T223000003930Z__qwen-qwen3-1-7b__lora-qnone__ctx512__b1-ga1__r8__s2026__01a09297-8a44-7410-9bb9-ff754164f943/environment/vm_stat_before.txt,PUBLIC_CORE,true,"Allowlisted code, configuration, data, raw evidence, generated result, or project metadata.",false,false,false,KEEP
results/raw/20260911T223000003930Z__qwen-qwen3-1-7b__lora-qnone__ctx512__b1-ga1__r8__s2026__01a09297-8a44-7410-9bb9-ff754164f943/logs/stderr.log,PUBLIC_CORE,true,"Allowlisted code, configuration, data, raw evidence, generated result, or project metadata.",false,false,false,KEEP
results/raw/20260911T223000003930Z__qwen-qwen3-1-7b__lora-qnone__ctx512__b1-ga1__r8__s2026__01a09297-8a44-7410-9bb9-ff754164f943/logs/stdout.log,PUBLIC_CORE,true,"Allowlisted code, configuration, data, raw evidence, generated result, or project metadata.",false,false,false,KEEP
results/raw/20260911T223000003930Z__qwen-qwen3-1-7b__lora-qnone__ctx512__b1-ga1__r8__s2026__01a09297-8a44-7410-9bb9-ff754164f943/manifest.sha256,PUBLIC_CORE,true,"Allowlisted code, configuration, data, raw evidence, generated result, or project metadata.",false,false,false,KEEP
results/raw/20260911T223000003930Z__qwen-qwen3-1-7b__lora-qnone__ctx512__b1-ga1__r8__s2026__01a09297-8a44-7410-9bb9-ff754164f943/result.json,PUBLIC_CORE,true,Scientific record is retained; identifier and device-path fields require separate evidence-preserving privacy remediation before publication.,false,false,true,REWRITE
results/raw/20260911T223000003930Z__qwen-qwen3-1-7b__lora-qnone__ctx512__b1-ga1__r8__s2026__01a09297-8a44-7410-9bb9-ff754164f943/step_timings.jsonl,PUBLIC_CORE,true,"Allowlisted code, configuration, data, raw evidence, generated result, or project metadata.",false,false,false,KEEP
results/raw/20260911T223000003930Z__qwen-qwen3-1-7b__lora-qnone__ctx512__b1-ga1__r8__s2026__01a09297-8a44-7410-9bb9-ff754164f943/system_monitor.jsonl,PUBLIC_CORE,true,"Allowlisted code, configuration, data, raw evidence, generated result, or project metadata.",false,false,false,KEEP
results/raw/20260911T223000003930Z__qwen-qwen3-1-7b__lora-qnone__ctx512__b1-ga1__r8__s2026__01a09297-8a44-7410-9bb9-ff754164f943/training_metrics.json,PUBLIC_CORE,true,"Allowlisted code, configuration, data, raw evidence, generated result, or project metadata.",false,false,false,KEEP
results/raw/20260911T223414077670Z__mlx-community-qwen3-1-7b-4bit__qlora-q4__ctx512__b1-ga1__r8__s42__01a0929b-6abd-793f-8431-57626dcf2668/command.txt,PUBLIC_CORE,true,"Allowlisted code, configuration, data, raw evidence, generated result, or project metadata.",false,false,false,KEEP
results/raw/20260911T223414077670Z__mlx-community-qwen3-1-7b-4bit__qlora-q4__ctx512__b1-ga1__r8__s42__01a0929b-6abd-793f-8431-57626dcf2668/config.yaml,PUBLIC_CORE,true,"Allowlisted code, configuration, data, raw evidence, generated result, or project metadata.",false,false,false,KEEP
results/raw/20260911T223414077670Z__mlx-community-qwen3-1-7b-4bit__qlora-q4__ctx512__b1-ga1__r8__s42__01a0929b-6abd-793f-8431-57626dcf2668/effective_config.json,PUBLIC_CORE,true,"Allowlisted code, configuration, data, raw evidence, generated result, or project metadata.",false,false,false,KEEP
results/raw/20260911T223414077670Z__mlx-community-qwen3-1-7b-4bit__qlora-q4__ctx512__b1-ga1__r8__s42__01a0929b-6abd-793f-8431-57626dcf2668/environment/raw_environment.txt,PUBLIC_CORE,true,Scientific record is retained; identifier and device-path fields require separate evidence-preserving privacy remediation before publication.,false,false,true,REWRITE
results/raw/20260911T223414077670Z__mlx-community-qwen3-1-7b-4bit__qlora-q4__ctx512__b1-ga1__r8__s42__01a0929b-6abd-793f-8431-57626dcf2668/environment/vm_stat_after.txt,PUBLIC_CORE,true,"Allowlisted code, configuration, data, raw evidence, generated result, or project metadata.",false,false,false,KEEP
results/raw/20260911T223414077670Z__mlx-community-qwen3-1-7b-4bit__qlora-q4__ctx512__b1-ga1__r8__s42__01a0929b-6abd-793f-8431-57626dcf2668/environment/vm_stat_before.txt,PUBLIC_CORE,true,"Allowlisted code, configuration, data, raw evidence, generated result, or project metadata.",false,false,false,KEEP
results/raw/20260911T223414077670Z__mlx-community-qwen3-1-7b-4bit__qlora-q4__ctx512__b1-ga1__r8__s42__01a0929b-6abd-793f-8431-57626dcf2668/logs/stderr.log,PUBLIC_CORE,true,"Allowlisted code, configuration, data, raw evidence, generated result, or project metadata.",false,false,false,KEEP
results/raw/20260911T223414077670Z__mlx-community-qwen3-1-7b-4bit__qlora-q4__ctx512__b1-ga1__r8__s42__01a0929b-6abd-793f-8431-57626dcf2668/logs/stdout.log,PUBLIC_CORE,true,"Allowlisted code, configuration, data, raw evidence, generated result, or project metadata.",false,false,false,KEEP
results/raw/20260911T223414077670Z__mlx-community-qwen3-1-7b-4bit__qlora-q4__ctx512__b1-ga1__r8__s42__01a0929b-6abd-793f-8431-57626dcf2668/manifest.sha256,PUBLIC_CORE,true,"Allowlisted code, configuration, data, raw evidence, generated result, or project metadata.",false,false,false,KEEP
results/raw/20260911T223414077670Z__mlx-community-qwen3-1-7b-4bit__qlora-q4__ctx512__b1-ga1__r8__s42__01a0929b-6abd-793f-8431-57626dcf2668/result.json,PUBLIC_CORE,true,Scientific record is retained; identifier and device-path fields require separate evidence-preserving privacy remediation before publication.,false,false,true,REWRITE
results/raw/20260911T223414077670Z__mlx-community-qwen3-1-7b-4bit__qlora-q4__ctx512__b1-ga1__r8__s42__01a0929b-6abd-793f-8431-57626dcf2668/step_timings.jsonl,PUBLIC_CORE,true,"Allowlisted code, configuration, data, raw evidence, generated result, or project metadata.",false,false,false,KEEP
results/raw/20260911T223414077670Z__mlx-community-qwen3-1-7b-4bit__qlora-q4__ctx512__b1-ga1__r8__s42__01a0929b-6abd-793f-8431-57626dcf2668/system_monitor.jsonl,PUBLIC_CORE,true,"Allowlisted code, configuration, data, raw evidence, generated result, or project metadata.",false,false,false,KEEP
results/raw/20260911T223414077670Z__mlx-community-qwen3-1-7b-4bit__qlora-q4__ctx512__b1-ga1__r8__s42__01a0929b-6abd-793f-8431-57626dcf2668/training_metrics.json,PUBLIC_CORE,true,"Allowlisted code, configuration, data, raw evidence, generated result, or project metadata.",false,false,false,KEEP
results/raw/20260911T223842463348Z__mlx-community-qwen3-1-7b-4bit__qlora-q4__ctx512__b1-ga1__r8__s123__01a0929f-831f-71b8-9360-1c1b939dd5e5/command.txt,PUBLIC_CORE,true,"Allowlisted code, configuration, data, raw evidence, generated result, or project metadata.",false,false,false,KEEP
results/raw/20260911T223842463348Z__mlx-community-qwen3-1-7b-4bit__qlora-q4__ctx512__b1-ga1__r8__s123__01a0929f-831f-71b8-9360-1c1b939dd5e5/config.yaml,PUBLIC_CORE,true,"Allowlisted code, configuration, data, raw evidence, generated result, or project metadata.",false,false,false,KEEP
results/raw/20260911T223842463348Z__mlx-community-qwen3-1-7b-4bit__qlora-q4__ctx512__b1-ga1__r8__s123__01a0929f-831f-71b8-9360-1c1b939dd5e5/effective_config.json,PUBLIC_CORE,true,"Allowlisted code, configuration, data, raw evidence, generated result, or project metadata.",false,false,false,KEEP
results/raw/20260911T223842463348Z__mlx-community-qwen3-1-7b-4bit__qlora-q4__ctx512__b1-ga1__r8__s123__01a0929f-831f-71b8-9360-1c1b939dd5e5/environment/raw_environment.txt,PUBLIC_CORE,true,Scientific record is retained; identifier and device-path fields require separate evidence-preserving privacy remediation before publication.,false,false,true,REWRITE
results/raw/20260911T223842463348Z__mlx-community-qwen3-1-7b-4bit__qlora-q4__ctx512__b1-ga1__r8__s123__01a0929f-831f-71b8-9360-1c1b939dd5e5/environment/vm_stat_after.txt,PUBLIC_CORE,true,"Allowlisted code, configuration, data, raw evidence, generated result, or project metadata.",false,false,false,KEEP
results/raw/20260911T223842463348Z__mlx-community-qwen3-1-7b-4bit__qlora-q4__ctx512__b1-ga1__r8__s123__01a0929f-831f-71b8-9360-1c1b939dd5e5/environment/vm_stat_before.txt,PUBLIC_CORE,true,"Allowlisted code, configuration, data, raw evidence, generated result, or project metadata.",false,false,false,KEEP
results/raw/20260911T223842463348Z__mlx-community-qwen3-1-7b-4bit__qlora-q4__ctx512__b1-ga1__r8__s123__01a0929f-831f-71b8-9360-1c1b939dd5e5/logs/stderr.log,PUBLIC_CORE,true,"Allowlisted code, configuration, data, raw evidence, generated result, or project metadata.",false,false,false,KEEP
results/raw/20260911T223842463348Z__mlx-community-qwen3-1-7b-4bit__qlora-q4__ctx512__b1-ga1__r8__s123__01a0929f-831f-71b8-9360-1c1b939dd5e5/logs/stdout.log,PUBLIC_CORE,true,"Allowlisted code, configuration, data, raw evidence, generated result, or project metadata.",false,false,false,KEEP
results/raw/20260911T223842463348Z__mlx-community-qwen3-1-7b-4bit__qlora-q4__ctx512__b1-ga1__r8__s123__01a0929f-831f-71b8-9360-1c1b939dd5e5/manifest.sha256,PUBLIC_CORE,true,"Allowlisted code, configuration, data, raw evidence, generated result, or project metadata.",false,false,false,KEEP
results/raw/20260911T223842463348Z__mlx-community-qwen3-1-7b-4bit__qlora-q4__ctx512__b1-ga1__r8__s123__01a0929f-831f-71b8-9360-1c1b939dd5e5/result.json,PUBLIC_CORE,true,Scientific record is retained; identifier and device-path fields require separate evidence-preserving privacy remediation before publication.,false,false,true,REWRITE
results/raw/20260911T223842463348Z__mlx-community-qwen3-1-7b-4bit__qlora-q4__ctx512__b1-ga1__r8__s123__01a0929f-831f-71b8-9360-1c1b939dd5e5/step_timings.jsonl,PUBLIC_CORE,true,"Allowlisted code, configuration, data, raw evidence, generated result, or project metadata.",false,false,false,KEEP
results/raw/20260911T223842463348Z__mlx-community-qwen3-1-7b-4bit__qlora-q4__ctx512__b1-ga1__r8__s123__01a0929f-831f-71b8-9360-1c1b939dd5e5/system_monitor.jsonl,PUBLIC_CORE,true,"Allowlisted code, configuration, data, raw evidence, generated result, or project metadata.",false,false,false,KEEP
results/raw/20260911T223842463348Z__mlx-community-qwen3-1-7b-4bit__qlora-q4__ctx512__b1-ga1__r8__s123__01a0929f-831f-71b8-9360-1c1b939dd5e5/training_metrics.json,PUBLIC_CORE,true,"Allowlisted code, configuration, data, raw evidence, generated result, or project metadata.",false,false,false,KEEP
results/raw/20260911T224410028357Z__mlx-community-qwen3-1-7b-4bit__qlora-q4__ctx512__b1-ga1__r8__s2026__01a092a4-82ac-7d64-a513-911a27ae446d/command.txt,PUBLIC_CORE,true,"Allowlisted code, configuration, data, raw evidence, generated result, or project metadata.",false,false,false,KEEP
results/raw/20260911T224410028357Z__mlx-community-qwen3-1-7b-4bit__qlora-q4__ctx512__b1-ga1__r8__s2026__01a092a4-82ac-7d64-a513-911a27ae446d/config.yaml,PUBLIC_CORE,true,"Allowlisted code, configuration, data, raw evidence, generated result, or project metadata.",false,false,false,KEEP
results/raw/20260911T224410028357Z__mlx-community-qwen3-1-7b-4bit__qlora-q4__ctx512__b1-ga1__r8__s2026__01a092a4-82ac-7d64-a513-911a27ae446d/effective_config.json,PUBLIC_CORE,true,"Allowlisted code, configuration, data, raw evidence, generated result, or project metadata.",false,false,false,KEEP
results/raw/20260911T224410028357Z__mlx-community-qwen3-1-7b-4bit__qlora-q4__ctx512__b1-ga1__r8__s2026__01a092a4-82ac-7d64-a513-911a27ae446d/environment/raw_environment.txt,PUBLIC_CORE,true,Scientific record is retained; identifier and device-path fields require separate evidence-preserving privacy remediation before publication.,false,false,true,REWRITE
results/raw/20260911T224410028357Z__mlx-community-qwen3-1-7b-4bit__qlora-q4__ctx512__b1-ga1__r8__s2026__01a092a4-82ac-7d64-a513-911a27ae446d/environment/vm_stat_after.txt,PUBLIC_CORE,true,"Allowlisted code, configuration, data, raw evidence, generated result, or project metadata.",false,false,false,KEEP
results/raw/20260911T224410028357Z__mlx-community-qwen3-1-7b-4bit__qlora-q4__ctx512__b1-ga1__r8__s2026__01a092a4-82ac-7d64-a513-911a27ae446d/environment/vm_stat_before.txt,PUBLIC_CORE,true,"Allowlisted code, configuration, data, raw evidence, generated result, or project metadata.",false,false,false,KEEP
results/raw/20260911T224410028357Z__mlx-community-qwen3-1-7b-4bit__qlora-q4__ctx512__b1-ga1__r8__s2026__01a092a4-82ac-7d64-a513-911a27ae446d/logs/stderr.log,PUBLIC_CORE,true,"Allowlisted code, configuration, data, raw evidence, generated result, or project metadata.",false,false,false,KEEP
results/raw/20260911T224410028357Z__mlx-community-qwen3-1-7b-4bit__qlora-q4__ctx512__b1-ga1__r8__s2026__01a092a4-82ac-7d64-a513-911a27ae446d/logs/stdout.log,PUBLIC_CORE,true,"Allowlisted code, configuration, data, raw evidence, generated result, or project metadata.",false,false,false,KEEP
results/raw/20260911T224410028357Z__mlx-community-qwen3-1-7b-4bit__qlora-q4__ctx512__b1-ga1__r8__s2026__01a092a4-82ac-7d64-a513-911a27ae446d/manifest.sha256,PUBLIC_CORE,true,"Allowlisted code, configuration, data, raw evidence, generated result, or project metadata.",false,false,false,KEEP
results/raw/20260911T224410028357Z__mlx-community-qwen3-1-7b-4bit__qlora-q4__ctx512__b1-ga1__r8__s2026__01a092a4-82ac-7d64-a513-911a27ae446d/result.json,PUBLIC_CORE,true,Scientific record is retained; identifier and device-path fields require separate evidence-preserving privacy remediation before publication.,false,false,true,REWRITE
results/raw/20260911T224410028357Z__mlx-community-qwen3-1-7b-4bit__qlora-q4__ctx512__b1-ga1__r8__s2026__01a092a4-82ac-7d64-a513-911a27ae446d/step_timings.jsonl,PUBLIC_CORE,true,"Allowlisted code, configuration, data, raw evidence, generated result, or project metadata.",false,false,false,KEEP
results/raw/20260911T224410028357Z__mlx-community-qwen3-1-7b-4bit__qlora-q4__ctx512__b1-ga1__r8__s2026__01a092a4-82ac-7d64-a513-911a27ae446d/system_monitor.jsonl,PUBLIC_CORE,true,"Allowlisted code, configuration, data, raw evidence, generated result, or project metadata.",false,false,false,KEEP
results/raw/20260911T224410028357Z__mlx-community-qwen3-1-7b-4bit__qlora-q4__ctx512__b1-ga1__r8__s2026__01a092a4-82ac-7d64-a513-911a27ae446d/training_metrics.json,PUBLIC_CORE,true,"Allowlisted code, configuration, data, raw evidence, generated result, or project metadata.",false,false,false,KEEP
results/raw/20260911T225009694894Z__mlx-community-qwen3-4b-4bit__qlora-q4__ctx512__b1-ga1__r4__s42__01a092a9-ff9f-7e8e-b33e-a7ee909f9593/command.txt,PUBLIC_CORE,true,"Allowlisted code, configuration, data, raw evidence, generated result, or project metadata.",false,false,false,KEEP
results/raw/20260911T225009694894Z__mlx-community-qwen3-4b-4bit__qlora-q4__ctx512__b1-ga1__r4__s42__01a092a9-ff9f-7e8e-b33e-a7ee909f9593/config.yaml,PUBLIC_CORE,true,"Allowlisted code, configuration, data, raw evidence, generated result, or project metadata.",false,false,false,KEEP
results/raw/20260911T225009694894Z__mlx-community-qwen3-4b-4bit__qlora-q4__ctx512__b1-ga1__r4__s42__01a092a9-ff9f-7e8e-b33e-a7ee909f9593/effective_config.json,PUBLIC_CORE,true,"Allowlisted code, configuration, data, raw evidence, generated result, or project metadata.",false,false,false,KEEP
results/raw/20260911T225009694894Z__mlx-community-qwen3-4b-4bit__qlora-q4__ctx512__b1-ga1__r4__s42__01a092a9-ff9f-7e8e-b33e-a7ee909f9593/environment/raw_environment.txt,PUBLIC_CORE,true,Scientific record is retained; identifier and device-path fields require separate evidence-preserving privacy remediation before publication.,false,false,true,REWRITE
results/raw/20260911T225009694894Z__mlx-community-qwen3-4b-4bit__qlora-q4__ctx512__b1-ga1__r4__s42__01a092a9-ff9f-7e8e-b33e-a7ee909f9593/environment/vm_stat_after.txt,PUBLIC_CORE,true,"Allowlisted code, configuration, data, raw evidence, generated result, or project metadata.",false,false,false,KEEP
results/raw/20260911T225009694894Z__mlx-community-qwen3-4b-4bit__qlora-q4__ctx512__b1-ga1__r4__s42__01a092a9-ff9f-7e8e-b33e-a7ee909f9593/environment/vm_stat_before.txt,PUBLIC_CORE,true,"Allowlisted code, configuration, data, raw evidence, generated result, or project metadata.",false,false,false,KEEP
results/raw/20260911T225009694894Z__mlx-community-qwen3-4b-4bit__qlora-q4__ctx512__b1-ga1__r4__s42__01a092a9-ff9f-7e8e-b33e-a7ee909f9593/logs/stderr.log,PUBLIC_CORE,true,"Allowlisted code, configuration, data, raw evidence, generated result, or project metadata.",false,false,false,KEEP
results/raw/20260911T225009694894Z__mlx-community-qwen3-4b-4bit__qlora-q4__ctx512__b1-ga1__r4__s42__01a092a9-ff9f-7e8e-b33e-a7ee909f9593/logs/stdout.log,PUBLIC_CORE,true,"Allowlisted code, configuration, data, raw evidence, generated result, or project metadata.",false,false,false,KEEP
results/raw/20260911T225009694894Z__mlx-community-qwen3-4b-4bit__qlora-q4__ctx512__b1-ga1__r4__s42__01a092a9-ff9f-7e8e-b33e-a7ee909f9593/manifest.sha256,PUBLIC_CORE,true,"Allowlisted code, configuration, data, raw evidence, generated result, or project metadata.",false,false,false,KEEP
results/raw/20260911T225009694894Z__mlx-community-qwen3-4b-4bit__qlora-q4__ctx512__b1-ga1__r4__s42__01a092a9-ff9f-7e8e-b33e-a7ee909f9593/result.json,PUBLIC_CORE,true,Scientific record is retained; identifier and device-path fields require separate evidence-preserving privacy remediation before publication.,false,false,true,REWRITE
results/raw/20260911T225009694894Z__mlx-community-qwen3-4b-4bit__qlora-q4__ctx512__b1-ga1__r4__s42__01a092a9-ff9f-7e8e-b33e-a7ee909f9593/step_timings.jsonl,PUBLIC_CORE,true,"Allowlisted code, configuration, data, raw evidence, generated result, or project metadata.",false,false,false,KEEP
results/raw/20260911T225009694894Z__mlx-community-qwen3-4b-4bit__qlora-q4__ctx512__b1-ga1__r4__s42__01a092a9-ff9f-7e8e-b33e-a7ee909f9593/system_monitor.jsonl,PUBLIC_CORE,true,"Allowlisted code, configuration, data, raw evidence, generated result, or project metadata.",false,false,false,KEEP
results/raw/20260911T225009694894Z__mlx-community-qwen3-4b-4bit__qlora-q4__ctx512__b1-ga1__r4__s42__01a092a9-ff9f-7e8e-b33e-a7ee909f9593/training_metrics.json,PUBLIC_CORE,true,"Allowlisted code, configuration, data, raw evidence, generated result, or project metadata.",false,false,false,KEEP
results/raw/20260911T225407165563Z__mlx-community-qwen3-4b-4bit__qlora-q4__ctx512__b1-ga1__r4__s123__01a092ad-9f3d-756e-a8d7-f37dea27440e/command.txt,PUBLIC_CORE,true,"Allowlisted code, configuration, data, raw evidence, generated result, or project metadata.",false,false,false,KEEP
results/raw/20260911T225407165563Z__mlx-community-qwen3-4b-4bit__qlora-q4__ctx512__b1-ga1__r4__s123__01a092ad-9f3d-756e-a8d7-f37dea27440e/config.yaml,PUBLIC_CORE,true,"Allowlisted code, configuration, data, raw evidence, generated result, or project metadata.",false,false,false,KEEP
results/raw/20260911T225407165563Z__mlx-community-qwen3-4b-4bit__qlora-q4__ctx512__b1-ga1__r4__s123__01a092ad-9f3d-756e-a8d7-f37dea27440e/effective_config.json,PUBLIC_CORE,true,"Allowlisted code, configuration, data, raw evidence, generated result, or project metadata.",false,false,false,KEEP
results/raw/20260911T225407165563Z__mlx-community-qwen3-4b-4bit__qlora-q4__ctx512__b1-ga1__r4__s123__01a092ad-9f3d-756e-a8d7-f37dea27440e/environment/raw_environment.txt,PUBLIC_CORE,true,Scientific record is retained; identifier and device-path fields require separate evidence-preserving privacy remediation before publication.,false,false,true,REWRITE
results/raw/20260911T225407165563Z__mlx-community-qwen3-4b-4bit__qlora-q4__ctx512__b1-ga1__r4__s123__01a092ad-9f3d-756e-a8d7-f37dea27440e/environment/vm_stat_after.txt,PUBLIC_CORE,true,"Allowlisted code, configuration, data, raw evidence, generated result, or project metadata.",false,false,false,KEEP
results/raw/20260911T225407165563Z__mlx-community-qwen3-4b-4bit__qlora-q4__ctx512__b1-ga1__r4__s123__01a092ad-9f3d-756e-a8d7-f37dea27440e/environment/vm_stat_before.txt,PUBLIC_CORE,true,"Allowlisted code, configuration, data, raw evidence, generated result, or project metadata.",false,false,false,KEEP
results/raw/20260911T225407165563Z__mlx-community-qwen3-4b-4bit__qlora-q4__ctx512__b1-ga1__r4__s123__01a092ad-9f3d-756e-a8d7-f37dea27440e/logs/stderr.log,PUBLIC_CORE,true,"Allowlisted code, configuration, data, raw evidence, generated result, or project metadata.",false,false,false,KEEP
results/raw/20260911T225407165563Z__mlx-community-qwen3-4b-4bit__qlora-q4__ctx512__b1-ga1__r4__s123__01a092ad-9f3d-756e-a8d7-f37dea27440e/logs/stdout.log,PUBLIC_CORE,true,"Allowlisted code, configuration, data, raw evidence, generated result, or project metadata.",false,false,false,KEEP
results/raw/20260911T225407165563Z__mlx-community-qwen3-4b-4bit__qlora-q4__ctx512__b1-ga1__r4__s123__01a092ad-9f3d-756e-a8d7-f37dea27440e/manifest.sha256,PUBLIC_CORE,true,"Allowlisted code, configuration, data, raw evidence, generated result, or project metadata.",false,false,false,KEEP
results/raw/20260911T225407165563Z__mlx-community-qwen3-4b-4bit__qlora-q4__ctx512__b1-ga1__r4__s123__01a092ad-9f3d-756e-a8d7-f37dea27440e/result.json,PUBLIC_CORE,true,Scientific record is retained; identifier and device-path fields require separate evidence-preserving privacy remediation before publication.,false,false,true,REWRITE
results/raw/20260911T225407165563Z__mlx-community-qwen3-4b-4bit__qlora-q4__ctx512__b1-ga1__r4__s123__01a092ad-9f3d-756e-a8d7-f37dea27440e/step_timings.jsonl,PUBLIC_CORE,true,"Allowlisted code, configuration, data, raw evidence, generated result, or project metadata.",false,false,false,KEEP
results/raw/20260911T225407165563Z__mlx-community-qwen3-4b-4bit__qlora-q4__ctx512__b1-ga1__r4__s123__01a092ad-9f3d-756e-a8d7-f37dea27440e/system_monitor.jsonl,PUBLIC_CORE,true,"Allowlisted code, configuration, data, raw evidence, generated result, or project metadata.",false,false,false,KEEP
results/raw/20260911T225407165563Z__mlx-community-qwen3-4b-4bit__qlora-q4__ctx512__b1-ga1__r4__s123__01a092ad-9f3d-756e-a8d7-f37dea27440e/training_metrics.json,PUBLIC_CORE,true,"Allowlisted code, configuration, data, raw evidence, generated result, or project metadata.",false,false,false,KEEP
results/raw/20260911T225842679493Z__mlx-community-qwen3-4b-4bit__qlora-q4__ctx512__b1-ga1__r4__s2026__01a092b1-d377-774b-b1bd-26e115f01fed/command.txt,PUBLIC_CORE,true,"Allowlisted code, configuration, data, raw evidence, generated result, or project metadata.",false,false,false,KEEP
results/raw/20260911T225842679493Z__mlx-community-qwen3-4b-4bit__qlora-q4__ctx512__b1-ga1__r4__s2026__01a092b1-d377-774b-b1bd-26e115f01fed/config.yaml,PUBLIC_CORE,true,"Allowlisted code, configuration, data, raw evidence, generated result, or project metadata.",false,false,false,KEEP
results/raw/20260911T225842679493Z__mlx-community-qwen3-4b-4bit__qlora-q4__ctx512__b1-ga1__r4__s2026__01a092b1-d377-774b-b1bd-26e115f01fed/effective_config.json,PUBLIC_CORE,true,"Allowlisted code, configuration, data, raw evidence, generated result, or project metadata.",false,false,false,KEEP
results/raw/20260911T225842679493Z__mlx-community-qwen3-4b-4bit__qlora-q4__ctx512__b1-ga1__r4__s2026__01a092b1-d377-774b-b1bd-26e115f01fed/environment/raw_environment.txt,PUBLIC_CORE,true,Scientific record is retained; identifier and device-path fields require separate evidence-preserving privacy remediation before publication.,false,false,true,REWRITE
results/raw/20260911T225842679493Z__mlx-community-qwen3-4b-4bit__qlora-q4__ctx512__b1-ga1__r4__s2026__01a092b1-d377-774b-b1bd-26e115f01fed/environment/vm_stat_after.txt,PUBLIC_CORE,true,"Allowlisted code, configuration, data, raw evidence, generated result, or project metadata.",false,false,false,KEEP
results/raw/20260911T225842679493Z__mlx-community-qwen3-4b-4bit__qlora-q4__ctx512__b1-ga1__r4__s2026__01a092b1-d377-774b-b1bd-26e115f01fed/environment/vm_stat_before.txt,PUBLIC_CORE,true,"Allowlisted code, configuration, data, raw evidence, generated result, or project metadata.",false,false,false,KEEP
results/raw/20260911T225842679493Z__mlx-community-qwen3-4b-4bit__qlora-q4__ctx512__b1-ga1__r4__s2026__01a092b1-d377-774b-b1bd-26e115f01fed/logs/stderr.log,PUBLIC_CORE,true,"Allowlisted code, configuration, data, raw evidence, generated result, or project metadata.",false,false,false,KEEP
results/raw/20260911T225842679493Z__mlx-community-qwen3-4b-4bit__qlora-q4__ctx512__b1-ga1__r4__s2026__01a092b1-d377-774b-b1bd-26e115f01fed/logs/stdout.log,PUBLIC_CORE,true,"Allowlisted code, configuration, data, raw evidence, generated result, or project metadata.",false,false,false,KEEP
results/raw/20260911T225842679493Z__mlx-community-qwen3-4b-4bit__qlora-q4__ctx512__b1-ga1__r4__s2026__01a092b1-d377-774b-b1bd-26e115f01fed/manifest.sha256,PUBLIC_CORE,true,"Allowlisted code, configuration, data, raw evidence, generated result, or project metadata.",false,false,false,KEEP
results/raw/20260911T225842679493Z__mlx-community-qwen3-4b-4bit__qlora-q4__ctx512__b1-ga1__r4__s2026__01a092b1-d377-774b-b1bd-26e115f01fed/result.json,PUBLIC_CORE,true,Scientific record is retained; identifier and device-path fields require separate evidence-preserving privacy remediation before publication.,false,false,true,REWRITE
results/raw/20260911T225842679493Z__mlx-community-qwen3-4b-4bit__qlora-q4__ctx512__b1-ga1__r4__s2026__01a092b1-d377-774b-b1bd-26e115f01fed/step_timings.jsonl,PUBLIC_CORE,true,"Allowlisted code, configuration, data, raw evidence, generated result, or project metadata.",false,false,false,KEEP
results/raw/20260911T225842679493Z__mlx-community-qwen3-4b-4bit__qlora-q4__ctx512__b1-ga1__r4__s2026__01a092b1-d377-774b-b1bd-26e115f01fed/system_monitor.jsonl,PUBLIC_CORE,true,"Allowlisted code, configuration, data, raw evidence, generated result, or project metadata.",false,false,false,KEEP
results/raw/20260911T225842679493Z__mlx-community-qwen3-4b-4bit__qlora-q4__ctx512__b1-ga1__r4__s2026__01a092b1-d377-774b-b1bd-26e115f01fed/training_metrics.json,PUBLIC_CORE,true,"Allowlisted code, configuration, data, raw evidence, generated result, or project metadata.",false,false,false,KEEP
results/raw/20260911T230323003522Z__mlx-community-qwen3-4b-4bit__qlora-q4__ctx512__b1-ga1__r8__s42__01a092b6-1a7b-76ea-bf96-a460fbae8087/command.txt,PUBLIC_CORE,true,"Allowlisted code, configuration, data, raw evidence, generated result, or project metadata.",false,false,false,KEEP
results/raw/20260911T230323003522Z__mlx-community-qwen3-4b-4bit__qlora-q4__ctx512__b1-ga1__r8__s42__01a092b6-1a7b-76ea-bf96-a460fbae8087/config.yaml,PUBLIC_CORE,true,"Allowlisted code, configuration, data, raw evidence, generated result, or project metadata.",false,false,false,KEEP
results/raw/20260911T230323003522Z__mlx-community-qwen3-4b-4bit__qlora-q4__ctx512__b1-ga1__r8__s42__01a092b6-1a7b-76ea-bf96-a460fbae8087/effective_config.json,PUBLIC_CORE,true,"Allowlisted code, configuration, data, raw evidence, generated result, or project metadata.",false,false,false,KEEP
results/raw/20260911T230323003522Z__mlx-community-qwen3-4b-4bit__qlora-q4__ctx512__b1-ga1__r8__s42__01a092b6-1a7b-76ea-bf96-a460fbae8087/environment/raw_environment.txt,PUBLIC_CORE,true,Scientific record is retained; identifier and device-path fields require separate evidence-preserving privacy remediation before publication.,false,false,true,REWRITE
results/raw/20260911T230323003522Z__mlx-community-qwen3-4b-4bit__qlora-q4__ctx512__b1-ga1__r8__s42__01a092b6-1a7b-76ea-bf96-a460fbae8087/environment/vm_stat_after.txt,PUBLIC_CORE,true,"Allowlisted code, configuration, data, raw evidence, generated result, or project metadata.",false,false,false,KEEP
results/raw/20260911T230323003522Z__mlx-community-qwen3-4b-4bit__qlora-q4__ctx512__b1-ga1__r8__s42__01a092b6-1a7b-76ea-bf96-a460fbae8087/environment/vm_stat_before.txt,PUBLIC_CORE,true,"Allowlisted code, configuration, data, raw evidence, generated result, or project metadata.",false,false,false,KEEP
results/raw/20260911T230323003522Z__mlx-community-qwen3-4b-4bit__qlora-q4__ctx512__b1-ga1__r8__s42__01a092b6-1a7b-76ea-bf96-a460fbae8087/logs/stderr.log,PUBLIC_CORE,true,"Allowlisted code, configuration, data, raw evidence, generated result, or project metadata.",false,false,false,KEEP
results/raw/20260911T230323003522Z__mlx-community-qwen3-4b-4bit__qlora-q4__ctx512__b1-ga1__r8__s42__01a092b6-1a7b-76ea-bf96-a460fbae8087/logs/stdout.log,PUBLIC_CORE,true,"Allowlisted code, configuration, data, raw evidence, generated result, or project metadata.",false,false,false,KEEP
results/raw/20260911T230323003522Z__mlx-community-qwen3-4b-4bit__qlora-q4__ctx512__b1-ga1__r8__s42__01a092b6-1a7b-76ea-bf96-a460fbae8087/manifest.sha256,PUBLIC_CORE,true,"Allowlisted code, configuration, data, raw evidence, generated result, or project metadata.",false,false,false,KEEP
results/raw/20260911T230323003522Z__mlx-community-qwen3-4b-4bit__qlora-q4__ctx512__b1-ga1__r8__s42__01a092b6-1a7b-76ea-bf96-a460fbae8087/result.json,PUBLIC_CORE,true,Scientific record is retained; identifier and device-path fields require separate evidence-preserving privacy remediation before publication.,false,false,true,REWRITE
results/raw/20260911T230323003522Z__mlx-community-qwen3-4b-4bit__qlora-q4__ctx512__b1-ga1__r8__s42__01a092b6-1a7b-76ea-bf96-a460fbae8087/step_timings.jsonl,PUBLIC_CORE,true,"Allowlisted code, configuration, data, raw evidence, generated result, or project metadata.",false,false,false,KEEP
results/raw/20260911T230323003522Z__mlx-community-qwen3-4b-4bit__qlora-q4__ctx512__b1-ga1__r8__s42__01a092b6-1a7b-76ea-bf96-a460fbae8087/system_monitor.jsonl,PUBLIC_CORE,true,"Allowlisted code, configuration, data, raw evidence, generated result, or project metadata.",false,false,false,KEEP
results/raw/20260911T230323003522Z__mlx-community-qwen3-4b-4bit__qlora-q4__ctx512__b1-ga1__r8__s42__01a092b6-1a7b-76ea-bf96-a460fbae8087/training_metrics.json,PUBLIC_CORE,true,"Allowlisted code, configuration, data, raw evidence, generated result, or project metadata.",false,false,false,KEEP
results/raw/20260911T231215022069Z__mlx-community-qwen3-4b-4bit__qlora-q4__ctx512__b1-ga1__r8__s42__01a092be-38ae-7387-9328-a314da7130fc/command.txt,PUBLIC_CORE,true,"Allowlisted code, configuration, data, raw evidence, generated result, or project metadata.",false,false,false,KEEP
results/raw/20260911T231215022069Z__mlx-community-qwen3-4b-4bit__qlora-q4__ctx512__b1-ga1__r8__s42__01a092be-38ae-7387-9328-a314da7130fc/config.yaml,PUBLIC_CORE,true,"Allowlisted code, configuration, data, raw evidence, generated result, or project metadata.",false,false,false,KEEP
results/raw/20260911T231215022069Z__mlx-community-qwen3-4b-4bit__qlora-q4__ctx512__b1-ga1__r8__s42__01a092be-38ae-7387-9328-a314da7130fc/effective_config.json,PUBLIC_CORE,true,"Allowlisted code, configuration, data, raw evidence, generated result, or project metadata.",false,false,false,KEEP
results/raw/20260911T231215022069Z__mlx-community-qwen3-4b-4bit__qlora-q4__ctx512__b1-ga1__r8__s42__01a092be-38ae-7387-9328-a314da7130fc/environment/raw_environment.txt,PUBLIC_CORE,true,Scientific record is retained; identifier and device-path fields require separate evidence-preserving privacy remediation before publication.,false,false,true,REWRITE
results/raw/20260911T231215022069Z__mlx-community-qwen3-4b-4bit__qlora-q4__ctx512__b1-ga1__r8__s42__01a092be-38ae-7387-9328-a314da7130fc/environment/vm_stat_after.txt,PUBLIC_CORE,true,"Allowlisted code, configuration, data, raw evidence, generated result, or project metadata.",false,false,false,KEEP
results/raw/20260911T231215022069Z__mlx-community-qwen3-4b-4bit__qlora-q4__ctx512__b1-ga1__r8__s42__01a092be-38ae-7387-9328-a314da7130fc/environment/vm_stat_before.txt,PUBLIC_CORE,true,"Allowlisted code, configuration, data, raw evidence, generated result, or project metadata.",false,false,false,KEEP
results/raw/20260911T231215022069Z__mlx-community-qwen3-4b-4bit__qlora-q4__ctx512__b1-ga1__r8__s42__01a092be-38ae-7387-9328-a314da7130fc/logs/stderr.log,PUBLIC_CORE,true,"Allowlisted code, configuration, data, raw evidence, generated result, or project metadata.",false,false,false,KEEP
results/raw/20260911T231215022069Z__mlx-community-qwen3-4b-4bit__qlora-q4__ctx512__b1-ga1__r8__s42__01a092be-38ae-7387-9328-a314da7130fc/logs/stdout.log,PUBLIC_CORE,true,"Allowlisted code, configuration, data, raw evidence, generated result, or project metadata.",false,false,false,KEEP
results/raw/20260911T231215022069Z__mlx-community-qwen3-4b-4bit__qlora-q4__ctx512__b1-ga1__r8__s42__01a092be-38ae-7387-9328-a314da7130fc/manifest.sha256,PUBLIC_CORE,true,"Allowlisted code, configuration, data, raw evidence, generated result, or project metadata.",false,false,false,KEEP
results/raw/20260911T231215022069Z__mlx-community-qwen3-4b-4bit__qlora-q4__ctx512__b1-ga1__r8__s42__01a092be-38ae-7387-9328-a314da7130fc/result.json,PUBLIC_CORE,true,Scientific record is retained; identifier and device-path fields require separate evidence-preserving privacy remediation before publication.,false,false,true,REWRITE
results/raw/20260911T231215022069Z__mlx-community-qwen3-4b-4bit__qlora-q4__ctx512__b1-ga1__r8__s42__01a092be-38ae-7387-9328-a314da7130fc/step_timings.jsonl,PUBLIC_CORE,true,"Allowlisted code, configuration, data, raw evidence, generated result, or project metadata.",false,false,false,KEEP
results/raw/20260911T231215022069Z__mlx-community-qwen3-4b-4bit__qlora-q4__ctx512__b1-ga1__r8__s42__01a092be-38ae-7387-9328-a314da7130fc/system_monitor.jsonl,PUBLIC_CORE,true,"Allowlisted code, configuration, data, raw evidence, generated result, or project metadata.",false,false,false,KEEP
results/raw/20260911T231215022069Z__mlx-community-qwen3-4b-4bit__qlora-q4__ctx512__b1-ga1__r8__s42__01a092be-38ae-7387-9328-a314da7130fc/training_metrics.json,PUBLIC_CORE,true,"Allowlisted code, configuration, data, raw evidence, generated result, or project metadata.",false,false,false,KEEP
results/raw/20260911T233730664754Z__mlx-community-qwen3-4b-4bit__qlora-q4__ctx512__b1-ga1__r8__s123__01a092d5-5928-7ce3-a6f9-9f519cf2685e/command.txt,PUBLIC_CORE,true,"Allowlisted code, configuration, data, raw evidence, generated result, or project metadata.",false,false,false,KEEP
results/raw/20260911T233730664754Z__mlx-community-qwen3-4b-4bit__qlora-q4__ctx512__b1-ga1__r8__s123__01a092d5-5928-7ce3-a6f9-9f519cf2685e/config.yaml,PUBLIC_CORE,true,"Allowlisted code, configuration, data, raw evidence, generated result, or project metadata.",false,false,false,KEEP
results/raw/20260911T233730664754Z__mlx-community-qwen3-4b-4bit__qlora-q4__ctx512__b1-ga1__r8__s123__01a092d5-5928-7ce3-a6f9-9f519cf2685e/effective_config.json,PUBLIC_CORE,true,"Allowlisted code, configuration, data, raw evidence, generated result, or project metadata.",false,false,false,KEEP
results/raw/20260911T233730664754Z__mlx-community-qwen3-4b-4bit__qlora-q4__ctx512__b1-ga1__r8__s123__01a092d5-5928-7ce3-a6f9-9f519cf2685e/environment/raw_environment.txt,PUBLIC_CORE,true,Scientific record is retained; identifier and device-path fields require separate evidence-preserving privacy remediation before publication.,false,false,true,REWRITE
results/raw/20260911T233730664754Z__mlx-community-qwen3-4b-4bit__qlora-q4__ctx512__b1-ga1__r8__s123__01a092d5-5928-7ce3-a6f9-9f519cf2685e/environment/vm_stat_after.txt,PUBLIC_CORE,true,"Allowlisted code, configuration, data, raw evidence, generated result, or project metadata.",false,false,false,KEEP
results/raw/20260911T233730664754Z__mlx-community-qwen3-4b-4bit__qlora-q4__ctx512__b1-ga1__r8__s123__01a092d5-5928-7ce3-a6f9-9f519cf2685e/environment/vm_stat_before.txt,PUBLIC_CORE,true,"Allowlisted code, configuration, data, raw evidence, generated result, or project metadata.",false,false,false,KEEP
results/raw/20260911T233730664754Z__mlx-community-qwen3-4b-4bit__qlora-q4__ctx512__b1-ga1__r8__s123__01a092d5-5928-7ce3-a6f9-9f519cf2685e/logs/stderr.log,PUBLIC_CORE,true,"Allowlisted code, configuration, data, raw evidence, generated result, or project metadata.",false,false,false,KEEP
results/raw/20260911T233730664754Z__mlx-community-qwen3-4b-4bit__qlora-q4__ctx512__b1-ga1__r8__s123__01a092d5-5928-7ce3-a6f9-9f519cf2685e/logs/stdout.log,PUBLIC_CORE,true,"Allowlisted code, configuration, data, raw evidence, generated result, or project metadata.",false,false,false,KEEP
results/raw/20260911T233730664754Z__mlx-community-qwen3-4b-4bit__qlora-q4__ctx512__b1-ga1__r8__s123__01a092d5-5928-7ce3-a6f9-9f519cf2685e/manifest.sha256,PUBLIC_CORE,true,"Allowlisted code, configuration, data, raw evidence, generated result, or project metadata.",false,false,false,KEEP
results/raw/20260911T233730664754Z__mlx-community-qwen3-4b-4bit__qlora-q4__ctx512__b1-ga1__r8__s123__01a092d5-5928-7ce3-a6f9-9f519cf2685e/result.json,PUBLIC_CORE,true,Scientific record is retained; identifier and device-path fields require separate evidence-preserving privacy remediation before publication.,false,false,true,REWRITE
results/raw/20260911T233730664754Z__mlx-community-qwen3-4b-4bit__qlora-q4__ctx512__b1-ga1__r8__s123__01a092d5-5928-7ce3-a6f9-9f519cf2685e/step_timings.jsonl,PUBLIC_CORE,true,"Allowlisted code, configuration, data, raw evidence, generated result, or project metadata.",false,false,false,KEEP
results/raw/20260911T233730664754Z__mlx-community-qwen3-4b-4bit__qlora-q4__ctx512__b1-ga1__r8__s123__01a092d5-5928-7ce3-a6f9-9f519cf2685e/system_monitor.jsonl,PUBLIC_CORE,true,"Allowlisted code, configuration, data, raw evidence, generated result, or project metadata.",false,false,false,KEEP
results/raw/20260911T233730664754Z__mlx-community-qwen3-4b-4bit__qlora-q4__ctx512__b1-ga1__r8__s123__01a092d5-5928-7ce3-a6f9-9f519cf2685e/training_metrics.json,PUBLIC_CORE,true,"Allowlisted code, configuration, data, raw evidence, generated result, or project metadata.",false,false,false,KEEP
results/raw/20260911T234624093498Z__mlx-community-qwen3-4b-4bit__qlora-q4__ctx512__b1-ga1__r8__s123__01a092dd-7cdd-73dd-b708-86e57dbae943/command.txt,PUBLIC_CORE,true,"Allowlisted code, configuration, data, raw evidence, generated result, or project metadata.",false,false,false,KEEP
results/raw/20260911T234624093498Z__mlx-community-qwen3-4b-4bit__qlora-q4__ctx512__b1-ga1__r8__s123__01a092dd-7cdd-73dd-b708-86e57dbae943/config.yaml,PUBLIC_CORE,true,"Allowlisted code, configuration, data, raw evidence, generated result, or project metadata.",false,false,false,KEEP
results/raw/20260911T234624093498Z__mlx-community-qwen3-4b-4bit__qlora-q4__ctx512__b1-ga1__r8__s123__01a092dd-7cdd-73dd-b708-86e57dbae943/effective_config.json,PUBLIC_CORE,true,"Allowlisted code, configuration, data, raw evidence, generated result, or project metadata.",false,false,false,KEEP
results/raw/20260911T234624093498Z__mlx-community-qwen3-4b-4bit__qlora-q4__ctx512__b1-ga1__r8__s123__01a092dd-7cdd-73dd-b708-86e57dbae943/environment/raw_environment.txt,PUBLIC_CORE,true,Scientific record is retained; identifier and device-path fields require separate evidence-preserving privacy remediation before publication.,false,false,true,REWRITE
results/raw/20260911T234624093498Z__mlx-community-qwen3-4b-4bit__qlora-q4__ctx512__b1-ga1__r8__s123__01a092dd-7cdd-73dd-b708-86e57dbae943/environment/vm_stat_after.txt,PUBLIC_CORE,true,"Allowlisted code, configuration, data, raw evidence, generated result, or project metadata.",false,false,false,KEEP
results/raw/20260911T234624093498Z__mlx-community-qwen3-4b-4bit__qlora-q4__ctx512__b1-ga1__r8__s123__01a092dd-7cdd-73dd-b708-86e57dbae943/environment/vm_stat_before.txt,PUBLIC_CORE,true,"Allowlisted code, configuration, data, raw evidence, generated result, or project metadata.",false,false,false,KEEP
results/raw/20260911T234624093498Z__mlx-community-qwen3-4b-4bit__qlora-q4__ctx512__b1-ga1__r8__s123__01a092dd-7cdd-73dd-b708-86e57dbae943/logs/stderr.log,PUBLIC_CORE,true,"Allowlisted code, configuration, data, raw evidence, generated result, or project metadata.",false,false,false,KEEP
results/raw/20260911T234624093498Z__mlx-community-qwen3-4b-4bit__qlora-q4__ctx512__b1-ga1__r8__s123__01a092dd-7cdd-73dd-b708-86e57dbae943/logs/stdout.log,PUBLIC_CORE,true,"Allowlisted code, configuration, data, raw evidence, generated result, or project metadata.",false,false,false,KEEP
results/raw/20260911T234624093498Z__mlx-community-qwen3-4b-4bit__qlora-q4__ctx512__b1-ga1__r8__s123__01a092dd-7cdd-73dd-b708-86e57dbae943/manifest.sha256,PUBLIC_CORE,true,"Allowlisted code, configuration, data, raw evidence, generated result, or project metadata.",false,false,false,KEEP
results/raw/20260911T234624093498Z__mlx-community-qwen3-4b-4bit__qlora-q4__ctx512__b1-ga1__r8__s123__01a092dd-7cdd-73dd-b708-86e57dbae943/result.json,PUBLIC_CORE,true,Scientific record is retained; identifier and device-path fields require separate evidence-preserving privacy remediation before publication.,false,false,true,REWRITE
results/raw/20260911T234624093498Z__mlx-community-qwen3-4b-4bit__qlora-q4__ctx512__b1-ga1__r8__s123__01a092dd-7cdd-73dd-b708-86e57dbae943/step_timings.jsonl,PUBLIC_CORE,true,"Allowlisted code, configuration, data, raw evidence, generated result, or project metadata.",false,false,false,KEEP
results/raw/20260911T234624093498Z__mlx-community-qwen3-4b-4bit__qlora-q4__ctx512__b1-ga1__r8__s123__01a092dd-7cdd-73dd-b708-86e57dbae943/system_monitor.jsonl,PUBLIC_CORE,true,"Allowlisted code, configuration, data, raw evidence, generated result, or project metadata.",false,false,false,KEEP
results/raw/20260911T234624093498Z__mlx-community-qwen3-4b-4bit__qlora-q4__ctx512__b1-ga1__r8__s123__01a092dd-7cdd-73dd-b708-86e57dbae943/training_metrics.json,PUBLIC_CORE,true,"Allowlisted code, configuration, data, raw evidence, generated result, or project metadata.",false,false,false,KEEP
results/raw/20260912T001156818610Z__mlx-community-qwen3-4b-4bit__qlora-q4__ctx512__b1-ga1__r8__s2026__01a092f4-e012-7a36-bb7c-891bb24e407b/command.txt,PUBLIC_CORE,true,"Allowlisted code, configuration, data, raw evidence, generated result, or project metadata.",false,false,false,KEEP
results/raw/20260912T001156818610Z__mlx-community-qwen3-4b-4bit__qlora-q4__ctx512__b1-ga1__r8__s2026__01a092f4-e012-7a36-bb7c-891bb24e407b/config.yaml,PUBLIC_CORE,true,"Allowlisted code, configuration, data, raw evidence, generated result, or project metadata.",false,false,false,KEEP
results/raw/20260912T001156818610Z__mlx-community-qwen3-4b-4bit__qlora-q4__ctx512__b1-ga1__r8__s2026__01a092f4-e012-7a36-bb7c-891bb24e407b/effective_config.json,PUBLIC_CORE,true,"Allowlisted code, configuration, data, raw evidence, generated result, or project metadata.",false,false,false,KEEP
results/raw/20260912T001156818610Z__mlx-community-qwen3-4b-4bit__qlora-q4__ctx512__b1-ga1__r8__s2026__01a092f4-e012-7a36-bb7c-891bb24e407b/environment/raw_environment.txt,PUBLIC_CORE,true,Scientific record is retained; identifier and device-path fields require separate evidence-preserving privacy remediation before publication.,false,false,true,REWRITE
results/raw/20260912T001156818610Z__mlx-community-qwen3-4b-4bit__qlora-q4__ctx512__b1-ga1__r8__s2026__01a092f4-e012-7a36-bb7c-891bb24e407b/environment/vm_stat_after.txt,PUBLIC_CORE,true,"Allowlisted code, configuration, data, raw evidence, generated result, or project metadata.",false,false,false,KEEP
results/raw/20260912T001156818610Z__mlx-community-qwen3-4b-4bit__qlora-q4__ctx512__b1-ga1__r8__s2026__01a092f4-e012-7a36-bb7c-891bb24e407b/environment/vm_stat_before.txt,PUBLIC_CORE,true,"Allowlisted code, configuration, data, raw evidence, generated result, or project metadata.",false,false,false,KEEP
results/raw/20260912T001156818610Z__mlx-community-qwen3-4b-4bit__qlora-q4__ctx512__b1-ga1__r8__s2026__01a092f4-e012-7a36-bb7c-891bb24e407b/logs/stderr.log,PUBLIC_CORE,true,"Allowlisted code, configuration, data, raw evidence, generated result, or project metadata.",false,false,false,KEEP
results/raw/20260912T001156818610Z__mlx-community-qwen3-4b-4bit__qlora-q4__ctx512__b1-ga1__r8__s2026__01a092f4-e012-7a36-bb7c-891bb24e407b/logs/stdout.log,PUBLIC_CORE,true,"Allowlisted code, configuration, data, raw evidence, generated result, or project metadata.",false,false,false,KEEP
results/raw/20260912T001156818610Z__mlx-community-qwen3-4b-4bit__qlora-q4__ctx512__b1-ga1__r8__s2026__01a092f4-e012-7a36-bb7c-891bb24e407b/manifest.sha256,PUBLIC_CORE,true,"Allowlisted code, configuration, data, raw evidence, generated result, or project metadata.",false,false,false,KEEP
results/raw/20260912T001156818610Z__mlx-community-qwen3-4b-4bit__qlora-q4__ctx512__b1-ga1__r8__s2026__01a092f4-e012-7a36-bb7c-891bb24e407b/result.json,PUBLIC_CORE,true,Scientific record is retained; identifier and device-path fields require separate evidence-preserving privacy remediation before publication.,false,false,true,REWRITE
results/raw/20260912T001156818610Z__mlx-community-qwen3-4b-4bit__qlora-q4__ctx512__b1-ga1__r8__s2026__01a092f4-e012-7a36-bb7c-891bb24e407b/step_timings.jsonl,PUBLIC_CORE,true,"Allowlisted code, configuration, data, raw evidence, generated result, or project metadata.",false,false,false,KEEP
results/raw/20260912T001156818610Z__mlx-community-qwen3-4b-4bit__qlora-q4__ctx512__b1-ga1__r8__s2026__01a092f4-e012-7a36-bb7c-891bb24e407b/system_monitor.jsonl,PUBLIC_CORE,true,"Allowlisted code, configuration, data, raw evidence, generated result, or project metadata.",false,false,false,KEEP
results/raw/20260912T001156818610Z__mlx-community-qwen3-4b-4bit__qlora-q4__ctx512__b1-ga1__r8__s2026__01a092f4-e012-7a36-bb7c-891bb24e407b/training_metrics.json,PUBLIC_CORE,true,"Allowlisted code, configuration, data, raw evidence, generated result, or project metadata.",false,false,false,KEEP
results/raw/20260912T002049088671Z__mlx-community-qwen3-4b-4bit__qlora-q4__ctx512__b1-ga1__r8__s2026__01a092fc-ff40-738d-b11c-029a4d91bfc3/command.txt,PUBLIC_CORE,true,"Allowlisted code, configuration, data, raw evidence, generated result, or project metadata.",false,false,false,KEEP
results/raw/20260912T002049088671Z__mlx-community-qwen3-4b-4bit__qlora-q4__ctx512__b1-ga1__r8__s2026__01a092fc-ff40-738d-b11c-029a4d91bfc3/config.yaml,PUBLIC_CORE,true,"Allowlisted code, configuration, data, raw evidence, generated result, or project metadata.",false,false,false,KEEP
results/raw/20260912T002049088671Z__mlx-community-qwen3-4b-4bit__qlora-q4__ctx512__b1-ga1__r8__s2026__01a092fc-ff40-738d-b11c-029a4d91bfc3/effective_config.json,PUBLIC_CORE,true,"Allowlisted code, configuration, data, raw evidence, generated result, or project metadata.",false,false,false,KEEP
results/raw/20260912T002049088671Z__mlx-community-qwen3-4b-4bit__qlora-q4__ctx512__b1-ga1__r8__s2026__01a092fc-ff40-738d-b11c-029a4d91bfc3/environment/raw_environment.txt,PUBLIC_CORE,true,Scientific record is retained; identifier and device-path fields require separate evidence-preserving privacy remediation before publication.,false,false,true,REWRITE
results/raw/20260912T002049088671Z__mlx-community-qwen3-4b-4bit__qlora-q4__ctx512__b1-ga1__r8__s2026__01a092fc-ff40-738d-b11c-029a4d91bfc3/environment/vm_stat_after.txt,PUBLIC_CORE,true,"Allowlisted code, configuration, data, raw evidence, generated result, or project metadata.",false,false,false,KEEP
results/raw/20260912T002049088671Z__mlx-community-qwen3-4b-4bit__qlora-q4__ctx512__b1-ga1__r8__s2026__01a092fc-ff40-738d-b11c-029a4d91bfc3/environment/vm_stat_before.txt,PUBLIC_CORE,true,"Allowlisted code, configuration, data, raw evidence, generated result, or project metadata.",false,false,false,KEEP
results/raw/20260912T002049088671Z__mlx-community-qwen3-4b-4bit__qlora-q4__ctx512__b1-ga1__r8__s2026__01a092fc-ff40-738d-b11c-029a4d91bfc3/logs/stderr.log,PUBLIC_CORE,true,"Allowlisted code, configuration, data, raw evidence, generated result, or project metadata.",false,false,false,KEEP
results/raw/20260912T002049088671Z__mlx-community-qwen3-4b-4bit__qlora-q4__ctx512__b1-ga1__r8__s2026__01a092fc-ff40-738d-b11c-029a4d91bfc3/logs/stdout.log,PUBLIC_CORE,true,"Allowlisted code, configuration, data, raw evidence, generated result, or project metadata.",false,false,false,KEEP
results/raw/20260912T002049088671Z__mlx-community-qwen3-4b-4bit__qlora-q4__ctx512__b1-ga1__r8__s2026__01a092fc-ff40-738d-b11c-029a4d91bfc3/manifest.sha256,PUBLIC_CORE,true,"Allowlisted code, configuration, data, raw evidence, generated result, or project metadata.",false,false,false,KEEP
results/raw/20260912T002049088671Z__mlx-community-qwen3-4b-4bit__qlora-q4__ctx512__b1-ga1__r8__s2026__01a092fc-ff40-738d-b11c-029a4d91bfc3/result.json,PUBLIC_CORE,true,Scientific record is retained; identifier and device-path fields require separate evidence-preserving privacy remediation before publication.,false,false,true,REWRITE
results/raw/20260912T002049088671Z__mlx-community-qwen3-4b-4bit__qlora-q4__ctx512__b1-ga1__r8__s2026__01a092fc-ff40-738d-b11c-029a4d91bfc3/step_timings.jsonl,PUBLIC_CORE,true,"Allowlisted code, configuration, data, raw evidence, generated result, or project metadata.",false,false,false,KEEP
results/raw/20260912T002049088671Z__mlx-community-qwen3-4b-4bit__qlora-q4__ctx512__b1-ga1__r8__s2026__01a092fc-ff40-738d-b11c-029a4d91bfc3/system_monitor.jsonl,PUBLIC_CORE,true,"Allowlisted code, configuration, data, raw evidence, generated result, or project metadata.",false,false,false,KEEP
results/raw/20260912T002049088671Z__mlx-community-qwen3-4b-4bit__qlora-q4__ctx512__b1-ga1__r8__s2026__01a092fc-ff40-738d-b11c-029a4d91bfc3/training_metrics.json,PUBLIC_CORE,true,"Allowlisted code, configuration, data, raw evidence, generated result, or project metadata.",false,false,false,KEEP
results/raw/20260912T004751556601Z__mlx-community-qwen3-4b-4bit__qlora-q4__ctx512__b1-ga1__r32__s42__01a09315-c104-7e07-a512-7ef4150ab322/command.txt,PUBLIC_CORE,true,"Allowlisted code, configuration, data, raw evidence, generated result, or project metadata.",false,false,false,KEEP
results/raw/20260912T004751556601Z__mlx-community-qwen3-4b-4bit__qlora-q4__ctx512__b1-ga1__r32__s42__01a09315-c104-7e07-a512-7ef4150ab322/config.yaml,PUBLIC_CORE,true,"Allowlisted code, configuration, data, raw evidence, generated result, or project metadata.",false,false,false,KEEP
results/raw/20260912T004751556601Z__mlx-community-qwen3-4b-4bit__qlora-q4__ctx512__b1-ga1__r32__s42__01a09315-c104-7e07-a512-7ef4150ab322/effective_config.json,PUBLIC_CORE,true,"Allowlisted code, configuration, data, raw evidence, generated result, or project metadata.",false,false,false,KEEP
results/raw/20260912T004751556601Z__mlx-community-qwen3-4b-4bit__qlora-q4__ctx512__b1-ga1__r32__s42__01a09315-c104-7e07-a512-7ef4150ab322/environment/raw_environment.txt,PUBLIC_CORE,true,Scientific record is retained; identifier and device-path fields require separate evidence-preserving privacy remediation before publication.,false,false,true,REWRITE
results/raw/20260912T004751556601Z__mlx-community-qwen3-4b-4bit__qlora-q4__ctx512__b1-ga1__r32__s42__01a09315-c104-7e07-a512-7ef4150ab322/environment/vm_stat_after.txt,PUBLIC_CORE,true,"Allowlisted code, configuration, data, raw evidence, generated result, or project metadata.",false,false,false,KEEP
results/raw/20260912T004751556601Z__mlx-community-qwen3-4b-4bit__qlora-q4__ctx512__b1-ga1__r32__s42__01a09315-c104-7e07-a512-7ef4150ab322/environment/vm_stat_before.txt,PUBLIC_CORE,true,"Allowlisted code, configuration, data, raw evidence, generated result, or project metadata.",false,false,false,KEEP
results/raw/20260912T004751556601Z__mlx-community-qwen3-4b-4bit__qlora-q4__ctx512__b1-ga1__r32__s42__01a09315-c104-7e07-a512-7ef4150ab322/logs/stderr.log,PUBLIC_CORE,true,"Allowlisted code, configuration, data, raw evidence, generated result, or project metadata.",false,false,false,KEEP
results/raw/20260912T004751556601Z__mlx-community-qwen3-4b-4bit__qlora-q4__ctx512__b1-ga1__r32__s42__01a09315-c104-7e07-a512-7ef4150ab322/logs/stdout.log,PUBLIC_CORE,true,"Allowlisted code, configuration, data, raw evidence, generated result, or project metadata.",false,false,false,KEEP
results/raw/20260912T004751556601Z__mlx-community-qwen3-4b-4bit__qlora-q4__ctx512__b1-ga1__r32__s42__01a09315-c104-7e07-a512-7ef4150ab322/manifest.sha256,PUBLIC_CORE,true,"Allowlisted code, configuration, data, raw evidence, generated result, or project metadata.",false,false,false,KEEP
results/raw/20260912T004751556601Z__mlx-community-qwen3-4b-4bit__qlora-q4__ctx512__b1-ga1__r32__s42__01a09315-c104-7e07-a512-7ef4150ab322/result.json,PUBLIC_CORE,true,Scientific record is retained; identifier and device-path fields require separate evidence-preserving privacy remediation before publication.,false,false,true,REWRITE
results/raw/20260912T004751556601Z__mlx-community-qwen3-4b-4bit__qlora-q4__ctx512__b1-ga1__r32__s42__01a09315-c104-7e07-a512-7ef4150ab322/step_timings.jsonl,PUBLIC_CORE,true,"Allowlisted code, configuration, data, raw evidence, generated result, or project metadata.",false,false,false,KEEP
results/raw/20260912T004751556601Z__mlx-community-qwen3-4b-4bit__qlora-q4__ctx512__b1-ga1__r32__s42__01a09315-c104-7e07-a512-7ef4150ab322/system_monitor.jsonl,PUBLIC_CORE,true,"Allowlisted code, configuration, data, raw evidence, generated result, or project metadata.",false,false,false,KEEP
results/raw/20260912T004751556601Z__mlx-community-qwen3-4b-4bit__qlora-q4__ctx512__b1-ga1__r32__s42__01a09315-c104-7e07-a512-7ef4150ab322/training_metrics.json,PUBLIC_CORE,true,"Allowlisted code, configuration, data, raw evidence, generated result, or project metadata.",false,false,false,KEEP
results/raw/20260912T005229332707Z__mlx-community-qwen3-4b-4bit__qlora-q4__ctx512__b1-ga1__r32__s123__01a09319-fe14-7502-8e56-166f4d12f256/command.txt,PUBLIC_CORE,true,"Allowlisted code, configuration, data, raw evidence, generated result, or project metadata.",false,false,false,KEEP
results/raw/20260912T005229332707Z__mlx-community-qwen3-4b-4bit__qlora-q4__ctx512__b1-ga1__r32__s123__01a09319-fe14-7502-8e56-166f4d12f256/config.yaml,PUBLIC_CORE,true,"Allowlisted code, configuration, data, raw evidence, generated result, or project metadata.",false,false,false,KEEP
results/raw/20260912T005229332707Z__mlx-community-qwen3-4b-4bit__qlora-q4__ctx512__b1-ga1__r32__s123__01a09319-fe14-7502-8e56-166f4d12f256/effective_config.json,PUBLIC_CORE,true,"Allowlisted code, configuration, data, raw evidence, generated result, or project metadata.",false,false,false,KEEP
results/raw/20260912T005229332707Z__mlx-community-qwen3-4b-4bit__qlora-q4__ctx512__b1-ga1__r32__s123__01a09319-fe14-7502-8e56-166f4d12f256/environment/raw_environment.txt,PUBLIC_CORE,true,Scientific record is retained; identifier and device-path fields require separate evidence-preserving privacy remediation before publication.,false,false,true,REWRITE
results/raw/20260912T005229332707Z__mlx-community-qwen3-4b-4bit__qlora-q4__ctx512__b1-ga1__r32__s123__01a09319-fe14-7502-8e56-166f4d12f256/environment/vm_stat_after.txt,PUBLIC_CORE,true,"Allowlisted code, configuration, data, raw evidence, generated result, or project metadata.",false,false,false,KEEP
results/raw/20260912T005229332707Z__mlx-community-qwen3-4b-4bit__qlora-q4__ctx512__b1-ga1__r32__s123__01a09319-fe14-7502-8e56-166f4d12f256/environment/vm_stat_before.txt,PUBLIC_CORE,true,"Allowlisted code, configuration, data, raw evidence, generated result, or project metadata.",false,false,false,KEEP
results/raw/20260912T005229332707Z__mlx-community-qwen3-4b-4bit__qlora-q4__ctx512__b1-ga1__r32__s123__01a09319-fe14-7502-8e56-166f4d12f256/logs/stderr.log,PUBLIC_CORE,true,"Allowlisted code, configuration, data, raw evidence, generated result, or project metadata.",false,false,false,KEEP
results/raw/20260912T005229332707Z__mlx-community-qwen3-4b-4bit__qlora-q4__ctx512__b1-ga1__r32__s123__01a09319-fe14-7502-8e56-166f4d12f256/logs/stdout.log,PUBLIC_CORE,true,"Allowlisted code, configuration, data, raw evidence, generated result, or project metadata.",false,false,false,KEEP
results/raw/20260912T005229332707Z__mlx-community-qwen3-4b-4bit__qlora-q4__ctx512__b1-ga1__r32__s123__01a09319-fe14-7502-8e56-166f4d12f256/manifest.sha256,PUBLIC_CORE,true,"Allowlisted code, configuration, data, raw evidence, generated result, or project metadata.",false,false,false,KEEP
results/raw/20260912T005229332707Z__mlx-community-qwen3-4b-4bit__qlora-q4__ctx512__b1-ga1__r32__s123__01a09319-fe14-7502-8e56-166f4d12f256/result.json,PUBLIC_CORE,true,Scientific record is retained; identifier and device-path fields require separate evidence-preserving privacy remediation before publication.,false,false,true,REWRITE
results/raw/20260912T005229332707Z__mlx-community-qwen3-4b-4bit__qlora-q4__ctx512__b1-ga1__r32__s123__01a09319-fe14-7502-8e56-166f4d12f256/step_timings.jsonl,PUBLIC_CORE,true,"Allowlisted code, configuration, data, raw evidence, generated result, or project metadata.",false,false,false,KEEP
results/raw/20260912T005229332707Z__mlx-community-qwen3-4b-4bit__qlora-q4__ctx512__b1-ga1__r32__s123__01a09319-fe14-7502-8e56-166f4d12f256/system_monitor.jsonl,PUBLIC_CORE,true,"Allowlisted code, configuration, data, raw evidence, generated result, or project metadata.",false,false,false,KEEP
results/raw/20260912T005229332707Z__mlx-community-qwen3-4b-4bit__qlora-q4__ctx512__b1-ga1__r32__s123__01a09319-fe14-7502-8e56-166f4d12f256/training_metrics.json,PUBLIC_CORE,true,"Allowlisted code, configuration, data, raw evidence, generated result, or project metadata.",false,false,false,KEEP
results/raw/20260912T005628891394Z__mlx-community-qwen3-4b-4bit__qlora-q4__ctx512__b1-ga1__r32__s2026__01a0931d-a5db-72e7-862e-d873772e8ad4/command.txt,PUBLIC_CORE,true,"Allowlisted code, configuration, data, raw evidence, generated result, or project metadata.",false,false,false,KEEP
results/raw/20260912T005628891394Z__mlx-community-qwen3-4b-4bit__qlora-q4__ctx512__b1-ga1__r32__s2026__01a0931d-a5db-72e7-862e-d873772e8ad4/config.yaml,PUBLIC_CORE,true,"Allowlisted code, configuration, data, raw evidence, generated result, or project metadata.",false,false,false,KEEP
results/raw/20260912T005628891394Z__mlx-community-qwen3-4b-4bit__qlora-q4__ctx512__b1-ga1__r32__s2026__01a0931d-a5db-72e7-862e-d873772e8ad4/effective_config.json,PUBLIC_CORE,true,"Allowlisted code, configuration, data, raw evidence, generated result, or project metadata.",false,false,false,KEEP
results/raw/20260912T005628891394Z__mlx-community-qwen3-4b-4bit__qlora-q4__ctx512__b1-ga1__r32__s2026__01a0931d-a5db-72e7-862e-d873772e8ad4/environment/raw_environment.txt,PUBLIC_CORE,true,Scientific record is retained; identifier and device-path fields require separate evidence-preserving privacy remediation before publication.,false,false,true,REWRITE
results/raw/20260912T005628891394Z__mlx-community-qwen3-4b-4bit__qlora-q4__ctx512__b1-ga1__r32__s2026__01a0931d-a5db-72e7-862e-d873772e8ad4/environment/vm_stat_after.txt,PUBLIC_CORE,true,"Allowlisted code, configuration, data, raw evidence, generated result, or project metadata.",false,false,false,KEEP
results/raw/20260912T005628891394Z__mlx-community-qwen3-4b-4bit__qlora-q4__ctx512__b1-ga1__r32__s2026__01a0931d-a5db-72e7-862e-d873772e8ad4/environment/vm_stat_before.txt,PUBLIC_CORE,true,"Allowlisted code, configuration, data, raw evidence, generated result, or project metadata.",false,false,false,KEEP
results/raw/20260912T005628891394Z__mlx-community-qwen3-4b-4bit__qlora-q4__ctx512__b1-ga1__r32__s2026__01a0931d-a5db-72e7-862e-d873772e8ad4/logs/stderr.log,PUBLIC_CORE,true,"Allowlisted code, configuration, data, raw evidence, generated result, or project metadata.",false,false,false,KEEP
results/raw/20260912T005628891394Z__mlx-community-qwen3-4b-4bit__qlora-q4__ctx512__b1-ga1__r32__s2026__01a0931d-a5db-72e7-862e-d873772e8ad4/logs/stdout.log,PUBLIC_CORE,true,"Allowlisted code, configuration, data, raw evidence, generated result, or project metadata.",false,false,false,KEEP
results/raw/20260912T005628891394Z__mlx-community-qwen3-4b-4bit__qlora-q4__ctx512__b1-ga1__r32__s2026__01a0931d-a5db-72e7-862e-d873772e8ad4/manifest.sha256,PUBLIC_CORE,true,"Allowlisted code, configuration, data, raw evidence, generated result, or project metadata.",false,false,false,KEEP
results/raw/20260912T005628891394Z__mlx-community-qwen3-4b-4bit__qlora-q4__ctx512__b1-ga1__r32__s2026__01a0931d-a5db-72e7-862e-d873772e8ad4/result.json,PUBLIC_CORE,true,Scientific record is retained; identifier and device-path fields require separate evidence-preserving privacy remediation before publication.,false,false,true,REWRITE
results/raw/20260912T005628891394Z__mlx-community-qwen3-4b-4bit__qlora-q4__ctx512__b1-ga1__r32__s2026__01a0931d-a5db-72e7-862e-d873772e8ad4/step_timings.jsonl,PUBLIC_CORE,true,"Allowlisted code, configuration, data, raw evidence, generated result, or project metadata.",false,false,false,KEEP
results/raw/20260912T005628891394Z__mlx-community-qwen3-4b-4bit__qlora-q4__ctx512__b1-ga1__r32__s2026__01a0931d-a5db-72e7-862e-d873772e8ad4/system_monitor.jsonl,PUBLIC_CORE,true,"Allowlisted code, configuration, data, raw evidence, generated result, or project metadata.",false,false,false,KEEP
results/raw/20260912T005628891394Z__mlx-community-qwen3-4b-4bit__qlora-q4__ctx512__b1-ga1__r32__s2026__01a0931d-a5db-72e7-862e-d873772e8ad4/training_metrics.json,PUBLIC_CORE,true,"Allowlisted code, configuration, data, raw evidence, generated result, or project metadata.",false,false,false,KEEP
results/raw/20260912T010039277561Z__mlx-community-qwen3-4b-4bit__qlora-q4__ctx512__b2-ga1__r8__s42__01a09321-77ed-781d-9525-c73e2f13f47c/command.txt,PUBLIC_CORE,true,"Allowlisted code, configuration, data, raw evidence, generated result, or project metadata.",false,false,false,KEEP
results/raw/20260912T010039277561Z__mlx-community-qwen3-4b-4bit__qlora-q4__ctx512__b2-ga1__r8__s42__01a09321-77ed-781d-9525-c73e2f13f47c/config.yaml,PUBLIC_CORE,true,"Allowlisted code, configuration, data, raw evidence, generated result, or project metadata.",false,false,false,KEEP
results/raw/20260912T010039277561Z__mlx-community-qwen3-4b-4bit__qlora-q4__ctx512__b2-ga1__r8__s42__01a09321-77ed-781d-9525-c73e2f13f47c/effective_config.json,PUBLIC_CORE,true,"Allowlisted code, configuration, data, raw evidence, generated result, or project metadata.",false,false,false,KEEP
results/raw/20260912T010039277561Z__mlx-community-qwen3-4b-4bit__qlora-q4__ctx512__b2-ga1__r8__s42__01a09321-77ed-781d-9525-c73e2f13f47c/environment/raw_environment.txt,PUBLIC_CORE,true,Scientific record is retained; identifier and device-path fields require separate evidence-preserving privacy remediation before publication.,false,false,true,REWRITE
results/raw/20260912T010039277561Z__mlx-community-qwen3-4b-4bit__qlora-q4__ctx512__b2-ga1__r8__s42__01a09321-77ed-781d-9525-c73e2f13f47c/environment/vm_stat_after.txt,PUBLIC_CORE,true,"Allowlisted code, configuration, data, raw evidence, generated result, or project metadata.",false,false,false,KEEP
results/raw/20260912T010039277561Z__mlx-community-qwen3-4b-4bit__qlora-q4__ctx512__b2-ga1__r8__s42__01a09321-77ed-781d-9525-c73e2f13f47c/environment/vm_stat_before.txt,PUBLIC_CORE,true,"Allowlisted code, configuration, data, raw evidence, generated result, or project metadata.",false,false,false,KEEP
results/raw/20260912T010039277561Z__mlx-community-qwen3-4b-4bit__qlora-q4__ctx512__b2-ga1__r8__s42__01a09321-77ed-781d-9525-c73e2f13f47c/logs/stderr.log,PUBLIC_CORE,true,"Allowlisted code, configuration, data, raw evidence, generated result, or project metadata.",false,false,false,KEEP
results/raw/20260912T010039277561Z__mlx-community-qwen3-4b-4bit__qlora-q4__ctx512__b2-ga1__r8__s42__01a09321-77ed-781d-9525-c73e2f13f47c/logs/stdout.log,PUBLIC_CORE,true,"Allowlisted code, configuration, data, raw evidence, generated result, or project metadata.",false,false,false,KEEP
results/raw/20260912T010039277561Z__mlx-community-qwen3-4b-4bit__qlora-q4__ctx512__b2-ga1__r8__s42__01a09321-77ed-781d-9525-c73e2f13f47c/manifest.sha256,PUBLIC_CORE,true,"Allowlisted code, configuration, data, raw evidence, generated result, or project metadata.",false,false,false,KEEP
results/raw/20260912T010039277561Z__mlx-community-qwen3-4b-4bit__qlora-q4__ctx512__b2-ga1__r8__s42__01a09321-77ed-781d-9525-c73e2f13f47c/result.json,PUBLIC_CORE,true,Scientific record is retained; identifier and device-path fields require separate evidence-preserving privacy remediation before publication.,false,false,true,REWRITE
results/raw/20260912T010039277561Z__mlx-community-qwen3-4b-4bit__qlora-q4__ctx512__b2-ga1__r8__s42__01a09321-77ed-781d-9525-c73e2f13f47c/system_monitor.jsonl,PUBLIC_CORE,true,"Allowlisted code, configuration, data, raw evidence, generated result, or project metadata.",false,false,false,KEEP
results/raw/20260912T010057032957Z__mlx-community-qwen3-4b-4bit__qlora-q4__ctx512__b2-ga1__r8__s123__01a09321-bd49-74c0-b8a1-0782b7750f54/command.txt,PUBLIC_CORE,true,"Allowlisted code, configuration, data, raw evidence, generated result, or project metadata.",false,false,false,KEEP
results/raw/20260912T010057032957Z__mlx-community-qwen3-4b-4bit__qlora-q4__ctx512__b2-ga1__r8__s123__01a09321-bd49-74c0-b8a1-0782b7750f54/config.yaml,PUBLIC_CORE,true,"Allowlisted code, configuration, data, raw evidence, generated result, or project metadata.",false,false,false,KEEP
results/raw/20260912T010057032957Z__mlx-community-qwen3-4b-4bit__qlora-q4__ctx512__b2-ga1__r8__s123__01a09321-bd49-74c0-b8a1-0782b7750f54/effective_config.json,PUBLIC_CORE,true,"Allowlisted code, configuration, data, raw evidence, generated result, or project metadata.",false,false,false,KEEP
results/raw/20260912T010057032957Z__mlx-community-qwen3-4b-4bit__qlora-q4__ctx512__b2-ga1__r8__s123__01a09321-bd49-74c0-b8a1-0782b7750f54/environment/raw_environment.txt,PUBLIC_CORE,true,Scientific record is retained; identifier and device-path fields require separate evidence-preserving privacy remediation before publication.,false,false,true,REWRITE
results/raw/20260912T010057032957Z__mlx-community-qwen3-4b-4bit__qlora-q4__ctx512__b2-ga1__r8__s123__01a09321-bd49-74c0-b8a1-0782b7750f54/environment/vm_stat_after.txt,PUBLIC_CORE,true,"Allowlisted code, configuration, data, raw evidence, generated result, or project metadata.",false,false,false,KEEP
results/raw/20260912T010057032957Z__mlx-community-qwen3-4b-4bit__qlora-q4__ctx512__b2-ga1__r8__s123__01a09321-bd49-74c0-b8a1-0782b7750f54/environment/vm_stat_before.txt,PUBLIC_CORE,true,"Allowlisted code, configuration, data, raw evidence, generated result, or project metadata.",false,false,false,KEEP
results/raw/20260912T010057032957Z__mlx-community-qwen3-4b-4bit__qlora-q4__ctx512__b2-ga1__r8__s123__01a09321-bd49-74c0-b8a1-0782b7750f54/logs/stderr.log,PUBLIC_CORE,true,"Allowlisted code, configuration, data, raw evidence, generated result, or project metadata.",false,false,false,KEEP
results/raw/20260912T010057032957Z__mlx-community-qwen3-4b-4bit__qlora-q4__ctx512__b2-ga1__r8__s123__01a09321-bd49-74c0-b8a1-0782b7750f54/logs/stdout.log,PUBLIC_CORE,true,"Allowlisted code, configuration, data, raw evidence, generated result, or project metadata.",false,false,false,KEEP
results/raw/20260912T010057032957Z__mlx-community-qwen3-4b-4bit__qlora-q4__ctx512__b2-ga1__r8__s123__01a09321-bd49-74c0-b8a1-0782b7750f54/manifest.sha256,PUBLIC_CORE,true,"Allowlisted code, configuration, data, raw evidence, generated result, or project metadata.",false,false,false,KEEP
results/raw/20260912T010057032957Z__mlx-community-qwen3-4b-4bit__qlora-q4__ctx512__b2-ga1__r8__s123__01a09321-bd49-74c0-b8a1-0782b7750f54/result.json,PUBLIC_CORE,true,Scientific record is retained; identifier and device-path fields require separate evidence-preserving privacy remediation before publication.,false,false,true,REWRITE
results/raw/20260912T010057032957Z__mlx-community-qwen3-4b-4bit__qlora-q4__ctx512__b2-ga1__r8__s123__01a09321-bd49-74c0-b8a1-0782b7750f54/system_monitor.jsonl,PUBLIC_CORE,true,"Allowlisted code, configuration, data, raw evidence, generated result, or project metadata.",false,false,false,KEEP
results/raw/20260912T010113537018Z__mlx-community-qwen3-4b-4bit__qlora-q4__ctx512__b2-ga1__r8__s2026__01a09321-fdc1-7318-9bb8-17062e743279/command.txt,PUBLIC_CORE,true,"Allowlisted code, configuration, data, raw evidence, generated result, or project metadata.",false,false,false,KEEP
results/raw/20260912T010113537018Z__mlx-community-qwen3-4b-4bit__qlora-q4__ctx512__b2-ga1__r8__s2026__01a09321-fdc1-7318-9bb8-17062e743279/config.yaml,PUBLIC_CORE,true,"Allowlisted code, configuration, data, raw evidence, generated result, or project metadata.",false,false,false,KEEP
results/raw/20260912T010113537018Z__mlx-community-qwen3-4b-4bit__qlora-q4__ctx512__b2-ga1__r8__s2026__01a09321-fdc1-7318-9bb8-17062e743279/effective_config.json,PUBLIC_CORE,true,"Allowlisted code, configuration, data, raw evidence, generated result, or project metadata.",false,false,false,KEEP
results/raw/20260912T010113537018Z__mlx-community-qwen3-4b-4bit__qlora-q4__ctx512__b2-ga1__r8__s2026__01a09321-fdc1-7318-9bb8-17062e743279/environment/raw_environment.txt,PUBLIC_CORE,true,Scientific record is retained; identifier and device-path fields require separate evidence-preserving privacy remediation before publication.,false,false,true,REWRITE
results/raw/20260912T010113537018Z__mlx-community-qwen3-4b-4bit__qlora-q4__ctx512__b2-ga1__r8__s2026__01a09321-fdc1-7318-9bb8-17062e743279/environment/vm_stat_after.txt,PUBLIC_CORE,true,"Allowlisted code, configuration, data, raw evidence, generated result, or project metadata.",false,false,false,KEEP
results/raw/20260912T010113537018Z__mlx-community-qwen3-4b-4bit__qlora-q4__ctx512__b2-ga1__r8__s2026__01a09321-fdc1-7318-9bb8-17062e743279/environment/vm_stat_before.txt,PUBLIC_CORE,true,"Allowlisted code, configuration, data, raw evidence, generated result, or project metadata.",false,false,false,KEEP
results/raw/20260912T010113537018Z__mlx-community-qwen3-4b-4bit__qlora-q4__ctx512__b2-ga1__r8__s2026__01a09321-fdc1-7318-9bb8-17062e743279/logs/stderr.log,PUBLIC_CORE,true,"Allowlisted code, configuration, data, raw evidence, generated result, or project metadata.",false,false,false,KEEP
results/raw/20260912T010113537018Z__mlx-community-qwen3-4b-4bit__qlora-q4__ctx512__b2-ga1__r8__s2026__01a09321-fdc1-7318-9bb8-17062e743279/logs/stdout.log,PUBLIC_CORE,true,"Allowlisted code, configuration, data, raw evidence, generated result, or project metadata.",false,false,false,KEEP
results/raw/20260912T010113537018Z__mlx-community-qwen3-4b-4bit__qlora-q4__ctx512__b2-ga1__r8__s2026__01a09321-fdc1-7318-9bb8-17062e743279/manifest.sha256,PUBLIC_CORE,true,"Allowlisted code, configuration, data, raw evidence, generated result, or project metadata.",false,false,false,KEEP
results/raw/20260912T010113537018Z__mlx-community-qwen3-4b-4bit__qlora-q4__ctx512__b2-ga1__r8__s2026__01a09321-fdc1-7318-9bb8-17062e743279/result.json,PUBLIC_CORE,true,Scientific record is retained; identifier and device-path fields require separate evidence-preserving privacy remediation before publication.,false,false,true,REWRITE
results/raw/20260912T010113537018Z__mlx-community-qwen3-4b-4bit__qlora-q4__ctx512__b2-ga1__r8__s2026__01a09321-fdc1-7318-9bb8-17062e743279/system_monitor.jsonl,PUBLIC_CORE,true,"Allowlisted code, configuration, data, raw evidence, generated result, or project metadata.",false,false,false,KEEP
results/raw/20260912T010129965737Z__mlx-community-qwen3-4b-4bit__qlora-q4__ctx512__b4-ga1__r8__s42__01a09322-3dee-714c-a8eb-64e1429d9826/command.txt,PUBLIC_CORE,true,"Allowlisted code, configuration, data, raw evidence, generated result, or project metadata.",false,false,false,KEEP
results/raw/20260912T010129965737Z__mlx-community-qwen3-4b-4bit__qlora-q4__ctx512__b4-ga1__r8__s42__01a09322-3dee-714c-a8eb-64e1429d9826/config.yaml,PUBLIC_CORE,true,"Allowlisted code, configuration, data, raw evidence, generated result, or project metadata.",false,false,false,KEEP
results/raw/20260912T010129965737Z__mlx-community-qwen3-4b-4bit__qlora-q4__ctx512__b4-ga1__r8__s42__01a09322-3dee-714c-a8eb-64e1429d9826/effective_config.json,PUBLIC_CORE,true,"Allowlisted code, configuration, data, raw evidence, generated result, or project metadata.",false,false,false,KEEP
results/raw/20260912T010129965737Z__mlx-community-qwen3-4b-4bit__qlora-q4__ctx512__b4-ga1__r8__s42__01a09322-3dee-714c-a8eb-64e1429d9826/environment/raw_environment.txt,PUBLIC_CORE,true,Scientific record is retained; identifier and device-path fields require separate evidence-preserving privacy remediation before publication.,false,false,true,REWRITE
results/raw/20260912T010129965737Z__mlx-community-qwen3-4b-4bit__qlora-q4__ctx512__b4-ga1__r8__s42__01a09322-3dee-714c-a8eb-64e1429d9826/environment/vm_stat_after.txt,PUBLIC_CORE,true,"Allowlisted code, configuration, data, raw evidence, generated result, or project metadata.",false,false,false,KEEP
results/raw/20260912T010129965737Z__mlx-community-qwen3-4b-4bit__qlora-q4__ctx512__b4-ga1__r8__s42__01a09322-3dee-714c-a8eb-64e1429d9826/environment/vm_stat_before.txt,PUBLIC_CORE,true,"Allowlisted code, configuration, data, raw evidence, generated result, or project metadata.",false,false,false,KEEP
results/raw/20260912T010129965737Z__mlx-community-qwen3-4b-4bit__qlora-q4__ctx512__b4-ga1__r8__s42__01a09322-3dee-714c-a8eb-64e1429d9826/logs/stderr.log,PUBLIC_CORE,true,"Allowlisted code, configuration, data, raw evidence, generated result, or project metadata.",false,false,false,KEEP
results/raw/20260912T010129965737Z__mlx-community-qwen3-4b-4bit__qlora-q4__ctx512__b4-ga1__r8__s42__01a09322-3dee-714c-a8eb-64e1429d9826/logs/stdout.log,PUBLIC_CORE,true,"Allowlisted code, configuration, data, raw evidence, generated result, or project metadata.",false,false,false,KEEP
results/raw/20260912T010129965737Z__mlx-community-qwen3-4b-4bit__qlora-q4__ctx512__b4-ga1__r8__s42__01a09322-3dee-714c-a8eb-64e1429d9826/manifest.sha256,PUBLIC_CORE,true,"Allowlisted code, configuration, data, raw evidence, generated result, or project metadata.",false,false,false,KEEP
results/raw/20260912T010129965737Z__mlx-community-qwen3-4b-4bit__qlora-q4__ctx512__b4-ga1__r8__s42__01a09322-3dee-714c-a8eb-64e1429d9826/result.json,PUBLIC_CORE,true,Scientific record is retained; identifier and device-path fields require separate evidence-preserving privacy remediation before publication.,false,false,true,REWRITE
results/raw/20260912T010129965737Z__mlx-community-qwen3-4b-4bit__qlora-q4__ctx512__b4-ga1__r8__s42__01a09322-3dee-714c-a8eb-64e1429d9826/system_monitor.jsonl,PUBLIC_CORE,true,"Allowlisted code, configuration, data, raw evidence, generated result, or project metadata.",false,false,false,KEEP
results/raw/20260912T010153968541Z__mlx-community-qwen3-4b-4bit__qlora-q4__ctx512__b4-ga1__r8__s123__01a09322-9bb0-754e-accc-539b548284ca/command.txt,PUBLIC_CORE,true,"Allowlisted code, configuration, data, raw evidence, generated result, or project metadata.",false,false,false,KEEP
results/raw/20260912T010153968541Z__mlx-community-qwen3-4b-4bit__qlora-q4__ctx512__b4-ga1__r8__s123__01a09322-9bb0-754e-accc-539b548284ca/config.yaml,PUBLIC_CORE,true,"Allowlisted code, configuration, data, raw evidence, generated result, or project metadata.",false,false,false,KEEP
results/raw/20260912T010153968541Z__mlx-community-qwen3-4b-4bit__qlora-q4__ctx512__b4-ga1__r8__s123__01a09322-9bb0-754e-accc-539b548284ca/effective_config.json,PUBLIC_CORE,true,"Allowlisted code, configuration, data, raw evidence, generated result, or project metadata.",false,false,false,KEEP
results/raw/20260912T010153968541Z__mlx-community-qwen3-4b-4bit__qlora-q4__ctx512__b4-ga1__r8__s123__01a09322-9bb0-754e-accc-539b548284ca/environment/raw_environment.txt,PUBLIC_CORE,true,Scientific record is retained; identifier and device-path fields require separate evidence-preserving privacy remediation before publication.,false,false,true,REWRITE
results/raw/20260912T010153968541Z__mlx-community-qwen3-4b-4bit__qlora-q4__ctx512__b4-ga1__r8__s123__01a09322-9bb0-754e-accc-539b548284ca/environment/vm_stat_after.txt,PUBLIC_CORE,true,"Allowlisted code, configuration, data, raw evidence, generated result, or project metadata.",false,false,false,KEEP
results/raw/20260912T010153968541Z__mlx-community-qwen3-4b-4bit__qlora-q4__ctx512__b4-ga1__r8__s123__01a09322-9bb0-754e-accc-539b548284ca/environment/vm_stat_before.txt,PUBLIC_CORE,true,"Allowlisted code, configuration, data, raw evidence, generated result, or project metadata.",false,false,false,KEEP
results/raw/20260912T010153968541Z__mlx-community-qwen3-4b-4bit__qlora-q4__ctx512__b4-ga1__r8__s123__01a09322-9bb0-754e-accc-539b548284ca/logs/stderr.log,PUBLIC_CORE,true,"Allowlisted code, configuration, data, raw evidence, generated result, or project metadata.",false,false,false,KEEP
results/raw/20260912T010153968541Z__mlx-community-qwen3-4b-4bit__qlora-q4__ctx512__b4-ga1__r8__s123__01a09322-9bb0-754e-accc-539b548284ca/logs/stdout.log,PUBLIC_CORE,true,"Allowlisted code, configuration, data, raw evidence, generated result, or project metadata.",false,false,false,KEEP
results/raw/20260912T010153968541Z__mlx-community-qwen3-4b-4bit__qlora-q4__ctx512__b4-ga1__r8__s123__01a09322-9bb0-754e-accc-539b548284ca/manifest.sha256,PUBLIC_CORE,true,"Allowlisted code, configuration, data, raw evidence, generated result, or project metadata.",false,false,false,KEEP
results/raw/20260912T010153968541Z__mlx-community-qwen3-4b-4bit__qlora-q4__ctx512__b4-ga1__r8__s123__01a09322-9bb0-754e-accc-539b548284ca/result.json,PUBLIC_CORE,true,Scientific record is retained; identifier and device-path fields require separate evidence-preserving privacy remediation before publication.,false,false,true,REWRITE
results/raw/20260912T010153968541Z__mlx-community-qwen3-4b-4bit__qlora-q4__ctx512__b4-ga1__r8__s123__01a09322-9bb0-754e-accc-539b548284ca/system_monitor.jsonl,PUBLIC_CORE,true,"Allowlisted code, configuration, data, raw evidence, generated result, or project metadata.",false,false,false,KEEP
results/raw/20260912T010221754536Z__mlx-community-qwen3-4b-4bit__qlora-q4__ctx512__b4-ga1__r8__s2026__01a09323-083a-7124-9f61-789f550b20ba/command.txt,PUBLIC_CORE,true,"Allowlisted code, configuration, data, raw evidence, generated result, or project metadata.",false,false,false,KEEP
results/raw/20260912T010221754536Z__mlx-community-qwen3-4b-4bit__qlora-q4__ctx512__b4-ga1__r8__s2026__01a09323-083a-7124-9f61-789f550b20ba/config.yaml,PUBLIC_CORE,true,"Allowlisted code, configuration, data, raw evidence, generated result, or project metadata.",false,false,false,KEEP
results/raw/20260912T010221754536Z__mlx-community-qwen3-4b-4bit__qlora-q4__ctx512__b4-ga1__r8__s2026__01a09323-083a-7124-9f61-789f550b20ba/effective_config.json,PUBLIC_CORE,true,"Allowlisted code, configuration, data, raw evidence, generated result, or project metadata.",false,false,false,KEEP
results/raw/20260912T010221754536Z__mlx-community-qwen3-4b-4bit__qlora-q4__ctx512__b4-ga1__r8__s2026__01a09323-083a-7124-9f61-789f550b20ba/environment/raw_environment.txt,PUBLIC_CORE,true,Scientific record is retained; identifier and device-path fields require separate evidence-preserving privacy remediation before publication.,false,false,true,REWRITE
results/raw/20260912T010221754536Z__mlx-community-qwen3-4b-4bit__qlora-q4__ctx512__b4-ga1__r8__s2026__01a09323-083a-7124-9f61-789f550b20ba/environment/vm_stat_after.txt,PUBLIC_CORE,true,"Allowlisted code, configuration, data, raw evidence, generated result, or project metadata.",false,false,false,KEEP
results/raw/20260912T010221754536Z__mlx-community-qwen3-4b-4bit__qlora-q4__ctx512__b4-ga1__r8__s2026__01a09323-083a-7124-9f61-789f550b20ba/environment/vm_stat_before.txt,PUBLIC_CORE,true,"Allowlisted code, configuration, data, raw evidence, generated result, or project metadata.",false,false,false,KEEP
results/raw/20260912T010221754536Z__mlx-community-qwen3-4b-4bit__qlora-q4__ctx512__b4-ga1__r8__s2026__01a09323-083a-7124-9f61-789f550b20ba/logs/stderr.log,PUBLIC_CORE,true,"Allowlisted code, configuration, data, raw evidence, generated result, or project metadata.",false,false,false,KEEP
results/raw/20260912T010221754536Z__mlx-community-qwen3-4b-4bit__qlora-q4__ctx512__b4-ga1__r8__s2026__01a09323-083a-7124-9f61-789f550b20ba/logs/stdout.log,PUBLIC_CORE,true,"Allowlisted code, configuration, data, raw evidence, generated result, or project metadata.",false,false,false,KEEP
results/raw/20260912T010221754536Z__mlx-community-qwen3-4b-4bit__qlora-q4__ctx512__b4-ga1__r8__s2026__01a09323-083a-7124-9f61-789f550b20ba/manifest.sha256,PUBLIC_CORE,true,"Allowlisted code, configuration, data, raw evidence, generated result, or project metadata.",false,false,false,KEEP
results/raw/20260912T010221754536Z__mlx-community-qwen3-4b-4bit__qlora-q4__ctx512__b4-ga1__r8__s2026__01a09323-083a-7124-9f61-789f550b20ba/result.json,PUBLIC_CORE,true,Scientific record is retained; identifier and device-path fields require separate evidence-preserving privacy remediation before publication.,false,false,true,REWRITE
results/raw/20260912T010221754536Z__mlx-community-qwen3-4b-4bit__qlora-q4__ctx512__b4-ga1__r8__s2026__01a09323-083a-7124-9f61-789f550b20ba/system_monitor.jsonl,PUBLIC_CORE,true,"Allowlisted code, configuration, data, raw evidence, generated result, or project metadata.",false,false,false,KEEP
results/raw/20260912T010247917130Z__mlx-community-qwen3-4b-4bit__qlora-q4__ctx512__b8-ga1__r8__s42__01a09323-6e6d-7bbc-a2c4-00d73e72c23c/command.txt,PUBLIC_CORE,true,"Allowlisted code, configuration, data, raw evidence, generated result, or project metadata.",false,false,false,KEEP
results/raw/20260912T010247917130Z__mlx-community-qwen3-4b-4bit__qlora-q4__ctx512__b8-ga1__r8__s42__01a09323-6e6d-7bbc-a2c4-00d73e72c23c/config.yaml,PUBLIC_CORE,true,"Allowlisted code, configuration, data, raw evidence, generated result, or project metadata.",false,false,false,KEEP
results/raw/20260912T010247917130Z__mlx-community-qwen3-4b-4bit__qlora-q4__ctx512__b8-ga1__r8__s42__01a09323-6e6d-7bbc-a2c4-00d73e72c23c/effective_config.json,PUBLIC_CORE,true,"Allowlisted code, configuration, data, raw evidence, generated result, or project metadata.",false,false,false,KEEP
results/raw/20260912T010247917130Z__mlx-community-qwen3-4b-4bit__qlora-q4__ctx512__b8-ga1__r8__s42__01a09323-6e6d-7bbc-a2c4-00d73e72c23c/environment/raw_environment.txt,PUBLIC_CORE,true,Scientific record is retained; identifier and device-path fields require separate evidence-preserving privacy remediation before publication.,false,false,true,REWRITE
results/raw/20260912T010247917130Z__mlx-community-qwen3-4b-4bit__qlora-q4__ctx512__b8-ga1__r8__s42__01a09323-6e6d-7bbc-a2c4-00d73e72c23c/environment/vm_stat_after.txt,PUBLIC_CORE,true,"Allowlisted code, configuration, data, raw evidence, generated result, or project metadata.",false,false,false,KEEP
results/raw/20260912T010247917130Z__mlx-community-qwen3-4b-4bit__qlora-q4__ctx512__b8-ga1__r8__s42__01a09323-6e6d-7bbc-a2c4-00d73e72c23c/environment/vm_stat_before.txt,PUBLIC_CORE,true,"Allowlisted code, configuration, data, raw evidence, generated result, or project metadata.",false,false,false,KEEP
results/raw/20260912T010247917130Z__mlx-community-qwen3-4b-4bit__qlora-q4__ctx512__b8-ga1__r8__s42__01a09323-6e6d-7bbc-a2c4-00d73e72c23c/logs/stderr.log,PUBLIC_CORE,true,"Allowlisted code, configuration, data, raw evidence, generated result, or project metadata.",false,false,false,KEEP
results/raw/20260912T010247917130Z__mlx-community-qwen3-4b-4bit__qlora-q4__ctx512__b8-ga1__r8__s42__01a09323-6e6d-7bbc-a2c4-00d73e72c23c/logs/stdout.log,PUBLIC_CORE,true,"Allowlisted code, configuration, data, raw evidence, generated result, or project metadata.",false,false,false,KEEP
results/raw/20260912T010247917130Z__mlx-community-qwen3-4b-4bit__qlora-q4__ctx512__b8-ga1__r8__s42__01a09323-6e6d-7bbc-a2c4-00d73e72c23c/manifest.sha256,PUBLIC_CORE,true,"Allowlisted code, configuration, data, raw evidence, generated result, or project metadata.",false,false,false,KEEP
results/raw/20260912T010247917130Z__mlx-community-qwen3-4b-4bit__qlora-q4__ctx512__b8-ga1__r8__s42__01a09323-6e6d-7bbc-a2c4-00d73e72c23c/result.json,PUBLIC_CORE,true,Scientific record is retained; identifier and device-path fields require separate evidence-preserving privacy remediation before publication.,false,false,true,REWRITE
results/raw/20260912T010247917130Z__mlx-community-qwen3-4b-4bit__qlora-q4__ctx512__b8-ga1__r8__s42__01a09323-6e6d-7bbc-a2c4-00d73e72c23c/system_monitor.jsonl,PUBLIC_CORE,true,"Allowlisted code, configuration, data, raw evidence, generated result, or project metadata.",false,false,false,KEEP
results/raw/20260912T010255423307Z__mlx-community-qwen3-4b-4bit__qlora-q4__ctx512__b8-ga1__r8__s123__01a09323-8bbf-760e-a3d8-f8a9763ccbc8/command.txt,PUBLIC_CORE,true,"Allowlisted code, configuration, data, raw evidence, generated result, or project metadata.",false,false,false,KEEP
results/raw/20260912T010255423307Z__mlx-community-qwen3-4b-4bit__qlora-q4__ctx512__b8-ga1__r8__s123__01a09323-8bbf-760e-a3d8-f8a9763ccbc8/config.yaml,PUBLIC_CORE,true,"Allowlisted code, configuration, data, raw evidence, generated result, or project metadata.",false,false,false,KEEP
results/raw/20260912T010255423307Z__mlx-community-qwen3-4b-4bit__qlora-q4__ctx512__b8-ga1__r8__s123__01a09323-8bbf-760e-a3d8-f8a9763ccbc8/effective_config.json,PUBLIC_CORE,true,"Allowlisted code, configuration, data, raw evidence, generated result, or project metadata.",false,false,false,KEEP
results/raw/20260912T010255423307Z__mlx-community-qwen3-4b-4bit__qlora-q4__ctx512__b8-ga1__r8__s123__01a09323-8bbf-760e-a3d8-f8a9763ccbc8/environment/raw_environment.txt,PUBLIC_CORE,true,Scientific record is retained; identifier and device-path fields require separate evidence-preserving privacy remediation before publication.,false,false,true,REWRITE
results/raw/20260912T010255423307Z__mlx-community-qwen3-4b-4bit__qlora-q4__ctx512__b8-ga1__r8__s123__01a09323-8bbf-760e-a3d8-f8a9763ccbc8/environment/vm_stat_after.txt,PUBLIC_CORE,true,"Allowlisted code, configuration, data, raw evidence, generated result, or project metadata.",false,false,false,KEEP
results/raw/20260912T010255423307Z__mlx-community-qwen3-4b-4bit__qlora-q4__ctx512__b8-ga1__r8__s123__01a09323-8bbf-760e-a3d8-f8a9763ccbc8/environment/vm_stat_before.txt,PUBLIC_CORE,true,"Allowlisted code, configuration, data, raw evidence, generated result, or project metadata.",false,false,false,KEEP
results/raw/20260912T010255423307Z__mlx-community-qwen3-4b-4bit__qlora-q4__ctx512__b8-ga1__r8__s123__01a09323-8bbf-760e-a3d8-f8a9763ccbc8/logs/stderr.log,PUBLIC_CORE,true,"Allowlisted code, configuration, data, raw evidence, generated result, or project metadata.",false,false,false,KEEP
results/raw/20260912T010255423307Z__mlx-community-qwen3-4b-4bit__qlora-q4__ctx512__b8-ga1__r8__s123__01a09323-8bbf-760e-a3d8-f8a9763ccbc8/logs/stdout.log,PUBLIC_CORE,true,"Allowlisted code, configuration, data, raw evidence, generated result, or project metadata.",false,false,false,KEEP
results/raw/20260912T010255423307Z__mlx-community-qwen3-4b-4bit__qlora-q4__ctx512__b8-ga1__r8__s123__01a09323-8bbf-760e-a3d8-f8a9763ccbc8/manifest.sha256,PUBLIC_CORE,true,"Allowlisted code, configuration, data, raw evidence, generated result, or project metadata.",false,false,false,KEEP
results/raw/20260912T010255423307Z__mlx-community-qwen3-4b-4bit__qlora-q4__ctx512__b8-ga1__r8__s123__01a09323-8bbf-760e-a3d8-f8a9763ccbc8/result.json,PUBLIC_CORE,true,Scientific record is retained; identifier and device-path fields require separate evidence-preserving privacy remediation before publication.,false,false,true,REWRITE
results/raw/20260912T010255423307Z__mlx-community-qwen3-4b-4bit__qlora-q4__ctx512__b8-ga1__r8__s123__01a09323-8bbf-760e-a3d8-f8a9763ccbc8/system_monitor.jsonl,PUBLIC_CORE,true,"Allowlisted code, configuration, data, raw evidence, generated result, or project metadata.",false,false,false,KEEP
results/raw/20260912T010259241894Z__mlx-community-qwen3-4b-4bit__qlora-q4__ctx512__b8-ga1__r8__s2026__01a09323-9aaa-7934-b499-d66e8245049e/command.txt,PUBLIC_CORE,true,"Allowlisted code, configuration, data, raw evidence, generated result, or project metadata.",false,false,false,KEEP
results/raw/20260912T010259241894Z__mlx-community-qwen3-4b-4bit__qlora-q4__ctx512__b8-ga1__r8__s2026__01a09323-9aaa-7934-b499-d66e8245049e/config.yaml,PUBLIC_CORE,true,"Allowlisted code, configuration, data, raw evidence, generated result, or project metadata.",false,false,false,KEEP
results/raw/20260912T010259241894Z__mlx-community-qwen3-4b-4bit__qlora-q4__ctx512__b8-ga1__r8__s2026__01a09323-9aaa-7934-b499-d66e8245049e/effective_config.json,PUBLIC_CORE,true,"Allowlisted code, configuration, data, raw evidence, generated result, or project metadata.",false,false,false,KEEP
results/raw/20260912T010259241894Z__mlx-community-qwen3-4b-4bit__qlora-q4__ctx512__b8-ga1__r8__s2026__01a09323-9aaa-7934-b499-d66e8245049e/environment/raw_environment.txt,PUBLIC_CORE,true,Scientific record is retained; identifier and device-path fields require separate evidence-preserving privacy remediation before publication.,false,false,true,REWRITE
results/raw/20260912T010259241894Z__mlx-community-qwen3-4b-4bit__qlora-q4__ctx512__b8-ga1__r8__s2026__01a09323-9aaa-7934-b499-d66e8245049e/environment/vm_stat_after.txt,PUBLIC_CORE,true,"Allowlisted code, configuration, data, raw evidence, generated result, or project metadata.",false,false,false,KEEP
results/raw/20260912T010259241894Z__mlx-community-qwen3-4b-4bit__qlora-q4__ctx512__b8-ga1__r8__s2026__01a09323-9aaa-7934-b499-d66e8245049e/environment/vm_stat_before.txt,PUBLIC_CORE,true,"Allowlisted code, configuration, data, raw evidence, generated result, or project metadata.",false,false,false,KEEP
results/raw/20260912T010259241894Z__mlx-community-qwen3-4b-4bit__qlora-q4__ctx512__b8-ga1__r8__s2026__01a09323-9aaa-7934-b499-d66e8245049e/logs/stderr.log,PUBLIC_CORE,true,"Allowlisted code, configuration, data, raw evidence, generated result, or project metadata.",false,false,false,KEEP
results/raw/20260912T010259241894Z__mlx-community-qwen3-4b-4bit__qlora-q4__ctx512__b8-ga1__r8__s2026__01a09323-9aaa-7934-b499-d66e8245049e/logs/stdout.log,PUBLIC_CORE,true,"Allowlisted code, configuration, data, raw evidence, generated result, or project metadata.",false,false,false,KEEP
results/raw/20260912T010259241894Z__mlx-community-qwen3-4b-4bit__qlora-q4__ctx512__b8-ga1__r8__s2026__01a09323-9aaa-7934-b499-d66e8245049e/manifest.sha256,PUBLIC_CORE,true,"Allowlisted code, configuration, data, raw evidence, generated result, or project metadata.",false,false,false,KEEP
results/raw/20260912T010259241894Z__mlx-community-qwen3-4b-4bit__qlora-q4__ctx512__b8-ga1__r8__s2026__01a09323-9aaa-7934-b499-d66e8245049e/result.json,PUBLIC_CORE,true,Scientific record is retained; identifier and device-path fields require separate evidence-preserving privacy remediation before publication.,false,false,true,REWRITE
results/raw/20260912T010259241894Z__mlx-community-qwen3-4b-4bit__qlora-q4__ctx512__b8-ga1__r8__s2026__01a09323-9aaa-7934-b499-d66e8245049e/system_monitor.jsonl,PUBLIC_CORE,true,"Allowlisted code, configuration, data, raw evidence, generated result, or project metadata.",false,false,false,KEEP
results/raw/20260912T010303078430Z__mlx-community-qwen3-4b-4bit__qlora-q4__ctx1024__b1-ga1__r8__s42__01a09323-a9a6-748f-a030-bab82bc1ccb3/command.txt,PUBLIC_CORE,true,"Allowlisted code, configuration, data, raw evidence, generated result, or project metadata.",false,false,false,KEEP
results/raw/20260912T010303078430Z__mlx-community-qwen3-4b-4bit__qlora-q4__ctx1024__b1-ga1__r8__s42__01a09323-a9a6-748f-a030-bab82bc1ccb3/config.yaml,PUBLIC_CORE,true,"Allowlisted code, configuration, data, raw evidence, generated result, or project metadata.",false,false,false,KEEP
results/raw/20260912T010303078430Z__mlx-community-qwen3-4b-4bit__qlora-q4__ctx1024__b1-ga1__r8__s42__01a09323-a9a6-748f-a030-bab82bc1ccb3/effective_config.json,PUBLIC_CORE,true,"Allowlisted code, configuration, data, raw evidence, generated result, or project metadata.",false,false,false,KEEP
results/raw/20260912T010303078430Z__mlx-community-qwen3-4b-4bit__qlora-q4__ctx1024__b1-ga1__r8__s42__01a09323-a9a6-748f-a030-bab82bc1ccb3/environment/raw_environment.txt,PUBLIC_CORE,true,Scientific record is retained; identifier and device-path fields require separate evidence-preserving privacy remediation before publication.,false,false,true,REWRITE
results/raw/20260912T010303078430Z__mlx-community-qwen3-4b-4bit__qlora-q4__ctx1024__b1-ga1__r8__s42__01a09323-a9a6-748f-a030-bab82bc1ccb3/environment/vm_stat_after.txt,PUBLIC_CORE,true,"Allowlisted code, configuration, data, raw evidence, generated result, or project metadata.",false,false,false,KEEP
results/raw/20260912T010303078430Z__mlx-community-qwen3-4b-4bit__qlora-q4__ctx1024__b1-ga1__r8__s42__01a09323-a9a6-748f-a030-bab82bc1ccb3/environment/vm_stat_before.txt,PUBLIC_CORE,true,"Allowlisted code, configuration, data, raw evidence, generated result, or project metadata.",false,false,false,KEEP
results/raw/20260912T010303078430Z__mlx-community-qwen3-4b-4bit__qlora-q4__ctx1024__b1-ga1__r8__s42__01a09323-a9a6-748f-a030-bab82bc1ccb3/logs/stderr.log,PUBLIC_CORE,true,"Allowlisted code, configuration, data, raw evidence, generated result, or project metadata.",false,false,false,KEEP
results/raw/20260912T010303078430Z__mlx-community-qwen3-4b-4bit__qlora-q4__ctx1024__b1-ga1__r8__s42__01a09323-a9a6-748f-a030-bab82bc1ccb3/logs/stdout.log,PUBLIC_CORE,true,"Allowlisted code, configuration, data, raw evidence, generated result, or project metadata.",false,false,false,KEEP
results/raw/20260912T010303078430Z__mlx-community-qwen3-4b-4bit__qlora-q4__ctx1024__b1-ga1__r8__s42__01a09323-a9a6-748f-a030-bab82bc1ccb3/manifest.sha256,PUBLIC_CORE,true,"Allowlisted code, configuration, data, raw evidence, generated result, or project metadata.",false,false,false,KEEP
results/raw/20260912T010303078430Z__mlx-community-qwen3-4b-4bit__qlora-q4__ctx1024__b1-ga1__r8__s42__01a09323-a9a6-748f-a030-bab82bc1ccb3/result.json,PUBLIC_CORE,true,Scientific record is retained; identifier and device-path fields require separate evidence-preserving privacy remediation before publication.,false,false,true,REWRITE
results/raw/20260912T010303078430Z__mlx-community-qwen3-4b-4bit__qlora-q4__ctx1024__b1-ga1__r8__s42__01a09323-a9a6-748f-a030-bab82bc1ccb3/step_timings.jsonl,PUBLIC_CORE,true,"Allowlisted code, configuration, data, raw evidence, generated result, or project metadata.",false,false,false,KEEP
results/raw/20260912T010303078430Z__mlx-community-qwen3-4b-4bit__qlora-q4__ctx1024__b1-ga1__r8__s42__01a09323-a9a6-748f-a030-bab82bc1ccb3/system_monitor.jsonl,PUBLIC_CORE,true,"Allowlisted code, configuration, data, raw evidence, generated result, or project metadata.",false,false,false,KEEP
results/raw/20260912T010303078430Z__mlx-community-qwen3-4b-4bit__qlora-q4__ctx1024__b1-ga1__r8__s42__01a09323-a9a6-748f-a030-bab82bc1ccb3/training_metrics.json,PUBLIC_CORE,true,"Allowlisted code, configuration, data, raw evidence, generated result, or project metadata.",false,false,false,KEEP
results/raw/20260912T012504760374Z__mlx-community-qwen3-4b-4bit__qlora-q4__ctx1024__b1-ga1__r8__s123__01a09337-d478-73f2-b8ba-f06c31d275c2/command.txt,PUBLIC_CORE,true,"Allowlisted code, configuration, data, raw evidence, generated result, or project metadata.",false,false,false,KEEP
results/raw/20260912T012504760374Z__mlx-community-qwen3-4b-4bit__qlora-q4__ctx1024__b1-ga1__r8__s123__01a09337-d478-73f2-b8ba-f06c31d275c2/config.yaml,PUBLIC_CORE,true,"Allowlisted code, configuration, data, raw evidence, generated result, or project metadata.",false,false,false,KEEP
results/raw/20260912T012504760374Z__mlx-community-qwen3-4b-4bit__qlora-q4__ctx1024__b1-ga1__r8__s123__01a09337-d478-73f2-b8ba-f06c31d275c2/effective_config.json,PUBLIC_CORE,true,"Allowlisted code, configuration, data, raw evidence, generated result, or project metadata.",false,false,false,KEEP
results/raw/20260912T012504760374Z__mlx-community-qwen3-4b-4bit__qlora-q4__ctx1024__b1-ga1__r8__s123__01a09337-d478-73f2-b8ba-f06c31d275c2/environment/raw_environment.txt,PUBLIC_CORE,true,Scientific record is retained; identifier and device-path fields require separate evidence-preserving privacy remediation before publication.,false,false,true,REWRITE
results/raw/20260912T012504760374Z__mlx-community-qwen3-4b-4bit__qlora-q4__ctx1024__b1-ga1__r8__s123__01a09337-d478-73f2-b8ba-f06c31d275c2/environment/vm_stat_after.txt,PUBLIC_CORE,true,"Allowlisted code, configuration, data, raw evidence, generated result, or project metadata.",false,false,false,KEEP
results/raw/20260912T012504760374Z__mlx-community-qwen3-4b-4bit__qlora-q4__ctx1024__b1-ga1__r8__s123__01a09337-d478-73f2-b8ba-f06c31d275c2/environment/vm_stat_before.txt,PUBLIC_CORE,true,"Allowlisted code, configuration, data, raw evidence, generated result, or project metadata.",false,false,false,KEEP
results/raw/20260912T012504760374Z__mlx-community-qwen3-4b-4bit__qlora-q4__ctx1024__b1-ga1__r8__s123__01a09337-d478-73f2-b8ba-f06c31d275c2/logs/stderr.log,PUBLIC_CORE,true,"Allowlisted code, configuration, data, raw evidence, generated result, or project metadata.",false,false,false,KEEP
results/raw/20260912T012504760374Z__mlx-community-qwen3-4b-4bit__qlora-q4__ctx1024__b1-ga1__r8__s123__01a09337-d478-73f2-b8ba-f06c31d275c2/logs/stdout.log,PUBLIC_CORE,true,"Allowlisted code, configuration, data, raw evidence, generated result, or project metadata.",false,false,false,KEEP
results/raw/20260912T012504760374Z__mlx-community-qwen3-4b-4bit__qlora-q4__ctx1024__b1-ga1__r8__s123__01a09337-d478-73f2-b8ba-f06c31d275c2/manifest.sha256,PUBLIC_CORE,true,"Allowlisted code, configuration, data, raw evidence, generated result, or project metadata.",false,false,false,KEEP
results/raw/20260912T012504760374Z__mlx-community-qwen3-4b-4bit__qlora-q4__ctx1024__b1-ga1__r8__s123__01a09337-d478-73f2-b8ba-f06c31d275c2/result.json,PUBLIC_CORE,true,Scientific record is retained; identifier and device-path fields require separate evidence-preserving privacy remediation before publication.,false,false,true,REWRITE
results/raw/20260912T012504760374Z__mlx-community-qwen3-4b-4bit__qlora-q4__ctx1024__b1-ga1__r8__s123__01a09337-d478-73f2-b8ba-f06c31d275c2/step_timings.jsonl,PUBLIC_CORE,true,"Allowlisted code, configuration, data, raw evidence, generated result, or project metadata.",false,false,false,KEEP
results/raw/20260912T012504760374Z__mlx-community-qwen3-4b-4bit__qlora-q4__ctx1024__b1-ga1__r8__s123__01a09337-d478-73f2-b8ba-f06c31d275c2/system_monitor.jsonl,PUBLIC_CORE,true,"Allowlisted code, configuration, data, raw evidence, generated result, or project metadata.",false,false,false,KEEP
results/raw/20260912T012504760374Z__mlx-community-qwen3-4b-4bit__qlora-q4__ctx1024__b1-ga1__r8__s123__01a09337-d478-73f2-b8ba-f06c31d275c2/training_metrics.json,PUBLIC_CORE,true,"Allowlisted code, configuration, data, raw evidence, generated result, or project metadata.",false,false,false,KEEP
results/raw/20260912T014748248831Z__mlx-community-qwen3-4b-4bit__qlora-q4__ctx1024__b1-ga1__r8__s2026__01a0934c-a299-7785-a8ed-9037c924a6a4/command.txt,PUBLIC_CORE,true,"Allowlisted code, configuration, data, raw evidence, generated result, or project metadata.",false,false,false,KEEP
results/raw/20260912T014748248831Z__mlx-community-qwen3-4b-4bit__qlora-q4__ctx1024__b1-ga1__r8__s2026__01a0934c-a299-7785-a8ed-9037c924a6a4/config.yaml,PUBLIC_CORE,true,"Allowlisted code, configuration, data, raw evidence, generated result, or project metadata.",false,false,false,KEEP
results/raw/20260912T014748248831Z__mlx-community-qwen3-4b-4bit__qlora-q4__ctx1024__b1-ga1__r8__s2026__01a0934c-a299-7785-a8ed-9037c924a6a4/effective_config.json,PUBLIC_CORE,true,"Allowlisted code, configuration, data, raw evidence, generated result, or project metadata.",false,false,false,KEEP
results/raw/20260912T014748248831Z__mlx-community-qwen3-4b-4bit__qlora-q4__ctx1024__b1-ga1__r8__s2026__01a0934c-a299-7785-a8ed-9037c924a6a4/environment/raw_environment.txt,PUBLIC_CORE,true,Scientific record is retained; identifier and device-path fields require separate evidence-preserving privacy remediation before publication.,false,false,true,REWRITE
results/raw/20260912T014748248831Z__mlx-community-qwen3-4b-4bit__qlora-q4__ctx1024__b1-ga1__r8__s2026__01a0934c-a299-7785-a8ed-9037c924a6a4/environment/vm_stat_after.txt,PUBLIC_CORE,true,"Allowlisted code, configuration, data, raw evidence, generated result, or project metadata.",false,false,false,KEEP
results/raw/20260912T014748248831Z__mlx-community-qwen3-4b-4bit__qlora-q4__ctx1024__b1-ga1__r8__s2026__01a0934c-a299-7785-a8ed-9037c924a6a4/environment/vm_stat_before.txt,PUBLIC_CORE,true,"Allowlisted code, configuration, data, raw evidence, generated result, or project metadata.",false,false,false,KEEP
results/raw/20260912T014748248831Z__mlx-community-qwen3-4b-4bit__qlora-q4__ctx1024__b1-ga1__r8__s2026__01a0934c-a299-7785-a8ed-9037c924a6a4/logs/stderr.log,PUBLIC_CORE,true,"Allowlisted code, configuration, data, raw evidence, generated result, or project metadata.",false,false,false,KEEP
results/raw/20260912T014748248831Z__mlx-community-qwen3-4b-4bit__qlora-q4__ctx1024__b1-ga1__r8__s2026__01a0934c-a299-7785-a8ed-9037c924a6a4/logs/stdout.log,PUBLIC_CORE,true,"Allowlisted code, configuration, data, raw evidence, generated result, or project metadata.",false,false,false,KEEP
results/raw/20260912T014748248831Z__mlx-community-qwen3-4b-4bit__qlora-q4__ctx1024__b1-ga1__r8__s2026__01a0934c-a299-7785-a8ed-9037c924a6a4/manifest.sha256,PUBLIC_CORE,true,"Allowlisted code, configuration, data, raw evidence, generated result, or project metadata.",false,false,false,KEEP
results/raw/20260912T014748248831Z__mlx-community-qwen3-4b-4bit__qlora-q4__ctx1024__b1-ga1__r8__s2026__01a0934c-a299-7785-a8ed-9037c924a6a4/result.json,PUBLIC_CORE,true,Scientific record is retained; identifier and device-path fields require separate evidence-preserving privacy remediation before publication.,false,false,true,REWRITE
results/raw/20260912T014748248831Z__mlx-community-qwen3-4b-4bit__qlora-q4__ctx1024__b1-ga1__r8__s2026__01a0934c-a299-7785-a8ed-9037c924a6a4/step_timings.jsonl,PUBLIC_CORE,true,"Allowlisted code, configuration, data, raw evidence, generated result, or project metadata.",false,false,false,KEEP
results/raw/20260912T014748248831Z__mlx-community-qwen3-4b-4bit__qlora-q4__ctx1024__b1-ga1__r8__s2026__01a0934c-a299-7785-a8ed-9037c924a6a4/system_monitor.jsonl,PUBLIC_CORE,true,"Allowlisted code, configuration, data, raw evidence, generated result, or project metadata.",false,false,false,KEEP
results/raw/20260912T014748248831Z__mlx-community-qwen3-4b-4bit__qlora-q4__ctx1024__b1-ga1__r8__s2026__01a0934c-a299-7785-a8ed-9037c924a6a4/training_metrics.json,PUBLIC_CORE,true,"Allowlisted code, configuration, data, raw evidence, generated result, or project metadata.",false,false,false,KEEP
results/raw/20260912T020930772906Z__mlx-community-qwen3-4b-4bit__qlora-q4__ctx2048__b1-ga1__r8__s42__01a09360-8295-745d-a8ac-c648df627edd/command.txt,PUBLIC_CORE,true,"Allowlisted code, configuration, data, raw evidence, generated result, or project metadata.",false,false,false,KEEP
results/raw/20260912T020930772906Z__mlx-community-qwen3-4b-4bit__qlora-q4__ctx2048__b1-ga1__r8__s42__01a09360-8295-745d-a8ac-c648df627edd/config.yaml,PUBLIC_CORE,true,"Allowlisted code, configuration, data, raw evidence, generated result, or project metadata.",false,false,false,KEEP
results/raw/20260912T020930772906Z__mlx-community-qwen3-4b-4bit__qlora-q4__ctx2048__b1-ga1__r8__s42__01a09360-8295-745d-a8ac-c648df627edd/effective_config.json,PUBLIC_CORE,true,"Allowlisted code, configuration, data, raw evidence, generated result, or project metadata.",false,false,false,KEEP
results/raw/20260912T020930772906Z__mlx-community-qwen3-4b-4bit__qlora-q4__ctx2048__b1-ga1__r8__s42__01a09360-8295-745d-a8ac-c648df627edd/environment/raw_environment.txt,PUBLIC_CORE,true,Scientific record is retained; identifier and device-path fields require separate evidence-preserving privacy remediation before publication.,false,false,true,REWRITE
results/raw/20260912T020930772906Z__mlx-community-qwen3-4b-4bit__qlora-q4__ctx2048__b1-ga1__r8__s42__01a09360-8295-745d-a8ac-c648df627edd/environment/vm_stat_after.txt,PUBLIC_CORE,true,"Allowlisted code, configuration, data, raw evidence, generated result, or project metadata.",false,false,false,KEEP
results/raw/20260912T020930772906Z__mlx-community-qwen3-4b-4bit__qlora-q4__ctx2048__b1-ga1__r8__s42__01a09360-8295-745d-a8ac-c648df627edd/environment/vm_stat_before.txt,PUBLIC_CORE,true,"Allowlisted code, configuration, data, raw evidence, generated result, or project metadata.",false,false,false,KEEP
results/raw/20260912T020930772906Z__mlx-community-qwen3-4b-4bit__qlora-q4__ctx2048__b1-ga1__r8__s42__01a09360-8295-745d-a8ac-c648df627edd/logs/stderr.log,PUBLIC_CORE,true,"Allowlisted code, configuration, data, raw evidence, generated result, or project metadata.",false,false,false,KEEP
results/raw/20260912T020930772906Z__mlx-community-qwen3-4b-4bit__qlora-q4__ctx2048__b1-ga1__r8__s42__01a09360-8295-745d-a8ac-c648df627edd/logs/stdout.log,PUBLIC_CORE,true,"Allowlisted code, configuration, data, raw evidence, generated result, or project metadata.",false,false,false,KEEP
results/raw/20260912T020930772906Z__mlx-community-qwen3-4b-4bit__qlora-q4__ctx2048__b1-ga1__r8__s42__01a09360-8295-745d-a8ac-c648df627edd/manifest.sha256,PUBLIC_CORE,true,"Allowlisted code, configuration, data, raw evidence, generated result, or project metadata.",false,false,false,KEEP
results/raw/20260912T020930772906Z__mlx-community-qwen3-4b-4bit__qlora-q4__ctx2048__b1-ga1__r8__s42__01a09360-8295-745d-a8ac-c648df627edd/result.json,PUBLIC_CORE,true,Scientific record is retained; identifier and device-path fields require separate evidence-preserving privacy remediation before publication.,false,false,true,REWRITE
results/raw/20260912T020930772906Z__mlx-community-qwen3-4b-4bit__qlora-q4__ctx2048__b1-ga1__r8__s42__01a09360-8295-745d-a8ac-c648df627edd/step_timings.jsonl,PUBLIC_CORE,true,"Allowlisted code, configuration, data, raw evidence, generated result, or project metadata.",false,false,false,KEEP
results/raw/20260912T020930772906Z__mlx-community-qwen3-4b-4bit__qlora-q4__ctx2048__b1-ga1__r8__s42__01a09360-8295-745d-a8ac-c648df627edd/system_monitor.jsonl,PUBLIC_CORE,true,"Allowlisted code, configuration, data, raw evidence, generated result, or project metadata.",false,false,false,KEEP
results/raw/20260912T020930772906Z__mlx-community-qwen3-4b-4bit__qlora-q4__ctx2048__b1-ga1__r8__s42__01a09360-8295-745d-a8ac-c648df627edd/training_metrics.json,PUBLIC_CORE,true,"Allowlisted code, configuration, data, raw evidence, generated result, or project metadata.",false,false,false,KEEP
results/raw/20260912T023351577599Z__mlx-community-qwen3-4b-4bit__qlora-q4__ctx2048__b1-ga1__r8__s123__01a09376-ccd9-730a-b2a2-113c0abe7ba8/command.txt,PUBLIC_CORE,true,"Allowlisted code, configuration, data, raw evidence, generated result, or project metadata.",false,false,false,KEEP
results/raw/20260912T023351577599Z__mlx-community-qwen3-4b-4bit__qlora-q4__ctx2048__b1-ga1__r8__s123__01a09376-ccd9-730a-b2a2-113c0abe7ba8/config.yaml,PUBLIC_CORE,true,"Allowlisted code, configuration, data, raw evidence, generated result, or project metadata.",false,false,false,KEEP
results/raw/20260912T023351577599Z__mlx-community-qwen3-4b-4bit__qlora-q4__ctx2048__b1-ga1__r8__s123__01a09376-ccd9-730a-b2a2-113c0abe7ba8/effective_config.json,PUBLIC_CORE,true,"Allowlisted code, configuration, data, raw evidence, generated result, or project metadata.",false,false,false,KEEP
results/raw/20260912T023351577599Z__mlx-community-qwen3-4b-4bit__qlora-q4__ctx2048__b1-ga1__r8__s123__01a09376-ccd9-730a-b2a2-113c0abe7ba8/environment/raw_environment.txt,PUBLIC_CORE,true,Scientific record is retained; identifier and device-path fields require separate evidence-preserving privacy remediation before publication.,false,false,true,REWRITE
results/raw/20260912T023351577599Z__mlx-community-qwen3-4b-4bit__qlora-q4__ctx2048__b1-ga1__r8__s123__01a09376-ccd9-730a-b2a2-113c0abe7ba8/environment/vm_stat_after.txt,PUBLIC_CORE,true,"Allowlisted code, configuration, data, raw evidence, generated result, or project metadata.",false,false,false,KEEP
results/raw/20260912T023351577599Z__mlx-community-qwen3-4b-4bit__qlora-q4__ctx2048__b1-ga1__r8__s123__01a09376-ccd9-730a-b2a2-113c0abe7ba8/environment/vm_stat_before.txt,PUBLIC_CORE,true,"Allowlisted code, configuration, data, raw evidence, generated result, or project metadata.",false,false,false,KEEP
results/raw/20260912T023351577599Z__mlx-community-qwen3-4b-4bit__qlora-q4__ctx2048__b1-ga1__r8__s123__01a09376-ccd9-730a-b2a2-113c0abe7ba8/logs/stderr.log,PUBLIC_CORE,true,"Allowlisted code, configuration, data, raw evidence, generated result, or project metadata.",false,false,false,KEEP
results/raw/20260912T023351577599Z__mlx-community-qwen3-4b-4bit__qlora-q4__ctx2048__b1-ga1__r8__s123__01a09376-ccd9-730a-b2a2-113c0abe7ba8/logs/stdout.log,PUBLIC_CORE,true,"Allowlisted code, configuration, data, raw evidence, generated result, or project metadata.",false,false,false,KEEP
results/raw/20260912T023351577599Z__mlx-community-qwen3-4b-4bit__qlora-q4__ctx2048__b1-ga1__r8__s123__01a09376-ccd9-730a-b2a2-113c0abe7ba8/manifest.sha256,PUBLIC_CORE,true,"Allowlisted code, configuration, data, raw evidence, generated result, or project metadata.",false,false,false,KEEP
results/raw/20260912T023351577599Z__mlx-community-qwen3-4b-4bit__qlora-q4__ctx2048__b1-ga1__r8__s123__01a09376-ccd9-730a-b2a2-113c0abe7ba8/result.json,PUBLIC_CORE,true,Scientific record is retained; identifier and device-path fields require separate evidence-preserving privacy remediation before publication.,false,false,true,REWRITE
results/raw/20260912T023351577599Z__mlx-community-qwen3-4b-4bit__qlora-q4__ctx2048__b1-ga1__r8__s123__01a09376-ccd9-730a-b2a2-113c0abe7ba8/system_monitor.jsonl,PUBLIC_CORE,true,"Allowlisted code, configuration, data, raw evidence, generated result, or project metadata.",false,false,false,KEEP
results/raw/20260912T030114247664Z__mlx-community-qwen3-4b-4bit__qlora-q4__ctx2048__b1-ga1__r8__s2026__01a0938f-dd87-7c0f-a464-eee1ecd9e307/command.txt,PUBLIC_CORE,true,"Allowlisted code, configuration, data, raw evidence, generated result, or project metadata.",false,false,false,KEEP
results/raw/20260912T030114247664Z__mlx-community-qwen3-4b-4bit__qlora-q4__ctx2048__b1-ga1__r8__s2026__01a0938f-dd87-7c0f-a464-eee1ecd9e307/config.yaml,PUBLIC_CORE,true,"Allowlisted code, configuration, data, raw evidence, generated result, or project metadata.",false,false,false,KEEP
results/raw/20260912T030114247664Z__mlx-community-qwen3-4b-4bit__qlora-q4__ctx2048__b1-ga1__r8__s2026__01a0938f-dd87-7c0f-a464-eee1ecd9e307/effective_config.json,PUBLIC_CORE,true,"Allowlisted code, configuration, data, raw evidence, generated result, or project metadata.",false,false,false,KEEP
results/raw/20260912T030114247664Z__mlx-community-qwen3-4b-4bit__qlora-q4__ctx2048__b1-ga1__r8__s2026__01a0938f-dd87-7c0f-a464-eee1ecd9e307/environment/raw_environment.txt,PUBLIC_CORE,true,Scientific record is retained; identifier and device-path fields require separate evidence-preserving privacy remediation before publication.,false,false,true,REWRITE
results/raw/20260912T030114247664Z__mlx-community-qwen3-4b-4bit__qlora-q4__ctx2048__b1-ga1__r8__s2026__01a0938f-dd87-7c0f-a464-eee1ecd9e307/environment/vm_stat_after.txt,PUBLIC_CORE,true,"Allowlisted code, configuration, data, raw evidence, generated result, or project metadata.",false,false,false,KEEP
results/raw/20260912T030114247664Z__mlx-community-qwen3-4b-4bit__qlora-q4__ctx2048__b1-ga1__r8__s2026__01a0938f-dd87-7c0f-a464-eee1ecd9e307/environment/vm_stat_before.txt,PUBLIC_CORE,true,"Allowlisted code, configuration, data, raw evidence, generated result, or project metadata.",false,false,false,KEEP
results/raw/20260912T030114247664Z__mlx-community-qwen3-4b-4bit__qlora-q4__ctx2048__b1-ga1__r8__s2026__01a0938f-dd87-7c0f-a464-eee1ecd9e307/logs/stderr.log,PUBLIC_CORE,true,"Allowlisted code, configuration, data, raw evidence, generated result, or project metadata.",false,false,false,KEEP
results/raw/20260912T030114247664Z__mlx-community-qwen3-4b-4bit__qlora-q4__ctx2048__b1-ga1__r8__s2026__01a0938f-dd87-7c0f-a464-eee1ecd9e307/logs/stdout.log,PUBLIC_CORE,true,"Allowlisted code, configuration, data, raw evidence, generated result, or project metadata.",false,false,false,KEEP
results/raw/20260912T030114247664Z__mlx-community-qwen3-4b-4bit__qlora-q4__ctx2048__b1-ga1__r8__s2026__01a0938f-dd87-7c0f-a464-eee1ecd9e307/manifest.sha256,PUBLIC_CORE,true,"Allowlisted code, configuration, data, raw evidence, generated result, or project metadata.",false,false,false,KEEP
results/raw/20260912T030114247664Z__mlx-community-qwen3-4b-4bit__qlora-q4__ctx2048__b1-ga1__r8__s2026__01a0938f-dd87-7c0f-a464-eee1ecd9e307/result.json,PUBLIC_CORE,true,Scientific record is retained; identifier and device-path fields require separate evidence-preserving privacy remediation before publication.,false,false,true,REWRITE
results/raw/20260912T030114247664Z__mlx-community-qwen3-4b-4bit__qlora-q4__ctx2048__b1-ga1__r8__s2026__01a0938f-dd87-7c0f-a464-eee1ecd9e307/step_timings.jsonl,PUBLIC_CORE,true,"Allowlisted code, configuration, data, raw evidence, generated result, or project metadata.",false,false,false,KEEP
results/raw/20260912T030114247664Z__mlx-community-qwen3-4b-4bit__qlora-q4__ctx2048__b1-ga1__r8__s2026__01a0938f-dd87-7c0f-a464-eee1ecd9e307/system_monitor.jsonl,PUBLIC_CORE,true,"Allowlisted code, configuration, data, raw evidence, generated result, or project metadata.",false,false,false,KEEP
results/raw/20260912T030114247664Z__mlx-community-qwen3-4b-4bit__qlora-q4__ctx2048__b1-ga1__r8__s2026__01a0938f-dd87-7c0f-a464-eee1ecd9e307/training_metrics.json,PUBLIC_CORE,true,"Allowlisted code, configuration, data, raw evidence, generated result, or project metadata.",false,false,false,KEEP
results/raw/20260912T032808727860Z__qwen-qwen3-8b__lora-qnone__ctx512__b1-ga1__r8__s42__01a093a8-8018-747f-a315-30835d4ea4ec/command.txt,PUBLIC_CORE,true,"Allowlisted code, configuration, data, raw evidence, generated result, or project metadata.",false,false,false,KEEP
results/raw/20260912T032808727860Z__qwen-qwen3-8b__lora-qnone__ctx512__b1-ga1__r8__s42__01a093a8-8018-747f-a315-30835d4ea4ec/config.yaml,PUBLIC_CORE,true,"Allowlisted code, configuration, data, raw evidence, generated result, or project metadata.",false,false,false,KEEP
results/raw/20260912T032808727860Z__qwen-qwen3-8b__lora-qnone__ctx512__b1-ga1__r8__s42__01a093a8-8018-747f-a315-30835d4ea4ec/effective_config.json,PUBLIC_CORE,true,"Allowlisted code, configuration, data, raw evidence, generated result, or project metadata.",false,false,false,KEEP
results/raw/20260912T032808727860Z__qwen-qwen3-8b__lora-qnone__ctx512__b1-ga1__r8__s42__01a093a8-8018-747f-a315-30835d4ea4ec/environment/raw_environment.txt,PUBLIC_CORE,true,Scientific record is retained; identifier and device-path fields require separate evidence-preserving privacy remediation before publication.,false,false,true,REWRITE
results/raw/20260912T032808727860Z__qwen-qwen3-8b__lora-qnone__ctx512__b1-ga1__r8__s42__01a093a8-8018-747f-a315-30835d4ea4ec/environment/vm_stat_after.txt,PUBLIC_CORE,true,"Allowlisted code, configuration, data, raw evidence, generated result, or project metadata.",false,false,false,KEEP
results/raw/20260912T032808727860Z__qwen-qwen3-8b__lora-qnone__ctx512__b1-ga1__r8__s42__01a093a8-8018-747f-a315-30835d4ea4ec/environment/vm_stat_before.txt,PUBLIC_CORE,true,"Allowlisted code, configuration, data, raw evidence, generated result, or project metadata.",false,false,false,KEEP
results/raw/20260912T032808727860Z__qwen-qwen3-8b__lora-qnone__ctx512__b1-ga1__r8__s42__01a093a8-8018-747f-a315-30835d4ea4ec/logs/stderr.log,PUBLIC_CORE,true,"Allowlisted code, configuration, data, raw evidence, generated result, or project metadata.",false,false,false,KEEP
results/raw/20260912T032808727860Z__qwen-qwen3-8b__lora-qnone__ctx512__b1-ga1__r8__s42__01a093a8-8018-747f-a315-30835d4ea4ec/logs/stdout.log,PUBLIC_CORE,true,"Allowlisted code, configuration, data, raw evidence, generated result, or project metadata.",false,false,false,KEEP
results/raw/20260912T032808727860Z__qwen-qwen3-8b__lora-qnone__ctx512__b1-ga1__r8__s42__01a093a8-8018-747f-a315-30835d4ea4ec/manifest.sha256,PUBLIC_CORE,true,"Allowlisted code, configuration, data, raw evidence, generated result, or project metadata.",false,false,false,KEEP
results/raw/20260912T032808727860Z__qwen-qwen3-8b__lora-qnone__ctx512__b1-ga1__r8__s42__01a093a8-8018-747f-a315-30835d4ea4ec/result.json,PUBLIC_CORE,true,Scientific record is retained; identifier and device-path fields require separate evidence-preserving privacy remediation before publication.,false,false,true,REWRITE
results/raw/20260912T032808727860Z__qwen-qwen3-8b__lora-qnone__ctx512__b1-ga1__r8__s42__01a093a8-8018-747f-a315-30835d4ea4ec/system_monitor.jsonl,PUBLIC_CORE,true,"Allowlisted code, configuration, data, raw evidence, generated result, or project metadata.",false,false,false,KEEP
results/raw/20260912T050812117342Z__mlx-community-qwen3-8b-4bit__qlora-q4__ctx512__b1-ga1__r8__s42__01a09404-1ad5-7311-b264-28faabcb0e11/command.txt,PUBLIC_CORE,true,"Allowlisted code, configuration, data, raw evidence, generated result, or project metadata.",false,false,false,KEEP
results/raw/20260912T050812117342Z__mlx-community-qwen3-8b-4bit__qlora-q4__ctx512__b1-ga1__r8__s42__01a09404-1ad5-7311-b264-28faabcb0e11/config.yaml,PUBLIC_CORE,true,"Allowlisted code, configuration, data, raw evidence, generated result, or project metadata.",false,false,false,KEEP
results/raw/20260912T050812117342Z__mlx-community-qwen3-8b-4bit__qlora-q4__ctx512__b1-ga1__r8__s42__01a09404-1ad5-7311-b264-28faabcb0e11/effective_config.json,PUBLIC_CORE,true,"Allowlisted code, configuration, data, raw evidence, generated result, or project metadata.",false,false,false,KEEP
results/raw/20260912T050812117342Z__mlx-community-qwen3-8b-4bit__qlora-q4__ctx512__b1-ga1__r8__s42__01a09404-1ad5-7311-b264-28faabcb0e11/environment/raw_environment.txt,PUBLIC_CORE,true,Scientific record is retained; identifier and device-path fields require separate evidence-preserving privacy remediation before publication.,false,false,true,REWRITE
results/raw/20260912T050812117342Z__mlx-community-qwen3-8b-4bit__qlora-q4__ctx512__b1-ga1__r8__s42__01a09404-1ad5-7311-b264-28faabcb0e11/environment/vm_stat_after.txt,PUBLIC_CORE,true,"Allowlisted code, configuration, data, raw evidence, generated result, or project metadata.",false,false,false,KEEP
results/raw/20260912T050812117342Z__mlx-community-qwen3-8b-4bit__qlora-q4__ctx512__b1-ga1__r8__s42__01a09404-1ad5-7311-b264-28faabcb0e11/environment/vm_stat_before.txt,PUBLIC_CORE,true,"Allowlisted code, configuration, data, raw evidence, generated result, or project metadata.",false,false,false,KEEP
results/raw/20260912T050812117342Z__mlx-community-qwen3-8b-4bit__qlora-q4__ctx512__b1-ga1__r8__s42__01a09404-1ad5-7311-b264-28faabcb0e11/logs/stderr.log,PUBLIC_CORE,true,"Allowlisted code, configuration, data, raw evidence, generated result, or project metadata.",false,false,false,KEEP
results/raw/20260912T050812117342Z__mlx-community-qwen3-8b-4bit__qlora-q4__ctx512__b1-ga1__r8__s42__01a09404-1ad5-7311-b264-28faabcb0e11/logs/stdout.log,PUBLIC_CORE,true,"Allowlisted code, configuration, data, raw evidence, generated result, or project metadata.",false,false,false,KEEP
results/raw/20260912T050812117342Z__mlx-community-qwen3-8b-4bit__qlora-q4__ctx512__b1-ga1__r8__s42__01a09404-1ad5-7311-b264-28faabcb0e11/manifest.sha256,PUBLIC_CORE,true,"Allowlisted code, configuration, data, raw evidence, generated result, or project metadata.",false,false,false,KEEP
results/raw/20260912T050812117342Z__mlx-community-qwen3-8b-4bit__qlora-q4__ctx512__b1-ga1__r8__s42__01a09404-1ad5-7311-b264-28faabcb0e11/result.json,PUBLIC_CORE,true,Scientific record is retained; identifier and device-path fields require separate evidence-preserving privacy remediation before publication.,false,false,true,REWRITE
results/raw/20260912T050812117342Z__mlx-community-qwen3-8b-4bit__qlora-q4__ctx512__b1-ga1__r8__s42__01a09404-1ad5-7311-b264-28faabcb0e11/system_monitor.jsonl,PUBLIC_CORE,true,"Allowlisted code, configuration, data, raw evidence, generated result, or project metadata.",false,false,false,KEEP
results/raw/20260912T083403639485Z__qwen-qwen3-4b__lora-qnone__ctx512__b1-ga1__r8__s42__01a094c0-92f7-7ba5-b5a6-dc98f8ffed72/command.txt,PUBLIC_CORE,true,"Allowlisted code, configuration, data, raw evidence, generated result, or project metadata.",false,false,false,KEEP
results/raw/20260912T083403639485Z__qwen-qwen3-4b__lora-qnone__ctx512__b1-ga1__r8__s42__01a094c0-92f7-7ba5-b5a6-dc98f8ffed72/config.yaml,PUBLIC_CORE,true,"Allowlisted code, configuration, data, raw evidence, generated result, or project metadata.",false,false,false,KEEP
results/raw/20260912T083403639485Z__qwen-qwen3-4b__lora-qnone__ctx512__b1-ga1__r8__s42__01a094c0-92f7-7ba5-b5a6-dc98f8ffed72/effective_config.json,PUBLIC_CORE,true,"Allowlisted code, configuration, data, raw evidence, generated result, or project metadata.",false,false,false,KEEP
results/raw/20260912T083403639485Z__qwen-qwen3-4b__lora-qnone__ctx512__b1-ga1__r8__s42__01a094c0-92f7-7ba5-b5a6-dc98f8ffed72/environment/raw_environment.txt,PUBLIC_CORE,true,Scientific record is retained; identifier and device-path fields require separate evidence-preserving privacy remediation before publication.,false,false,true,REWRITE
results/raw/20260912T083403639485Z__qwen-qwen3-4b__lora-qnone__ctx512__b1-ga1__r8__s42__01a094c0-92f7-7ba5-b5a6-dc98f8ffed72/environment/vm_stat_after.txt,PUBLIC_CORE,true,"Allowlisted code, configuration, data, raw evidence, generated result, or project metadata.",false,false,false,KEEP
results/raw/20260912T083403639485Z__qwen-qwen3-4b__lora-qnone__ctx512__b1-ga1__r8__s42__01a094c0-92f7-7ba5-b5a6-dc98f8ffed72/environment/vm_stat_before.txt,PUBLIC_CORE,true,"Allowlisted code, configuration, data, raw evidence, generated result, or project metadata.",false,false,false,KEEP
results/raw/20260912T083403639485Z__qwen-qwen3-4b__lora-qnone__ctx512__b1-ga1__r8__s42__01a094c0-92f7-7ba5-b5a6-dc98f8ffed72/logs/stderr.log,PUBLIC_CORE,true,"Allowlisted code, configuration, data, raw evidence, generated result, or project metadata.",false,false,false,KEEP
results/raw/20260912T083403639485Z__qwen-qwen3-4b__lora-qnone__ctx512__b1-ga1__r8__s42__01a094c0-92f7-7ba5-b5a6-dc98f8ffed72/logs/stdout.log,PUBLIC_CORE,true,"Allowlisted code, configuration, data, raw evidence, generated result, or project metadata.",false,false,false,KEEP
results/raw/20260912T083403639485Z__qwen-qwen3-4b__lora-qnone__ctx512__b1-ga1__r8__s42__01a094c0-92f7-7ba5-b5a6-dc98f8ffed72/manifest.sha256,PUBLIC_CORE,true,"Allowlisted code, configuration, data, raw evidence, generated result, or project metadata.",false,false,false,KEEP
results/raw/20260912T083403639485Z__qwen-qwen3-4b__lora-qnone__ctx512__b1-ga1__r8__s42__01a094c0-92f7-7ba5-b5a6-dc98f8ffed72/result.json,PUBLIC_CORE,true,Scientific record is retained; identifier and device-path fields require separate evidence-preserving privacy remediation before publication.,false,false,true,REWRITE
results/raw/20260912T083403639485Z__qwen-qwen3-4b__lora-qnone__ctx512__b1-ga1__r8__s42__01a094c0-92f7-7ba5-b5a6-dc98f8ffed72/step_timings.jsonl,PUBLIC_CORE,true,"Allowlisted code, configuration, data, raw evidence, generated result, or project metadata.",false,false,false,KEEP
results/raw/20260912T083403639485Z__qwen-qwen3-4b__lora-qnone__ctx512__b1-ga1__r8__s42__01a094c0-92f7-7ba5-b5a6-dc98f8ffed72/system_monitor.jsonl,PUBLIC_CORE,true,"Allowlisted code, configuration, data, raw evidence, generated result, or project metadata.",false,false,false,KEEP
results/raw/20260912T083403639485Z__qwen-qwen3-4b__lora-qnone__ctx512__b1-ga1__r8__s42__01a094c0-92f7-7ba5-b5a6-dc98f8ffed72/training_metrics.json,PUBLIC_CORE,true,"Allowlisted code, configuration, data, raw evidence, generated result, or project metadata.",false,false,false,KEEP
results/raw/20260912T084135321518Z__qwen-qwen3-4b__lora-qnone__ctx512__b1-ga1__r8__s42__01a094c7-7759-783a-8420-ac1d0b056806/command.txt,PUBLIC_CORE,true,"Allowlisted code, configuration, data, raw evidence, generated result, or project metadata.",false,false,false,KEEP
results/raw/20260912T084135321518Z__qwen-qwen3-4b__lora-qnone__ctx512__b1-ga1__r8__s42__01a094c7-7759-783a-8420-ac1d0b056806/config.yaml,PUBLIC_CORE,true,"Allowlisted code, configuration, data, raw evidence, generated result, or project metadata.",false,false,false,KEEP
results/raw/20260912T084135321518Z__qwen-qwen3-4b__lora-qnone__ctx512__b1-ga1__r8__s42__01a094c7-7759-783a-8420-ac1d0b056806/effective_config.json,PUBLIC_CORE,true,"Allowlisted code, configuration, data, raw evidence, generated result, or project metadata.",false,false,false,KEEP
results/raw/20260912T084135321518Z__qwen-qwen3-4b__lora-qnone__ctx512__b1-ga1__r8__s42__01a094c7-7759-783a-8420-ac1d0b056806/environment/raw_environment.txt,PUBLIC_CORE,true,Scientific record is retained; identifier and device-path fields require separate evidence-preserving privacy remediation before publication.,false,false,true,REWRITE
results/raw/20260912T084135321518Z__qwen-qwen3-4b__lora-qnone__ctx512__b1-ga1__r8__s42__01a094c7-7759-783a-8420-ac1d0b056806/environment/vm_stat_after.txt,PUBLIC_CORE,true,"Allowlisted code, configuration, data, raw evidence, generated result, or project metadata.",false,false,false,KEEP
results/raw/20260912T084135321518Z__qwen-qwen3-4b__lora-qnone__ctx512__b1-ga1__r8__s42__01a094c7-7759-783a-8420-ac1d0b056806/environment/vm_stat_before.txt,PUBLIC_CORE,true,"Allowlisted code, configuration, data, raw evidence, generated result, or project metadata.",false,false,false,KEEP
results/raw/20260912T084135321518Z__qwen-qwen3-4b__lora-qnone__ctx512__b1-ga1__r8__s42__01a094c7-7759-783a-8420-ac1d0b056806/logs/stderr.log,PUBLIC_CORE,true,"Allowlisted code, configuration, data, raw evidence, generated result, or project metadata.",false,false,false,KEEP
results/raw/20260912T084135321518Z__qwen-qwen3-4b__lora-qnone__ctx512__b1-ga1__r8__s42__01a094c7-7759-783a-8420-ac1d0b056806/logs/stdout.log,PUBLIC_CORE,true,"Allowlisted code, configuration, data, raw evidence, generated result, or project metadata.",false,false,false,KEEP
results/raw/20260912T084135321518Z__qwen-qwen3-4b__lora-qnone__ctx512__b1-ga1__r8__s42__01a094c7-7759-783a-8420-ac1d0b056806/manifest.sha256,PUBLIC_CORE,true,"Allowlisted code, configuration, data, raw evidence, generated result, or project metadata.",false,false,false,KEEP
results/raw/20260912T084135321518Z__qwen-qwen3-4b__lora-qnone__ctx512__b1-ga1__r8__s42__01a094c7-7759-783a-8420-ac1d0b056806/result.json,PUBLIC_CORE,true,Scientific record is retained; identifier and device-path fields require separate evidence-preserving privacy remediation before publication.,false,false,true,REWRITE
results/raw/20260912T084135321518Z__qwen-qwen3-4b__lora-qnone__ctx512__b1-ga1__r8__s42__01a094c7-7759-783a-8420-ac1d0b056806/system_monitor.jsonl,PUBLIC_CORE,true,"Allowlisted code, configuration, data, raw evidence, generated result, or project metadata.",false,false,false,KEEP
results/raw/20260915T142046551250Z__mlx-community-qwen3-4b-4bit__qlora-q4__ctx512__b1-ga1__r8__s42__01a0a571-1457-7b61-8265-5755de7d3b5a/command.txt,PUBLIC_CORE,true,"Allowlisted code, configuration, data, raw evidence, generated result, or project metadata.",false,false,false,KEEP
results/raw/20260915T142046551250Z__mlx-community-qwen3-4b-4bit__qlora-q4__ctx512__b1-ga1__r8__s42__01a0a571-1457-7b61-8265-5755de7d3b5a/config.yaml,PUBLIC_CORE,true,"Allowlisted code, configuration, data, raw evidence, generated result, or project metadata.",false,false,false,KEEP
results/raw/20260915T142046551250Z__mlx-community-qwen3-4b-4bit__qlora-q4__ctx512__b1-ga1__r8__s42__01a0a571-1457-7b61-8265-5755de7d3b5a/effective_config.json,PUBLIC_CORE,true,"Allowlisted code, configuration, data, raw evidence, generated result, or project metadata.",false,false,false,KEEP
results/raw/20260915T142046551250Z__mlx-community-qwen3-4b-4bit__qlora-q4__ctx512__b1-ga1__r8__s42__01a0a571-1457-7b61-8265-5755de7d3b5a/environment/raw_environment.txt,PUBLIC_CORE,true,Scientific record is retained; identifier and device-path fields require separate evidence-preserving privacy remediation before publication.,false,false,true,REWRITE
results/raw/20260915T142046551250Z__mlx-community-qwen3-4b-4bit__qlora-q4__ctx512__b1-ga1__r8__s42__01a0a571-1457-7b61-8265-5755de7d3b5a/environment/vm_stat_after.txt,PUBLIC_CORE,true,"Allowlisted code, configuration, data, raw evidence, generated result, or project metadata.",false,false,false,KEEP
results/raw/20260915T142046551250Z__mlx-community-qwen3-4b-4bit__qlora-q4__ctx512__b1-ga1__r8__s42__01a0a571-1457-7b61-8265-5755de7d3b5a/environment/vm_stat_before.txt,PUBLIC_CORE,true,"Allowlisted code, configuration, data, raw evidence, generated result, or project metadata.",false,false,false,KEEP
results/raw/20260915T142046551250Z__mlx-community-qwen3-4b-4bit__qlora-q4__ctx512__b1-ga1__r8__s42__01a0a571-1457-7b61-8265-5755de7d3b5a/logs/stderr.log,PUBLIC_CORE,true,"Allowlisted code, configuration, data, raw evidence, generated result, or project metadata.",false,false,false,KEEP
results/raw/20260915T142046551250Z__mlx-community-qwen3-4b-4bit__qlora-q4__ctx512__b1-ga1__r8__s42__01a0a571-1457-7b61-8265-5755de7d3b5a/logs/stdout.log,PUBLIC_CORE,true,"Allowlisted code, configuration, data, raw evidence, generated result, or project metadata.",false,false,false,KEEP
results/raw/20260915T142046551250Z__mlx-community-qwen3-4b-4bit__qlora-q4__ctx512__b1-ga1__r8__s42__01a0a571-1457-7b61-8265-5755de7d3b5a/manifest.sha256,PUBLIC_CORE,true,"Allowlisted code, configuration, data, raw evidence, generated result, or project metadata.",false,false,false,KEEP
results/raw/20260915T142046551250Z__mlx-community-qwen3-4b-4bit__qlora-q4__ctx512__b1-ga1__r8__s42__01a0a571-1457-7b61-8265-5755de7d3b5a/result.json,PUBLIC_CORE,true,Scientific record is retained; identifier and device-path fields require separate evidence-preserving privacy remediation before publication.,false,false,true,REWRITE
results/raw/20260915T142046551250Z__mlx-community-qwen3-4b-4bit__qlora-q4__ctx512__b1-ga1__r8__s42__01a0a571-1457-7b61-8265-5755de7d3b5a/step_timings.jsonl,PUBLIC_CORE,true,"Allowlisted code, configuration, data, raw evidence, generated result, or project metadata.",false,false,false,KEEP
results/raw/20260915T142046551250Z__mlx-community-qwen3-4b-4bit__qlora-q4__ctx512__b1-ga1__r8__s42__01a0a571-1457-7b61-8265-5755de7d3b5a/system_monitor.jsonl,PUBLIC_CORE,true,"Allowlisted code, configuration, data, raw evidence, generated result, or project metadata.",false,false,false,KEEP
results/raw/20260915T142046551250Z__mlx-community-qwen3-4b-4bit__qlora-q4__ctx512__b1-ga1__r8__s42__01a0a571-1457-7b61-8265-5755de7d3b5a/training_metrics.json,PUBLIC_CORE,true,"Allowlisted code, configuration, data, raw evidence, generated result, or project metadata.",false,false,false,KEEP
results/raw/20260915T142630515233Z__mlx-community-qwen3-4b-4bit__qlora-q4__ctx512__b1-ga1__r8__s123__01a0a576-53f3-7adf-b7c3-0d01216c0a0e/command.txt,PUBLIC_CORE,true,"Allowlisted code, configuration, data, raw evidence, generated result, or project metadata.",false,false,false,KEEP
results/raw/20260915T142630515233Z__mlx-community-qwen3-4b-4bit__qlora-q4__ctx512__b1-ga1__r8__s123__01a0a576-53f3-7adf-b7c3-0d01216c0a0e/config.yaml,PUBLIC_CORE,true,"Allowlisted code, configuration, data, raw evidence, generated result, or project metadata.",false,false,false,KEEP
results/raw/20260915T142630515233Z__mlx-community-qwen3-4b-4bit__qlora-q4__ctx512__b1-ga1__r8__s123__01a0a576-53f3-7adf-b7c3-0d01216c0a0e/effective_config.json,PUBLIC_CORE,true,"Allowlisted code, configuration, data, raw evidence, generated result, or project metadata.",false,false,false,KEEP
results/raw/20260915T142630515233Z__mlx-community-qwen3-4b-4bit__qlora-q4__ctx512__b1-ga1__r8__s123__01a0a576-53f3-7adf-b7c3-0d01216c0a0e/environment/raw_environment.txt,PUBLIC_CORE,true,Scientific record is retained; identifier and device-path fields require separate evidence-preserving privacy remediation before publication.,false,false,true,REWRITE
results/raw/20260915T142630515233Z__mlx-community-qwen3-4b-4bit__qlora-q4__ctx512__b1-ga1__r8__s123__01a0a576-53f3-7adf-b7c3-0d01216c0a0e/environment/vm_stat_after.txt,PUBLIC_CORE,true,"Allowlisted code, configuration, data, raw evidence, generated result, or project metadata.",false,false,false,KEEP
results/raw/20260915T142630515233Z__mlx-community-qwen3-4b-4bit__qlora-q4__ctx512__b1-ga1__r8__s123__01a0a576-53f3-7adf-b7c3-0d01216c0a0e/environment/vm_stat_before.txt,PUBLIC_CORE,true,"Allowlisted code, configuration, data, raw evidence, generated result, or project metadata.",false,false,false,KEEP
results/raw/20260915T142630515233Z__mlx-community-qwen3-4b-4bit__qlora-q4__ctx512__b1-ga1__r8__s123__01a0a576-53f3-7adf-b7c3-0d01216c0a0e/logs/stderr.log,PUBLIC_CORE,true,"Allowlisted code, configuration, data, raw evidence, generated result, or project metadata.",false,false,false,KEEP
results/raw/20260915T142630515233Z__mlx-community-qwen3-4b-4bit__qlora-q4__ctx512__b1-ga1__r8__s123__01a0a576-53f3-7adf-b7c3-0d01216c0a0e/logs/stdout.log,PUBLIC_CORE,true,"Allowlisted code, configuration, data, raw evidence, generated result, or project metadata.",false,false,false,KEEP
results/raw/20260915T142630515233Z__mlx-community-qwen3-4b-4bit__qlora-q4__ctx512__b1-ga1__r8__s123__01a0a576-53f3-7adf-b7c3-0d01216c0a0e/manifest.sha256,PUBLIC_CORE,true,"Allowlisted code, configuration, data, raw evidence, generated result, or project metadata.",false,false,false,KEEP
results/raw/20260915T142630515233Z__mlx-community-qwen3-4b-4bit__qlora-q4__ctx512__b1-ga1__r8__s123__01a0a576-53f3-7adf-b7c3-0d01216c0a0e/result.json,PUBLIC_CORE,true,Scientific record is retained; identifier and device-path fields require separate evidence-preserving privacy remediation before publication.,false,false,true,REWRITE
results/raw/20260915T142630515233Z__mlx-community-qwen3-4b-4bit__qlora-q4__ctx512__b1-ga1__r8__s123__01a0a576-53f3-7adf-b7c3-0d01216c0a0e/step_timings.jsonl,PUBLIC_CORE,true,"Allowlisted code, configuration, data, raw evidence, generated result, or project metadata.",false,false,false,KEEP
results/raw/20260915T142630515233Z__mlx-community-qwen3-4b-4bit__qlora-q4__ctx512__b1-ga1__r8__s123__01a0a576-53f3-7adf-b7c3-0d01216c0a0e/system_monitor.jsonl,PUBLIC_CORE,true,"Allowlisted code, configuration, data, raw evidence, generated result, or project metadata.",false,false,false,KEEP
results/raw/20260915T142630515233Z__mlx-community-qwen3-4b-4bit__qlora-q4__ctx512__b1-ga1__r8__s123__01a0a576-53f3-7adf-b7c3-0d01216c0a0e/training_metrics.json,PUBLIC_CORE,true,"Allowlisted code, configuration, data, raw evidence, generated result, or project metadata.",false,false,false,KEEP
results/raw/20260915T143216877870Z__mlx-community-qwen3-4b-4bit__qlora-q4__ctx512__b1-ga1__r8__s2026__01a0a57b-9cee-73bd-83c1-43119599f617/command.txt,PUBLIC_CORE,true,"Allowlisted code, configuration, data, raw evidence, generated result, or project metadata.",false,false,false,KEEP
results/raw/20260915T143216877870Z__mlx-community-qwen3-4b-4bit__qlora-q4__ctx512__b1-ga1__r8__s2026__01a0a57b-9cee-73bd-83c1-43119599f617/config.yaml,PUBLIC_CORE,true,"Allowlisted code, configuration, data, raw evidence, generated result, or project metadata.",false,false,false,KEEP
results/raw/20260915T143216877870Z__mlx-community-qwen3-4b-4bit__qlora-q4__ctx512__b1-ga1__r8__s2026__01a0a57b-9cee-73bd-83c1-43119599f617/effective_config.json,PUBLIC_CORE,true,"Allowlisted code, configuration, data, raw evidence, generated result, or project metadata.",false,false,false,KEEP
results/raw/20260915T143216877870Z__mlx-community-qwen3-4b-4bit__qlora-q4__ctx512__b1-ga1__r8__s2026__01a0a57b-9cee-73bd-83c1-43119599f617/environment/raw_environment.txt,PUBLIC_CORE,true,Scientific record is retained; identifier and device-path fields require separate evidence-preserving privacy remediation before publication.,false,false,true,REWRITE
results/raw/20260915T143216877870Z__mlx-community-qwen3-4b-4bit__qlora-q4__ctx512__b1-ga1__r8__s2026__01a0a57b-9cee-73bd-83c1-43119599f617/environment/vm_stat_after.txt,PUBLIC_CORE,true,"Allowlisted code, configuration, data, raw evidence, generated result, or project metadata.",false,false,false,KEEP
results/raw/20260915T143216877870Z__mlx-community-qwen3-4b-4bit__qlora-q4__ctx512__b1-ga1__r8__s2026__01a0a57b-9cee-73bd-83c1-43119599f617/environment/vm_stat_before.txt,PUBLIC_CORE,true,"Allowlisted code, configuration, data, raw evidence, generated result, or project metadata.",false,false,false,KEEP
results/raw/20260915T143216877870Z__mlx-community-qwen3-4b-4bit__qlora-q4__ctx512__b1-ga1__r8__s2026__01a0a57b-9cee-73bd-83c1-43119599f617/logs/stderr.log,PUBLIC_CORE,true,"Allowlisted code, configuration, data, raw evidence, generated result, or project metadata.",false,false,false,KEEP
results/raw/20260915T143216877870Z__mlx-community-qwen3-4b-4bit__qlora-q4__ctx512__b1-ga1__r8__s2026__01a0a57b-9cee-73bd-83c1-43119599f617/logs/stdout.log,PUBLIC_CORE,true,"Allowlisted code, configuration, data, raw evidence, generated result, or project metadata.",false,false,false,KEEP
results/raw/20260915T143216877870Z__mlx-community-qwen3-4b-4bit__qlora-q4__ctx512__b1-ga1__r8__s2026__01a0a57b-9cee-73bd-83c1-43119599f617/manifest.sha256,PUBLIC_CORE,true,"Allowlisted code, configuration, data, raw evidence, generated result, or project metadata.",false,false,false,KEEP
results/raw/20260915T143216877870Z__mlx-community-qwen3-4b-4bit__qlora-q4__ctx512__b1-ga1__r8__s2026__01a0a57b-9cee-73bd-83c1-43119599f617/result.json,PUBLIC_CORE,true,Scientific record is retained; identifier and device-path fields require separate evidence-preserving privacy remediation before publication.,false,false,true,REWRITE
results/raw/20260915T143216877870Z__mlx-community-qwen3-4b-4bit__qlora-q4__ctx512__b1-ga1__r8__s2026__01a0a57b-9cee-73bd-83c1-43119599f617/step_timings.jsonl,PUBLIC_CORE,true,"Allowlisted code, configuration, data, raw evidence, generated result, or project metadata.",false,false,false,KEEP
results/raw/20260915T143216877870Z__mlx-community-qwen3-4b-4bit__qlora-q4__ctx512__b1-ga1__r8__s2026__01a0a57b-9cee-73bd-83c1-43119599f617/system_monitor.jsonl,PUBLIC_CORE,true,"Allowlisted code, configuration, data, raw evidence, generated result, or project metadata.",false,false,false,KEEP
results/raw/20260915T143216877870Z__mlx-community-qwen3-4b-4bit__qlora-q4__ctx512__b1-ga1__r8__s2026__01a0a57b-9cee-73bd-83c1-43119599f617/training_metrics.json,PUBLIC_CORE,true,"Allowlisted code, configuration, data, raw evidence, generated result, or project metadata.",false,false,false,KEEP
results/raw/20260915T143807188631Z__mlx-community-qwen3-4b-4bit__qlora-q4__ctx512__b2-ga1__r8__s42__01a0a580-f555-70f4-a96a-3efd755eb8be/command.txt,PUBLIC_CORE,true,"Allowlisted code, configuration, data, raw evidence, generated result, or project metadata.",false,false,false,KEEP
results/raw/20260915T143807188631Z__mlx-community-qwen3-4b-4bit__qlora-q4__ctx512__b2-ga1__r8__s42__01a0a580-f555-70f4-a96a-3efd755eb8be/config.yaml,PUBLIC_CORE,true,"Allowlisted code, configuration, data, raw evidence, generated result, or project metadata.",false,false,false,KEEP
results/raw/20260915T143807188631Z__mlx-community-qwen3-4b-4bit__qlora-q4__ctx512__b2-ga1__r8__s42__01a0a580-f555-70f4-a96a-3efd755eb8be/effective_config.json,PUBLIC_CORE,true,"Allowlisted code, configuration, data, raw evidence, generated result, or project metadata.",false,false,false,KEEP
results/raw/20260915T143807188631Z__mlx-community-qwen3-4b-4bit__qlora-q4__ctx512__b2-ga1__r8__s42__01a0a580-f555-70f4-a96a-3efd755eb8be/environment/raw_environment.txt,PUBLIC_CORE,true,Scientific record is retained; identifier and device-path fields require separate evidence-preserving privacy remediation before publication.,false,false,true,REWRITE
results/raw/20260915T143807188631Z__mlx-community-qwen3-4b-4bit__qlora-q4__ctx512__b2-ga1__r8__s42__01a0a580-f555-70f4-a96a-3efd755eb8be/environment/vm_stat_after.txt,PUBLIC_CORE,true,"Allowlisted code, configuration, data, raw evidence, generated result, or project metadata.",false,false,false,KEEP
results/raw/20260915T143807188631Z__mlx-community-qwen3-4b-4bit__qlora-q4__ctx512__b2-ga1__r8__s42__01a0a580-f555-70f4-a96a-3efd755eb8be/environment/vm_stat_before.txt,PUBLIC_CORE,true,"Allowlisted code, configuration, data, raw evidence, generated result, or project metadata.",false,false,false,KEEP
results/raw/20260915T143807188631Z__mlx-community-qwen3-4b-4bit__qlora-q4__ctx512__b2-ga1__r8__s42__01a0a580-f555-70f4-a96a-3efd755eb8be/logs/stderr.log,PUBLIC_CORE,true,"Allowlisted code, configuration, data, raw evidence, generated result, or project metadata.",false,false,false,KEEP
results/raw/20260915T143807188631Z__mlx-community-qwen3-4b-4bit__qlora-q4__ctx512__b2-ga1__r8__s42__01a0a580-f555-70f4-a96a-3efd755eb8be/logs/stdout.log,PUBLIC_CORE,true,"Allowlisted code, configuration, data, raw evidence, generated result, or project metadata.",false,false,false,KEEP
results/raw/20260915T143807188631Z__mlx-community-qwen3-4b-4bit__qlora-q4__ctx512__b2-ga1__r8__s42__01a0a580-f555-70f4-a96a-3efd755eb8be/manifest.sha256,PUBLIC_CORE,true,"Allowlisted code, configuration, data, raw evidence, generated result, or project metadata.",false,false,false,KEEP
results/raw/20260915T143807188631Z__mlx-community-qwen3-4b-4bit__qlora-q4__ctx512__b2-ga1__r8__s42__01a0a580-f555-70f4-a96a-3efd755eb8be/result.json,PUBLIC_CORE,true,Scientific record is retained; identifier and device-path fields require separate evidence-preserving privacy remediation before publication.,false,false,true,REWRITE
results/raw/20260915T143807188631Z__mlx-community-qwen3-4b-4bit__qlora-q4__ctx512__b2-ga1__r8__s42__01a0a580-f555-70f4-a96a-3efd755eb8be/step_timings.jsonl,PUBLIC_CORE,true,"Allowlisted code, configuration, data, raw evidence, generated result, or project metadata.",false,false,false,KEEP
results/raw/20260915T143807188631Z__mlx-community-qwen3-4b-4bit__qlora-q4__ctx512__b2-ga1__r8__s42__01a0a580-f555-70f4-a96a-3efd755eb8be/system_monitor.jsonl,PUBLIC_CORE,true,"Allowlisted code, configuration, data, raw evidence, generated result, or project metadata.",false,false,false,KEEP
results/raw/20260915T143807188631Z__mlx-community-qwen3-4b-4bit__qlora-q4__ctx512__b2-ga1__r8__s42__01a0a580-f555-70f4-a96a-3efd755eb8be/training_metrics.json,PUBLIC_CORE,true,"Allowlisted code, configuration, data, raw evidence, generated result, or project metadata.",false,false,false,KEEP
results/raw/20260915T144725655817Z__mlx-community-qwen3-4b-4bit__qlora-q4__ctx512__b2-ga1__r8__s123__01a0a589-7ad8-7dcc-9245-9b241b4e4916/command.txt,PUBLIC_CORE,true,"Allowlisted code, configuration, data, raw evidence, generated result, or project metadata.",false,false,false,KEEP
results/raw/20260915T144725655817Z__mlx-community-qwen3-4b-4bit__qlora-q4__ctx512__b2-ga1__r8__s123__01a0a589-7ad8-7dcc-9245-9b241b4e4916/config.yaml,PUBLIC_CORE,true,"Allowlisted code, configuration, data, raw evidence, generated result, or project metadata.",false,false,false,KEEP
results/raw/20260915T144725655817Z__mlx-community-qwen3-4b-4bit__qlora-q4__ctx512__b2-ga1__r8__s123__01a0a589-7ad8-7dcc-9245-9b241b4e4916/effective_config.json,PUBLIC_CORE,true,"Allowlisted code, configuration, data, raw evidence, generated result, or project metadata.",false,false,false,KEEP
results/raw/20260915T144725655817Z__mlx-community-qwen3-4b-4bit__qlora-q4__ctx512__b2-ga1__r8__s123__01a0a589-7ad8-7dcc-9245-9b241b4e4916/environment/raw_environment.txt,PUBLIC_CORE,true,Scientific record is retained; identifier and device-path fields require separate evidence-preserving privacy remediation before publication.,false,false,true,REWRITE
results/raw/20260915T144725655817Z__mlx-community-qwen3-4b-4bit__qlora-q4__ctx512__b2-ga1__r8__s123__01a0a589-7ad8-7dcc-9245-9b241b4e4916/environment/vm_stat_after.txt,PUBLIC_CORE,true,"Allowlisted code, configuration, data, raw evidence, generated result, or project metadata.",false,false,false,KEEP
results/raw/20260915T144725655817Z__mlx-community-qwen3-4b-4bit__qlora-q4__ctx512__b2-ga1__r8__s123__01a0a589-7ad8-7dcc-9245-9b241b4e4916/environment/vm_stat_before.txt,PUBLIC_CORE,true,"Allowlisted code, configuration, data, raw evidence, generated result, or project metadata.",false,false,false,KEEP
results/raw/20260915T144725655817Z__mlx-community-qwen3-4b-4bit__qlora-q4__ctx512__b2-ga1__r8__s123__01a0a589-7ad8-7dcc-9245-9b241b4e4916/logs/stderr.log,PUBLIC_CORE,true,"Allowlisted code, configuration, data, raw evidence, generated result, or project metadata.",false,false,false,KEEP
results/raw/20260915T144725655817Z__mlx-community-qwen3-4b-4bit__qlora-q4__ctx512__b2-ga1__r8__s123__01a0a589-7ad8-7dcc-9245-9b241b4e4916/logs/stdout.log,PUBLIC_CORE,true,"Allowlisted code, configuration, data, raw evidence, generated result, or project metadata.",false,false,false,KEEP
results/raw/20260915T144725655817Z__mlx-community-qwen3-4b-4bit__qlora-q4__ctx512__b2-ga1__r8__s123__01a0a589-7ad8-7dcc-9245-9b241b4e4916/manifest.sha256,PUBLIC_CORE,true,"Allowlisted code, configuration, data, raw evidence, generated result, or project metadata.",false,false,false,KEEP
results/raw/20260915T144725655817Z__mlx-community-qwen3-4b-4bit__qlora-q4__ctx512__b2-ga1__r8__s123__01a0a589-7ad8-7dcc-9245-9b241b4e4916/result.json,PUBLIC_CORE,true,Scientific record is retained; identifier and device-path fields require separate evidence-preserving privacy remediation before publication.,false,false,true,REWRITE
results/raw/20260915T144725655817Z__mlx-community-qwen3-4b-4bit__qlora-q4__ctx512__b2-ga1__r8__s123__01a0a589-7ad8-7dcc-9245-9b241b4e4916/step_timings.jsonl,PUBLIC_CORE,true,"Allowlisted code, configuration, data, raw evidence, generated result, or project metadata.",false,false,false,KEEP
results/raw/20260915T144725655817Z__mlx-community-qwen3-4b-4bit__qlora-q4__ctx512__b2-ga1__r8__s123__01a0a589-7ad8-7dcc-9245-9b241b4e4916/system_monitor.jsonl,PUBLIC_CORE,true,"Allowlisted code, configuration, data, raw evidence, generated result, or project metadata.",false,false,false,KEEP
results/raw/20260915T144725655817Z__mlx-community-qwen3-4b-4bit__qlora-q4__ctx512__b2-ga1__r8__s123__01a0a589-7ad8-7dcc-9245-9b241b4e4916/training_metrics.json,PUBLIC_CORE,true,"Allowlisted code, configuration, data, raw evidence, generated result, or project metadata.",false,false,false,KEEP
results/raw/20260915T145711514556Z__mlx-community-qwen3-4b-4bit__qlora-q4__ctx512__b2-ga1__r8__s2026__01a0a592-6b5b-780f-b112-cbe8e1b58187/command.txt,PUBLIC_CORE,true,"Allowlisted code, configuration, data, raw evidence, generated result, or project metadata.",false,false,false,KEEP
results/raw/20260915T145711514556Z__mlx-community-qwen3-4b-4bit__qlora-q4__ctx512__b2-ga1__r8__s2026__01a0a592-6b5b-780f-b112-cbe8e1b58187/config.yaml,PUBLIC_CORE,true,"Allowlisted code, configuration, data, raw evidence, generated result, or project metadata.",false,false,false,KEEP
results/raw/20260915T145711514556Z__mlx-community-qwen3-4b-4bit__qlora-q4__ctx512__b2-ga1__r8__s2026__01a0a592-6b5b-780f-b112-cbe8e1b58187/effective_config.json,PUBLIC_CORE,true,"Allowlisted code, configuration, data, raw evidence, generated result, or project metadata.",false,false,false,KEEP
results/raw/20260915T145711514556Z__mlx-community-qwen3-4b-4bit__qlora-q4__ctx512__b2-ga1__r8__s2026__01a0a592-6b5b-780f-b112-cbe8e1b58187/environment/raw_environment.txt,PUBLIC_CORE,true,Scientific record is retained; identifier and device-path fields require separate evidence-preserving privacy remediation before publication.,false,false,true,REWRITE
results/raw/20260915T145711514556Z__mlx-community-qwen3-4b-4bit__qlora-q4__ctx512__b2-ga1__r8__s2026__01a0a592-6b5b-780f-b112-cbe8e1b58187/environment/vm_stat_after.txt,PUBLIC_CORE,true,"Allowlisted code, configuration, data, raw evidence, generated result, or project metadata.",false,false,false,KEEP
results/raw/20260915T145711514556Z__mlx-community-qwen3-4b-4bit__qlora-q4__ctx512__b2-ga1__r8__s2026__01a0a592-6b5b-780f-b112-cbe8e1b58187/environment/vm_stat_before.txt,PUBLIC_CORE,true,"Allowlisted code, configuration, data, raw evidence, generated result, or project metadata.",false,false,false,KEEP
results/raw/20260915T145711514556Z__mlx-community-qwen3-4b-4bit__qlora-q4__ctx512__b2-ga1__r8__s2026__01a0a592-6b5b-780f-b112-cbe8e1b58187/logs/stderr.log,PUBLIC_CORE,true,"Allowlisted code, configuration, data, raw evidence, generated result, or project metadata.",false,false,false,KEEP
results/raw/20260915T145711514556Z__mlx-community-qwen3-4b-4bit__qlora-q4__ctx512__b2-ga1__r8__s2026__01a0a592-6b5b-780f-b112-cbe8e1b58187/logs/stdout.log,PUBLIC_CORE,true,"Allowlisted code, configuration, data, raw evidence, generated result, or project metadata.",false,false,false,KEEP
results/raw/20260915T145711514556Z__mlx-community-qwen3-4b-4bit__qlora-q4__ctx512__b2-ga1__r8__s2026__01a0a592-6b5b-780f-b112-cbe8e1b58187/manifest.sha256,PUBLIC_CORE,true,"Allowlisted code, configuration, data, raw evidence, generated result, or project metadata.",false,false,false,KEEP
results/raw/20260915T145711514556Z__mlx-community-qwen3-4b-4bit__qlora-q4__ctx512__b2-ga1__r8__s2026__01a0a592-6b5b-780f-b112-cbe8e1b58187/result.json,PUBLIC_CORE,true,Scientific record is retained; identifier and device-path fields require separate evidence-preserving privacy remediation before publication.,false,false,true,REWRITE
results/raw/20260915T145711514556Z__mlx-community-qwen3-4b-4bit__qlora-q4__ctx512__b2-ga1__r8__s2026__01a0a592-6b5b-780f-b112-cbe8e1b58187/step_timings.jsonl,PUBLIC_CORE,true,"Allowlisted code, configuration, data, raw evidence, generated result, or project metadata.",false,false,false,KEEP
results/raw/20260915T145711514556Z__mlx-community-qwen3-4b-4bit__qlora-q4__ctx512__b2-ga1__r8__s2026__01a0a592-6b5b-780f-b112-cbe8e1b58187/system_monitor.jsonl,PUBLIC_CORE,true,"Allowlisted code, configuration, data, raw evidence, generated result, or project metadata.",false,false,false,KEEP
results/raw/20260915T145711514556Z__mlx-community-qwen3-4b-4bit__qlora-q4__ctx512__b2-ga1__r8__s2026__01a0a592-6b5b-780f-b112-cbe8e1b58187/training_metrics.json,PUBLIC_CORE,true,"Allowlisted code, configuration, data, raw evidence, generated result, or project metadata.",false,false,false,KEEP
results/raw/20260915T150556205439Z__mlx-community-qwen3-4b-4bit__qlora-q4__ctx512__b4-ga1__r8__s42__01a0a59a-6ced-7d6a-8e7b-c78f25b37862/command.txt,PUBLIC_CORE,true,"Allowlisted code, configuration, data, raw evidence, generated result, or project metadata.",false,false,false,KEEP
results/raw/20260915T150556205439Z__mlx-community-qwen3-4b-4bit__qlora-q4__ctx512__b4-ga1__r8__s42__01a0a59a-6ced-7d6a-8e7b-c78f25b37862/config.yaml,PUBLIC_CORE,true,"Allowlisted code, configuration, data, raw evidence, generated result, or project metadata.",false,false,false,KEEP
results/raw/20260915T150556205439Z__mlx-community-qwen3-4b-4bit__qlora-q4__ctx512__b4-ga1__r8__s42__01a0a59a-6ced-7d6a-8e7b-c78f25b37862/effective_config.json,PUBLIC_CORE,true,"Allowlisted code, configuration, data, raw evidence, generated result, or project metadata.",false,false,false,KEEP
results/raw/20260915T150556205439Z__mlx-community-qwen3-4b-4bit__qlora-q4__ctx512__b4-ga1__r8__s42__01a0a59a-6ced-7d6a-8e7b-c78f25b37862/environment/raw_environment.txt,PUBLIC_CORE,true,Scientific record is retained; identifier and device-path fields require separate evidence-preserving privacy remediation before publication.,false,false,true,REWRITE
results/raw/20260915T150556205439Z__mlx-community-qwen3-4b-4bit__qlora-q4__ctx512__b4-ga1__r8__s42__01a0a59a-6ced-7d6a-8e7b-c78f25b37862/environment/vm_stat_after.txt,PUBLIC_CORE,true,"Allowlisted code, configuration, data, raw evidence, generated result, or project metadata.",false,false,false,KEEP
results/raw/20260915T150556205439Z__mlx-community-qwen3-4b-4bit__qlora-q4__ctx512__b4-ga1__r8__s42__01a0a59a-6ced-7d6a-8e7b-c78f25b37862/environment/vm_stat_before.txt,PUBLIC_CORE,true,"Allowlisted code, configuration, data, raw evidence, generated result, or project metadata.",false,false,false,KEEP
results/raw/20260915T150556205439Z__mlx-community-qwen3-4b-4bit__qlora-q4__ctx512__b4-ga1__r8__s42__01a0a59a-6ced-7d6a-8e7b-c78f25b37862/logs/stderr.log,PUBLIC_CORE,true,"Allowlisted code, configuration, data, raw evidence, generated result, or project metadata.",false,false,false,KEEP
results/raw/20260915T150556205439Z__mlx-community-qwen3-4b-4bit__qlora-q4__ctx512__b4-ga1__r8__s42__01a0a59a-6ced-7d6a-8e7b-c78f25b37862/logs/stdout.log,PUBLIC_CORE,true,"Allowlisted code, configuration, data, raw evidence, generated result, or project metadata.",false,false,false,KEEP
results/raw/20260915T150556205439Z__mlx-community-qwen3-4b-4bit__qlora-q4__ctx512__b4-ga1__r8__s42__01a0a59a-6ced-7d6a-8e7b-c78f25b37862/manifest.sha256,PUBLIC_CORE,true,"Allowlisted code, configuration, data, raw evidence, generated result, or project metadata.",false,false,false,KEEP
results/raw/20260915T150556205439Z__mlx-community-qwen3-4b-4bit__qlora-q4__ctx512__b4-ga1__r8__s42__01a0a59a-6ced-7d6a-8e7b-c78f25b37862/result.json,PUBLIC_CORE,true,Scientific record is retained; identifier and device-path fields require separate evidence-preserving privacy remediation before publication.,false,false,true,REWRITE
results/raw/20260915T150556205439Z__mlx-community-qwen3-4b-4bit__qlora-q4__ctx512__b4-ga1__r8__s42__01a0a59a-6ced-7d6a-8e7b-c78f25b37862/step_timings.jsonl,PUBLIC_CORE,true,"Allowlisted code, configuration, data, raw evidence, generated result, or project metadata.",false,false,false,KEEP
results/raw/20260915T150556205439Z__mlx-community-qwen3-4b-4bit__qlora-q4__ctx512__b4-ga1__r8__s42__01a0a59a-6ced-7d6a-8e7b-c78f25b37862/system_monitor.jsonl,PUBLIC_CORE,true,"Allowlisted code, configuration, data, raw evidence, generated result, or project metadata.",false,false,false,KEEP
results/raw/20260915T150556205439Z__mlx-community-qwen3-4b-4bit__qlora-q4__ctx512__b4-ga1__r8__s42__01a0a59a-6ced-7d6a-8e7b-c78f25b37862/training_metrics.json,PUBLIC_CORE,true,"Allowlisted code, configuration, data, raw evidence, generated result, or project metadata.",false,false,false,KEEP
results/raw/20260915T153646433720Z__mlx-community-qwen3-4b-4bit__qlora-q4__ctx512__b4-ga1__r8__s123__01a0a5b6-a861-7c80-b2c3-dfc788eb6072/command.txt,PUBLIC_CORE,true,"Allowlisted code, configuration, data, raw evidence, generated result, or project metadata.",false,false,false,KEEP
results/raw/20260915T153646433720Z__mlx-community-qwen3-4b-4bit__qlora-q4__ctx512__b4-ga1__r8__s123__01a0a5b6-a861-7c80-b2c3-dfc788eb6072/config.yaml,PUBLIC_CORE,true,"Allowlisted code, configuration, data, raw evidence, generated result, or project metadata.",false,false,false,KEEP
results/raw/20260915T153646433720Z__mlx-community-qwen3-4b-4bit__qlora-q4__ctx512__b4-ga1__r8__s123__01a0a5b6-a861-7c80-b2c3-dfc788eb6072/effective_config.json,PUBLIC_CORE,true,"Allowlisted code, configuration, data, raw evidence, generated result, or project metadata.",false,false,false,KEEP
results/raw/20260915T153646433720Z__mlx-community-qwen3-4b-4bit__qlora-q4__ctx512__b4-ga1__r8__s123__01a0a5b6-a861-7c80-b2c3-dfc788eb6072/environment/raw_environment.txt,PUBLIC_CORE,true,Scientific record is retained; identifier and device-path fields require separate evidence-preserving privacy remediation before publication.,false,false,true,REWRITE
results/raw/20260915T153646433720Z__mlx-community-qwen3-4b-4bit__qlora-q4__ctx512__b4-ga1__r8__s123__01a0a5b6-a861-7c80-b2c3-dfc788eb6072/environment/vm_stat_after.txt,PUBLIC_CORE,true,"Allowlisted code, configuration, data, raw evidence, generated result, or project metadata.",false,false,false,KEEP
results/raw/20260915T153646433720Z__mlx-community-qwen3-4b-4bit__qlora-q4__ctx512__b4-ga1__r8__s123__01a0a5b6-a861-7c80-b2c3-dfc788eb6072/environment/vm_stat_before.txt,PUBLIC_CORE,true,"Allowlisted code, configuration, data, raw evidence, generated result, or project metadata.",false,false,false,KEEP
results/raw/20260915T153646433720Z__mlx-community-qwen3-4b-4bit__qlora-q4__ctx512__b4-ga1__r8__s123__01a0a5b6-a861-7c80-b2c3-dfc788eb6072/logs/stderr.log,PUBLIC_CORE,true,"Allowlisted code, configuration, data, raw evidence, generated result, or project metadata.",false,false,false,KEEP
results/raw/20260915T153646433720Z__mlx-community-qwen3-4b-4bit__qlora-q4__ctx512__b4-ga1__r8__s123__01a0a5b6-a861-7c80-b2c3-dfc788eb6072/logs/stdout.log,PUBLIC_CORE,true,"Allowlisted code, configuration, data, raw evidence, generated result, or project metadata.",false,false,false,KEEP
results/raw/20260915T153646433720Z__mlx-community-qwen3-4b-4bit__qlora-q4__ctx512__b4-ga1__r8__s123__01a0a5b6-a861-7c80-b2c3-dfc788eb6072/manifest.sha256,PUBLIC_CORE,true,"Allowlisted code, configuration, data, raw evidence, generated result, or project metadata.",false,false,false,KEEP
results/raw/20260915T153646433720Z__mlx-community-qwen3-4b-4bit__qlora-q4__ctx512__b4-ga1__r8__s123__01a0a5b6-a861-7c80-b2c3-dfc788eb6072/result.json,PUBLIC_CORE,true,Scientific record is retained; identifier and device-path fields require separate evidence-preserving privacy remediation before publication.,false,false,true,REWRITE
results/raw/20260915T153646433720Z__mlx-community-qwen3-4b-4bit__qlora-q4__ctx512__b4-ga1__r8__s123__01a0a5b6-a861-7c80-b2c3-dfc788eb6072/step_timings.jsonl,PUBLIC_CORE,true,"Allowlisted code, configuration, data, raw evidence, generated result, or project metadata.",false,false,false,KEEP
results/raw/20260915T153646433720Z__mlx-community-qwen3-4b-4bit__qlora-q4__ctx512__b4-ga1__r8__s123__01a0a5b6-a861-7c80-b2c3-dfc788eb6072/system_monitor.jsonl,PUBLIC_CORE,true,"Allowlisted code, configuration, data, raw evidence, generated result, or project metadata.",false,false,false,KEEP
results/raw/20260915T153646433720Z__mlx-community-qwen3-4b-4bit__qlora-q4__ctx512__b4-ga1__r8__s123__01a0a5b6-a861-7c80-b2c3-dfc788eb6072/training_metrics.json,PUBLIC_CORE,true,"Allowlisted code, configuration, data, raw evidence, generated result, or project metadata.",false,false,false,KEEP
results/raw/20260915T161011059799Z__mlx-community-qwen3-4b-4bit__qlora-q4__ctx512__b4-ga1__r8__s2026__01a0a5d5-3ef4-738d-b32c-f0a2233b4260/command.txt,PUBLIC_CORE,true,"Allowlisted code, configuration, data, raw evidence, generated result, or project metadata.",false,false,false,KEEP
results/raw/20260915T161011059799Z__mlx-community-qwen3-4b-4bit__qlora-q4__ctx512__b4-ga1__r8__s2026__01a0a5d5-3ef4-738d-b32c-f0a2233b4260/config.yaml,PUBLIC_CORE,true,"Allowlisted code, configuration, data, raw evidence, generated result, or project metadata.",false,false,false,KEEP
results/raw/20260915T161011059799Z__mlx-community-qwen3-4b-4bit__qlora-q4__ctx512__b4-ga1__r8__s2026__01a0a5d5-3ef4-738d-b32c-f0a2233b4260/effective_config.json,PUBLIC_CORE,true,"Allowlisted code, configuration, data, raw evidence, generated result, or project metadata.",false,false,false,KEEP
results/raw/20260915T161011059799Z__mlx-community-qwen3-4b-4bit__qlora-q4__ctx512__b4-ga1__r8__s2026__01a0a5d5-3ef4-738d-b32c-f0a2233b4260/environment/raw_environment.txt,PUBLIC_CORE,true,Scientific record is retained; identifier and device-path fields require separate evidence-preserving privacy remediation before publication.,false,false,true,REWRITE
results/raw/20260915T161011059799Z__mlx-community-qwen3-4b-4bit__qlora-q4__ctx512__b4-ga1__r8__s2026__01a0a5d5-3ef4-738d-b32c-f0a2233b4260/environment/vm_stat_after.txt,PUBLIC_CORE,true,"Allowlisted code, configuration, data, raw evidence, generated result, or project metadata.",false,false,false,KEEP
results/raw/20260915T161011059799Z__mlx-community-qwen3-4b-4bit__qlora-q4__ctx512__b4-ga1__r8__s2026__01a0a5d5-3ef4-738d-b32c-f0a2233b4260/environment/vm_stat_before.txt,PUBLIC_CORE,true,"Allowlisted code, configuration, data, raw evidence, generated result, or project metadata.",false,false,false,KEEP
results/raw/20260915T161011059799Z__mlx-community-qwen3-4b-4bit__qlora-q4__ctx512__b4-ga1__r8__s2026__01a0a5d5-3ef4-738d-b32c-f0a2233b4260/logs/stderr.log,PUBLIC_CORE,true,"Allowlisted code, configuration, data, raw evidence, generated result, or project metadata.",false,false,false,KEEP
results/raw/20260915T161011059799Z__mlx-community-qwen3-4b-4bit__qlora-q4__ctx512__b4-ga1__r8__s2026__01a0a5d5-3ef4-738d-b32c-f0a2233b4260/logs/stdout.log,PUBLIC_CORE,true,"Allowlisted code, configuration, data, raw evidence, generated result, or project metadata.",false,false,false,KEEP
results/raw/20260915T161011059799Z__mlx-community-qwen3-4b-4bit__qlora-q4__ctx512__b4-ga1__r8__s2026__01a0a5d5-3ef4-738d-b32c-f0a2233b4260/manifest.sha256,PUBLIC_CORE,true,"Allowlisted code, configuration, data, raw evidence, generated result, or project metadata.",false,false,false,KEEP
results/raw/20260915T161011059799Z__mlx-community-qwen3-4b-4bit__qlora-q4__ctx512__b4-ga1__r8__s2026__01a0a5d5-3ef4-738d-b32c-f0a2233b4260/result.json,PUBLIC_CORE,true,Scientific record is retained; identifier and device-path fields require separate evidence-preserving privacy remediation before publication.,false,false,true,REWRITE
results/raw/20260915T161011059799Z__mlx-community-qwen3-4b-4bit__qlora-q4__ctx512__b4-ga1__r8__s2026__01a0a5d5-3ef4-738d-b32c-f0a2233b4260/step_timings.jsonl,PUBLIC_CORE,true,"Allowlisted code, configuration, data, raw evidence, generated result, or project metadata.",false,false,false,KEEP
results/raw/20260915T161011059799Z__mlx-community-qwen3-4b-4bit__qlora-q4__ctx512__b4-ga1__r8__s2026__01a0a5d5-3ef4-738d-b32c-f0a2233b4260/system_monitor.jsonl,PUBLIC_CORE,true,"Allowlisted code, configuration, data, raw evidence, generated result, or project metadata.",false,false,false,KEEP
results/raw/20260915T161011059799Z__mlx-community-qwen3-4b-4bit__qlora-q4__ctx512__b4-ga1__r8__s2026__01a0a5d5-3ef4-738d-b32c-f0a2233b4260/training_metrics.json,PUBLIC_CORE,true,"Allowlisted code, configuration, data, raw evidence, generated result, or project metadata.",false,false,false,KEEP
results/raw/20260915T164129648692Z__mlx-community-qwen3-4b-4bit__qlora-q4__ctx512__b8-ga1__r8__s42__01a0a5f1-e930-7242-9ebd-bfb9f735cb03/command.txt,PUBLIC_CORE,true,"Allowlisted code, configuration, data, raw evidence, generated result, or project metadata.",false,false,false,KEEP
results/raw/20260915T164129648692Z__mlx-community-qwen3-4b-4bit__qlora-q4__ctx512__b8-ga1__r8__s42__01a0a5f1-e930-7242-9ebd-bfb9f735cb03/config.yaml,PUBLIC_CORE,true,"Allowlisted code, configuration, data, raw evidence, generated result, or project metadata.",false,false,false,KEEP
results/raw/20260915T164129648692Z__mlx-community-qwen3-4b-4bit__qlora-q4__ctx512__b8-ga1__r8__s42__01a0a5f1-e930-7242-9ebd-bfb9f735cb03/effective_config.json,PUBLIC_CORE,true,"Allowlisted code, configuration, data, raw evidence, generated result, or project metadata.",false,false,false,KEEP
results/raw/20260915T164129648692Z__mlx-community-qwen3-4b-4bit__qlora-q4__ctx512__b8-ga1__r8__s42__01a0a5f1-e930-7242-9ebd-bfb9f735cb03/environment/raw_environment.txt,PUBLIC_CORE,true,Scientific record is retained; identifier and device-path fields require separate evidence-preserving privacy remediation before publication.,false,false,true,REWRITE
results/raw/20260915T164129648692Z__mlx-community-qwen3-4b-4bit__qlora-q4__ctx512__b8-ga1__r8__s42__01a0a5f1-e930-7242-9ebd-bfb9f735cb03/environment/vm_stat_after.txt,PUBLIC_CORE,true,"Allowlisted code, configuration, data, raw evidence, generated result, or project metadata.",false,false,false,KEEP
results/raw/20260915T164129648692Z__mlx-community-qwen3-4b-4bit__qlora-q4__ctx512__b8-ga1__r8__s42__01a0a5f1-e930-7242-9ebd-bfb9f735cb03/environment/vm_stat_before.txt,PUBLIC_CORE,true,"Allowlisted code, configuration, data, raw evidence, generated result, or project metadata.",false,false,false,KEEP
results/raw/20260915T164129648692Z__mlx-community-qwen3-4b-4bit__qlora-q4__ctx512__b8-ga1__r8__s42__01a0a5f1-e930-7242-9ebd-bfb9f735cb03/logs/stderr.log,PUBLIC_CORE,true,"Allowlisted code, configuration, data, raw evidence, generated result, or project metadata.",false,false,false,KEEP
results/raw/20260915T164129648692Z__mlx-community-qwen3-4b-4bit__qlora-q4__ctx512__b8-ga1__r8__s42__01a0a5f1-e930-7242-9ebd-bfb9f735cb03/logs/stdout.log,PUBLIC_CORE,true,"Allowlisted code, configuration, data, raw evidence, generated result, or project metadata.",false,false,false,KEEP
results/raw/20260915T164129648692Z__mlx-community-qwen3-4b-4bit__qlora-q4__ctx512__b8-ga1__r8__s42__01a0a5f1-e930-7242-9ebd-bfb9f735cb03/manifest.sha256,PUBLIC_CORE,true,"Allowlisted code, configuration, data, raw evidence, generated result, or project metadata.",false,false,false,KEEP
results/raw/20260915T164129648692Z__mlx-community-qwen3-4b-4bit__qlora-q4__ctx512__b8-ga1__r8__s42__01a0a5f1-e930-7242-9ebd-bfb9f735cb03/result.json,PUBLIC_CORE,true,Scientific record is retained; identifier and device-path fields require separate evidence-preserving privacy remediation before publication.,false,false,true,REWRITE
results/raw/20260915T164129648692Z__mlx-community-qwen3-4b-4bit__qlora-q4__ctx512__b8-ga1__r8__s42__01a0a5f1-e930-7242-9ebd-bfb9f735cb03/system_monitor.jsonl,PUBLIC_CORE,true,"Allowlisted code, configuration, data, raw evidence, generated result, or project metadata.",false,false,false,KEEP
results/raw/20260915T164414079542Z__mlx-community-qwen3-4b-4bit__qlora-q4__ctx512__b8-ga1__r8__s123__01a0a5f4-6b7f-75ff-b238-30a384c43889/command.txt,PUBLIC_CORE,true,"Allowlisted code, configuration, data, raw evidence, generated result, or project metadata.",false,false,false,KEEP
results/raw/20260915T164414079542Z__mlx-community-qwen3-4b-4bit__qlora-q4__ctx512__b8-ga1__r8__s123__01a0a5f4-6b7f-75ff-b238-30a384c43889/config.yaml,PUBLIC_CORE,true,"Allowlisted code, configuration, data, raw evidence, generated result, or project metadata.",false,false,false,KEEP
results/raw/20260915T164414079542Z__mlx-community-qwen3-4b-4bit__qlora-q4__ctx512__b8-ga1__r8__s123__01a0a5f4-6b7f-75ff-b238-30a384c43889/effective_config.json,PUBLIC_CORE,true,"Allowlisted code, configuration, data, raw evidence, generated result, or project metadata.",false,false,false,KEEP
results/raw/20260915T164414079542Z__mlx-community-qwen3-4b-4bit__qlora-q4__ctx512__b8-ga1__r8__s123__01a0a5f4-6b7f-75ff-b238-30a384c43889/environment/raw_environment.txt,PUBLIC_CORE,true,Scientific record is retained; identifier and device-path fields require separate evidence-preserving privacy remediation before publication.,false,false,true,REWRITE
results/raw/20260915T164414079542Z__mlx-community-qwen3-4b-4bit__qlora-q4__ctx512__b8-ga1__r8__s123__01a0a5f4-6b7f-75ff-b238-30a384c43889/environment/vm_stat_after.txt,PUBLIC_CORE,true,"Allowlisted code, configuration, data, raw evidence, generated result, or project metadata.",false,false,false,KEEP
results/raw/20260915T164414079542Z__mlx-community-qwen3-4b-4bit__qlora-q4__ctx512__b8-ga1__r8__s123__01a0a5f4-6b7f-75ff-b238-30a384c43889/environment/vm_stat_before.txt,PUBLIC_CORE,true,"Allowlisted code, configuration, data, raw evidence, generated result, or project metadata.",false,false,false,KEEP
results/raw/20260915T164414079542Z__mlx-community-qwen3-4b-4bit__qlora-q4__ctx512__b8-ga1__r8__s123__01a0a5f4-6b7f-75ff-b238-30a384c43889/logs/stderr.log,PUBLIC_CORE,true,"Allowlisted code, configuration, data, raw evidence, generated result, or project metadata.",false,false,false,KEEP
results/raw/20260915T164414079542Z__mlx-community-qwen3-4b-4bit__qlora-q4__ctx512__b8-ga1__r8__s123__01a0a5f4-6b7f-75ff-b238-30a384c43889/logs/stdout.log,PUBLIC_CORE,true,"Allowlisted code, configuration, data, raw evidence, generated result, or project metadata.",false,false,false,KEEP
results/raw/20260915T164414079542Z__mlx-community-qwen3-4b-4bit__qlora-q4__ctx512__b8-ga1__r8__s123__01a0a5f4-6b7f-75ff-b238-30a384c43889/manifest.sha256,PUBLIC_CORE,true,"Allowlisted code, configuration, data, raw evidence, generated result, or project metadata.",false,false,false,KEEP
results/raw/20260915T164414079542Z__mlx-community-qwen3-4b-4bit__qlora-q4__ctx512__b8-ga1__r8__s123__01a0a5f4-6b7f-75ff-b238-30a384c43889/result.json,PUBLIC_CORE,true,Scientific record is retained; identifier and device-path fields require separate evidence-preserving privacy remediation before publication.,false,false,true,REWRITE
results/raw/20260915T164414079542Z__mlx-community-qwen3-4b-4bit__qlora-q4__ctx512__b8-ga1__r8__s123__01a0a5f4-6b7f-75ff-b238-30a384c43889/system_monitor.jsonl,PUBLIC_CORE,true,"Allowlisted code, configuration, data, raw evidence, generated result, or project metadata.",false,false,false,KEEP
results/raw/20260915T164550471089Z__mlx-community-qwen3-4b-4bit__qlora-q4__ctx512__b8-ga1__r8__s2026__01a0a5f5-e407-7904-9c86-f6a77dac3a89/command.txt,PUBLIC_CORE,true,"Allowlisted code, configuration, data, raw evidence, generated result, or project metadata.",false,false,false,KEEP
results/raw/20260915T164550471089Z__mlx-community-qwen3-4b-4bit__qlora-q4__ctx512__b8-ga1__r8__s2026__01a0a5f5-e407-7904-9c86-f6a77dac3a89/config.yaml,PUBLIC_CORE,true,"Allowlisted code, configuration, data, raw evidence, generated result, or project metadata.",false,false,false,KEEP
results/raw/20260915T164550471089Z__mlx-community-qwen3-4b-4bit__qlora-q4__ctx512__b8-ga1__r8__s2026__01a0a5f5-e407-7904-9c86-f6a77dac3a89/effective_config.json,PUBLIC_CORE,true,"Allowlisted code, configuration, data, raw evidence, generated result, or project metadata.",false,false,false,KEEP
results/raw/20260915T164550471089Z__mlx-community-qwen3-4b-4bit__qlora-q4__ctx512__b8-ga1__r8__s2026__01a0a5f5-e407-7904-9c86-f6a77dac3a89/environment/raw_environment.txt,PUBLIC_CORE,true,Scientific record is retained; identifier and device-path fields require separate evidence-preserving privacy remediation before publication.,false,false,true,REWRITE
results/raw/20260915T164550471089Z__mlx-community-qwen3-4b-4bit__qlora-q4__ctx512__b8-ga1__r8__s2026__01a0a5f5-e407-7904-9c86-f6a77dac3a89/environment/vm_stat_after.txt,PUBLIC_CORE,true,"Allowlisted code, configuration, data, raw evidence, generated result, or project metadata.",false,false,false,KEEP
results/raw/20260915T164550471089Z__mlx-community-qwen3-4b-4bit__qlora-q4__ctx512__b8-ga1__r8__s2026__01a0a5f5-e407-7904-9c86-f6a77dac3a89/environment/vm_stat_before.txt,PUBLIC_CORE,true,"Allowlisted code, configuration, data, raw evidence, generated result, or project metadata.",false,false,false,KEEP
results/raw/20260915T164550471089Z__mlx-community-qwen3-4b-4bit__qlora-q4__ctx512__b8-ga1__r8__s2026__01a0a5f5-e407-7904-9c86-f6a77dac3a89/logs/stderr.log,PUBLIC_CORE,true,"Allowlisted code, configuration, data, raw evidence, generated result, or project metadata.",false,false,false,KEEP
results/raw/20260915T164550471089Z__mlx-community-qwen3-4b-4bit__qlora-q4__ctx512__b8-ga1__r8__s2026__01a0a5f5-e407-7904-9c86-f6a77dac3a89/logs/stdout.log,PUBLIC_CORE,true,"Allowlisted code, configuration, data, raw evidence, generated result, or project metadata.",false,false,false,KEEP
results/raw/20260915T164550471089Z__mlx-community-qwen3-4b-4bit__qlora-q4__ctx512__b8-ga1__r8__s2026__01a0a5f5-e407-7904-9c86-f6a77dac3a89/manifest.sha256,PUBLIC_CORE,true,"Allowlisted code, configuration, data, raw evidence, generated result, or project metadata.",false,false,false,KEEP
results/raw/20260915T164550471089Z__mlx-community-qwen3-4b-4bit__qlora-q4__ctx512__b8-ga1__r8__s2026__01a0a5f5-e407-7904-9c86-f6a77dac3a89/result.json,PUBLIC_CORE,true,Scientific record is retained; identifier and device-path fields require separate evidence-preserving privacy remediation before publication.,false,false,true,REWRITE
results/raw/20260915T164550471089Z__mlx-community-qwen3-4b-4bit__qlora-q4__ctx512__b8-ga1__r8__s2026__01a0a5f5-e407-7904-9c86-f6a77dac3a89/system_monitor.jsonl,PUBLIC_CORE,true,"Allowlisted code, configuration, data, raw evidence, generated result, or project metadata.",false,false,false,KEEP
results/raw/20260915T165524052283Z__mlx-community-qwen3-4b-4bit__qlora-q4__ctx2048__b1-ga1__r8__s123__01a0a5fe-a494-71f6-b0f1-6c0b4820439c/command.txt,PUBLIC_CORE,true,"Allowlisted code, configuration, data, raw evidence, generated result, or project metadata.",false,false,false,KEEP
results/raw/20260915T165524052283Z__mlx-community-qwen3-4b-4bit__qlora-q4__ctx2048__b1-ga1__r8__s123__01a0a5fe-a494-71f6-b0f1-6c0b4820439c/config.yaml,PUBLIC_CORE,true,"Allowlisted code, configuration, data, raw evidence, generated result, or project metadata.",false,false,false,KEEP
results/raw/20260915T165524052283Z__mlx-community-qwen3-4b-4bit__qlora-q4__ctx2048__b1-ga1__r8__s123__01a0a5fe-a494-71f6-b0f1-6c0b4820439c/effective_config.json,PUBLIC_CORE,true,"Allowlisted code, configuration, data, raw evidence, generated result, or project metadata.",false,false,false,KEEP
results/raw/20260915T165524052283Z__mlx-community-qwen3-4b-4bit__qlora-q4__ctx2048__b1-ga1__r8__s123__01a0a5fe-a494-71f6-b0f1-6c0b4820439c/environment/raw_environment.txt,PUBLIC_CORE,true,Scientific record is retained; identifier and device-path fields require separate evidence-preserving privacy remediation before publication.,false,false,true,REWRITE
results/raw/20260915T165524052283Z__mlx-community-qwen3-4b-4bit__qlora-q4__ctx2048__b1-ga1__r8__s123__01a0a5fe-a494-71f6-b0f1-6c0b4820439c/environment/vm_stat_after.txt,PUBLIC_CORE,true,"Allowlisted code, configuration, data, raw evidence, generated result, or project metadata.",false,false,false,KEEP
results/raw/20260915T165524052283Z__mlx-community-qwen3-4b-4bit__qlora-q4__ctx2048__b1-ga1__r8__s123__01a0a5fe-a494-71f6-b0f1-6c0b4820439c/environment/vm_stat_before.txt,PUBLIC_CORE,true,"Allowlisted code, configuration, data, raw evidence, generated result, or project metadata.",false,false,false,KEEP
results/raw/20260915T165524052283Z__mlx-community-qwen3-4b-4bit__qlora-q4__ctx2048__b1-ga1__r8__s123__01a0a5fe-a494-71f6-b0f1-6c0b4820439c/logs/stderr.log,PUBLIC_CORE,true,"Allowlisted code, configuration, data, raw evidence, generated result, or project metadata.",false,false,false,KEEP
results/raw/20260915T165524052283Z__mlx-community-qwen3-4b-4bit__qlora-q4__ctx2048__b1-ga1__r8__s123__01a0a5fe-a494-71f6-b0f1-6c0b4820439c/logs/stdout.log,PUBLIC_CORE,true,"Allowlisted code, configuration, data, raw evidence, generated result, or project metadata.",false,false,false,KEEP
results/raw/20260915T165524052283Z__mlx-community-qwen3-4b-4bit__qlora-q4__ctx2048__b1-ga1__r8__s123__01a0a5fe-a494-71f6-b0f1-6c0b4820439c/manifest.sha256,PUBLIC_CORE,true,"Allowlisted code, configuration, data, raw evidence, generated result, or project metadata.",false,false,false,KEEP
results/raw/20260915T165524052283Z__mlx-community-qwen3-4b-4bit__qlora-q4__ctx2048__b1-ga1__r8__s123__01a0a5fe-a494-71f6-b0f1-6c0b4820439c/result.json,PUBLIC_CORE,true,Scientific record is retained; identifier and device-path fields require separate evidence-preserving privacy remediation before publication.,false,false,true,REWRITE
results/raw/20260915T165524052283Z__mlx-community-qwen3-4b-4bit__qlora-q4__ctx2048__b1-ga1__r8__s123__01a0a5fe-a494-71f6-b0f1-6c0b4820439c/step_timings.jsonl,PUBLIC_CORE,true,"Allowlisted code, configuration, data, raw evidence, generated result, or project metadata.",false,false,false,KEEP
results/raw/20260915T165524052283Z__mlx-community-qwen3-4b-4bit__qlora-q4__ctx2048__b1-ga1__r8__s123__01a0a5fe-a494-71f6-b0f1-6c0b4820439c/system_monitor.jsonl,PUBLIC_CORE,true,"Allowlisted code, configuration, data, raw evidence, generated result, or project metadata.",false,false,false,KEEP
results/raw/20260915T165524052283Z__mlx-community-qwen3-4b-4bit__qlora-q4__ctx2048__b1-ga1__r8__s123__01a0a5fe-a494-71f6-b0f1-6c0b4820439c/training_metrics.json,PUBLIC_CORE,true,"Allowlisted code, configuration, data, raw evidence, generated result, or project metadata.",false,false,false,KEEP
results/raw/20260915T171705795963Z__mlx-community-qwen3-8b-4bit__qlora-q4__ctx512__b1-ga1__r8__s42__01a0a612-8184-7eb3-a99e-ca4b06de7bb7/command.txt,PUBLIC_CORE,true,"Allowlisted code, configuration, data, raw evidence, generated result, or project metadata.",false,false,false,KEEP
results/raw/20260915T171705795963Z__mlx-community-qwen3-8b-4bit__qlora-q4__ctx512__b1-ga1__r8__s42__01a0a612-8184-7eb3-a99e-ca4b06de7bb7/config.yaml,PUBLIC_CORE,true,"Allowlisted code, configuration, data, raw evidence, generated result, or project metadata.",false,false,false,KEEP
results/raw/20260915T171705795963Z__mlx-community-qwen3-8b-4bit__qlora-q4__ctx512__b1-ga1__r8__s42__01a0a612-8184-7eb3-a99e-ca4b06de7bb7/effective_config.json,PUBLIC_CORE,true,"Allowlisted code, configuration, data, raw evidence, generated result, or project metadata.",false,false,false,KEEP
results/raw/20260915T171705795963Z__mlx-community-qwen3-8b-4bit__qlora-q4__ctx512__b1-ga1__r8__s42__01a0a612-8184-7eb3-a99e-ca4b06de7bb7/environment/raw_environment.txt,PUBLIC_CORE,true,Scientific record is retained; identifier and device-path fields require separate evidence-preserving privacy remediation before publication.,false,false,true,REWRITE
results/raw/20260915T171705795963Z__mlx-community-qwen3-8b-4bit__qlora-q4__ctx512__b1-ga1__r8__s42__01a0a612-8184-7eb3-a99e-ca4b06de7bb7/environment/vm_stat_after.txt,PUBLIC_CORE,true,"Allowlisted code, configuration, data, raw evidence, generated result, or project metadata.",false,false,false,KEEP
results/raw/20260915T171705795963Z__mlx-community-qwen3-8b-4bit__qlora-q4__ctx512__b1-ga1__r8__s42__01a0a612-8184-7eb3-a99e-ca4b06de7bb7/environment/vm_stat_before.txt,PUBLIC_CORE,true,"Allowlisted code, configuration, data, raw evidence, generated result, or project metadata.",false,false,false,KEEP
results/raw/20260915T171705795963Z__mlx-community-qwen3-8b-4bit__qlora-q4__ctx512__b1-ga1__r8__s42__01a0a612-8184-7eb3-a99e-ca4b06de7bb7/logs/stderr.log,PUBLIC_CORE,true,"Allowlisted code, configuration, data, raw evidence, generated result, or project metadata.",false,false,false,KEEP
results/raw/20260915T171705795963Z__mlx-community-qwen3-8b-4bit__qlora-q4__ctx512__b1-ga1__r8__s42__01a0a612-8184-7eb3-a99e-ca4b06de7bb7/logs/stdout.log,PUBLIC_CORE,true,"Allowlisted code, configuration, data, raw evidence, generated result, or project metadata.",false,false,false,KEEP
results/raw/20260915T171705795963Z__mlx-community-qwen3-8b-4bit__qlora-q4__ctx512__b1-ga1__r8__s42__01a0a612-8184-7eb3-a99e-ca4b06de7bb7/manifest.sha256,PUBLIC_CORE,true,"Allowlisted code, configuration, data, raw evidence, generated result, or project metadata.",false,false,false,KEEP
results/raw/20260915T171705795963Z__mlx-community-qwen3-8b-4bit__qlora-q4__ctx512__b1-ga1__r8__s42__01a0a612-8184-7eb3-a99e-ca4b06de7bb7/result.json,PUBLIC_CORE,true,Scientific record is retained; identifier and device-path fields require separate evidence-preserving privacy remediation before publication.,false,false,true,REWRITE
results/raw/20260915T171705795963Z__mlx-community-qwen3-8b-4bit__qlora-q4__ctx512__b1-ga1__r8__s42__01a0a612-8184-7eb3-a99e-ca4b06de7bb7/step_timings.jsonl,PUBLIC_CORE,true,"Allowlisted code, configuration, data, raw evidence, generated result, or project metadata.",false,false,false,KEEP
results/raw/20260915T171705795963Z__mlx-community-qwen3-8b-4bit__qlora-q4__ctx512__b1-ga1__r8__s42__01a0a612-8184-7eb3-a99e-ca4b06de7bb7/system_monitor.jsonl,PUBLIC_CORE,true,"Allowlisted code, configuration, data, raw evidence, generated result, or project metadata.",false,false,false,KEEP
results/raw/20260915T171705795963Z__mlx-community-qwen3-8b-4bit__qlora-q4__ctx512__b1-ga1__r8__s42__01a0a612-8184-7eb3-a99e-ca4b06de7bb7/training_metrics.json,PUBLIC_CORE,true,"Allowlisted code, configuration, data, raw evidence, generated result, or project metadata.",false,false,false,KEEP
results/raw/20260915T174429715197Z__mlx-community-qwen3-8b-4bit__qlora-q4__ctx512__b1-ga1__r8__s123__01a0a62b-9713-7077-8359-a639efa8b74b/command.txt,PUBLIC_CORE,true,"Allowlisted code, configuration, data, raw evidence, generated result, or project metadata.",false,false,false,KEEP
results/raw/20260915T174429715197Z__mlx-community-qwen3-8b-4bit__qlora-q4__ctx512__b1-ga1__r8__s123__01a0a62b-9713-7077-8359-a639efa8b74b/config.yaml,PUBLIC_CORE,true,"Allowlisted code, configuration, data, raw evidence, generated result, or project metadata.",false,false,false,KEEP
results/raw/20260915T174429715197Z__mlx-community-qwen3-8b-4bit__qlora-q4__ctx512__b1-ga1__r8__s123__01a0a62b-9713-7077-8359-a639efa8b74b/effective_config.json,PUBLIC_CORE,true,"Allowlisted code, configuration, data, raw evidence, generated result, or project metadata.",false,false,false,KEEP
results/raw/20260915T174429715197Z__mlx-community-qwen3-8b-4bit__qlora-q4__ctx512__b1-ga1__r8__s123__01a0a62b-9713-7077-8359-a639efa8b74b/environment/raw_environment.txt,PUBLIC_CORE,true,Scientific record is retained; identifier and device-path fields require separate evidence-preserving privacy remediation before publication.,false,false,true,REWRITE
results/raw/20260915T174429715197Z__mlx-community-qwen3-8b-4bit__qlora-q4__ctx512__b1-ga1__r8__s123__01a0a62b-9713-7077-8359-a639efa8b74b/environment/vm_stat_after.txt,PUBLIC_CORE,true,"Allowlisted code, configuration, data, raw evidence, generated result, or project metadata.",false,false,false,KEEP
results/raw/20260915T174429715197Z__mlx-community-qwen3-8b-4bit__qlora-q4__ctx512__b1-ga1__r8__s123__01a0a62b-9713-7077-8359-a639efa8b74b/environment/vm_stat_before.txt,PUBLIC_CORE,true,"Allowlisted code, configuration, data, raw evidence, generated result, or project metadata.",false,false,false,KEEP
results/raw/20260915T174429715197Z__mlx-community-qwen3-8b-4bit__qlora-q4__ctx512__b1-ga1__r8__s123__01a0a62b-9713-7077-8359-a639efa8b74b/logs/stderr.log,PUBLIC_CORE,true,"Allowlisted code, configuration, data, raw evidence, generated result, or project metadata.",false,false,false,KEEP
results/raw/20260915T174429715197Z__mlx-community-qwen3-8b-4bit__qlora-q4__ctx512__b1-ga1__r8__s123__01a0a62b-9713-7077-8359-a639efa8b74b/logs/stdout.log,PUBLIC_CORE,true,"Allowlisted code, configuration, data, raw evidence, generated result, or project metadata.",false,false,false,KEEP
results/raw/20260915T174429715197Z__mlx-community-qwen3-8b-4bit__qlora-q4__ctx512__b1-ga1__r8__s123__01a0a62b-9713-7077-8359-a639efa8b74b/manifest.sha256,PUBLIC_CORE,true,"Allowlisted code, configuration, data, raw evidence, generated result, or project metadata.",false,false,false,KEEP
results/raw/20260915T174429715197Z__mlx-community-qwen3-8b-4bit__qlora-q4__ctx512__b1-ga1__r8__s123__01a0a62b-9713-7077-8359-a639efa8b74b/result.json,PUBLIC_CORE,true,Scientific record is retained; identifier and device-path fields require separate evidence-preserving privacy remediation before publication.,false,false,true,REWRITE
results/raw/20260915T174429715197Z__mlx-community-qwen3-8b-4bit__qlora-q4__ctx512__b1-ga1__r8__s123__01a0a62b-9713-7077-8359-a639efa8b74b/step_timings.jsonl,PUBLIC_CORE,true,"Allowlisted code, configuration, data, raw evidence, generated result, or project metadata.",false,false,false,KEEP
results/raw/20260915T174429715197Z__mlx-community-qwen3-8b-4bit__qlora-q4__ctx512__b1-ga1__r8__s123__01a0a62b-9713-7077-8359-a639efa8b74b/system_monitor.jsonl,PUBLIC_CORE,true,"Allowlisted code, configuration, data, raw evidence, generated result, or project metadata.",false,false,false,KEEP
results/raw/20260915T174429715197Z__mlx-community-qwen3-8b-4bit__qlora-q4__ctx512__b1-ga1__r8__s123__01a0a62b-9713-7077-8359-a639efa8b74b/training_metrics.json,PUBLIC_CORE,true,"Allowlisted code, configuration, data, raw evidence, generated result, or project metadata.",false,false,false,KEEP
results/raw/20260915T181219460490Z__mlx-community-qwen3-8b-4bit__qlora-q4__ctx512__b1-ga1__r8__s2026__01a0a645-1184-7a67-a456-c0e6c0d64e3a/command.txt,PUBLIC_CORE,true,"Allowlisted code, configuration, data, raw evidence, generated result, or project metadata.",false,false,false,KEEP
results/raw/20260915T181219460490Z__mlx-community-qwen3-8b-4bit__qlora-q4__ctx512__b1-ga1__r8__s2026__01a0a645-1184-7a67-a456-c0e6c0d64e3a/config.yaml,PUBLIC_CORE,true,"Allowlisted code, configuration, data, raw evidence, generated result, or project metadata.",false,false,false,KEEP
results/raw/20260915T181219460490Z__mlx-community-qwen3-8b-4bit__qlora-q4__ctx512__b1-ga1__r8__s2026__01a0a645-1184-7a67-a456-c0e6c0d64e3a/effective_config.json,PUBLIC_CORE,true,"Allowlisted code, configuration, data, raw evidence, generated result, or project metadata.",false,false,false,KEEP
results/raw/20260915T181219460490Z__mlx-community-qwen3-8b-4bit__qlora-q4__ctx512__b1-ga1__r8__s2026__01a0a645-1184-7a67-a456-c0e6c0d64e3a/environment/raw_environment.txt,PUBLIC_CORE,true,Scientific record is retained; identifier and device-path fields require separate evidence-preserving privacy remediation before publication.,false,false,true,REWRITE
results/raw/20260915T181219460490Z__mlx-community-qwen3-8b-4bit__qlora-q4__ctx512__b1-ga1__r8__s2026__01a0a645-1184-7a67-a456-c0e6c0d64e3a/environment/vm_stat_after.txt,PUBLIC_CORE,true,"Allowlisted code, configuration, data, raw evidence, generated result, or project metadata.",false,false,false,KEEP
results/raw/20260915T181219460490Z__mlx-community-qwen3-8b-4bit__qlora-q4__ctx512__b1-ga1__r8__s2026__01a0a645-1184-7a67-a456-c0e6c0d64e3a/environment/vm_stat_before.txt,PUBLIC_CORE,true,"Allowlisted code, configuration, data, raw evidence, generated result, or project metadata.",false,false,false,KEEP
results/raw/20260915T181219460490Z__mlx-community-qwen3-8b-4bit__qlora-q4__ctx512__b1-ga1__r8__s2026__01a0a645-1184-7a67-a456-c0e6c0d64e3a/logs/stderr.log,PUBLIC_CORE,true,"Allowlisted code, configuration, data, raw evidence, generated result, or project metadata.",false,false,false,KEEP
results/raw/20260915T181219460490Z__mlx-community-qwen3-8b-4bit__qlora-q4__ctx512__b1-ga1__r8__s2026__01a0a645-1184-7a67-a456-c0e6c0d64e3a/logs/stdout.log,PUBLIC_CORE,true,"Allowlisted code, configuration, data, raw evidence, generated result, or project metadata.",false,false,false,KEEP
results/raw/20260915T181219460490Z__mlx-community-qwen3-8b-4bit__qlora-q4__ctx512__b1-ga1__r8__s2026__01a0a645-1184-7a67-a456-c0e6c0d64e3a/manifest.sha256,PUBLIC_CORE,true,"Allowlisted code, configuration, data, raw evidence, generated result, or project metadata.",false,false,false,KEEP
results/raw/20260915T181219460490Z__mlx-community-qwen3-8b-4bit__qlora-q4__ctx512__b1-ga1__r8__s2026__01a0a645-1184-7a67-a456-c0e6c0d64e3a/result.json,PUBLIC_CORE,true,Scientific record is retained; identifier and device-path fields require separate evidence-preserving privacy remediation before publication.,false,false,true,REWRITE
results/raw/20260915T181219460490Z__mlx-community-qwen3-8b-4bit__qlora-q4__ctx512__b1-ga1__r8__s2026__01a0a645-1184-7a67-a456-c0e6c0d64e3a/step_timings.jsonl,PUBLIC_CORE,true,"Allowlisted code, configuration, data, raw evidence, generated result, or project metadata.",false,false,false,KEEP
results/raw/20260915T181219460490Z__mlx-community-qwen3-8b-4bit__qlora-q4__ctx512__b1-ga1__r8__s2026__01a0a645-1184-7a67-a456-c0e6c0d64e3a/system_monitor.jsonl,PUBLIC_CORE,true,"Allowlisted code, configuration, data, raw evidence, generated result, or project metadata.",false,false,false,KEEP
results/raw/20260915T181219460490Z__mlx-community-qwen3-8b-4bit__qlora-q4__ctx512__b1-ga1__r8__s2026__01a0a645-1184-7a67-a456-c0e6c0d64e3a/training_metrics.json,PUBLIC_CORE,true,"Allowlisted code, configuration, data, raw evidence, generated result, or project metadata.",false,false,false,KEEP
results/raw/20260915T184033756783Z__mlx-community-qwen3-14b-4bit__qlora-q4__ctx512__b1-ga1__r8__s42__01a0a65e-ebdd-7ef7-b008-098853b76dc2/command.txt,PUBLIC_CORE,true,"Allowlisted code, configuration, data, raw evidence, generated result, or project metadata.",false,false,false,KEEP
results/raw/20260915T184033756783Z__mlx-community-qwen3-14b-4bit__qlora-q4__ctx512__b1-ga1__r8__s42__01a0a65e-ebdd-7ef7-b008-098853b76dc2/config.yaml,PUBLIC_CORE,true,"Allowlisted code, configuration, data, raw evidence, generated result, or project metadata.",false,false,false,KEEP
results/raw/20260915T184033756783Z__mlx-community-qwen3-14b-4bit__qlora-q4__ctx512__b1-ga1__r8__s42__01a0a65e-ebdd-7ef7-b008-098853b76dc2/effective_config.json,PUBLIC_CORE,true,"Allowlisted code, configuration, data, raw evidence, generated result, or project metadata.",false,false,false,KEEP
results/raw/20260915T184033756783Z__mlx-community-qwen3-14b-4bit__qlora-q4__ctx512__b1-ga1__r8__s42__01a0a65e-ebdd-7ef7-b008-098853b76dc2/environment/raw_environment.txt,PUBLIC_CORE,true,Scientific record is retained; identifier and device-path fields require separate evidence-preserving privacy remediation before publication.,false,false,true,REWRITE
results/raw/20260915T184033756783Z__mlx-community-qwen3-14b-4bit__qlora-q4__ctx512__b1-ga1__r8__s42__01a0a65e-ebdd-7ef7-b008-098853b76dc2/environment/vm_stat_after.txt,PUBLIC_CORE,true,"Allowlisted code, configuration, data, raw evidence, generated result, or project metadata.",false,false,false,KEEP
results/raw/20260915T184033756783Z__mlx-community-qwen3-14b-4bit__qlora-q4__ctx512__b1-ga1__r8__s42__01a0a65e-ebdd-7ef7-b008-098853b76dc2/environment/vm_stat_before.txt,PUBLIC_CORE,true,"Allowlisted code, configuration, data, raw evidence, generated result, or project metadata.",false,false,false,KEEP
results/raw/20260915T184033756783Z__mlx-community-qwen3-14b-4bit__qlora-q4__ctx512__b1-ga1__r8__s42__01a0a65e-ebdd-7ef7-b008-098853b76dc2/logs/stderr.log,PUBLIC_CORE,true,"Allowlisted code, configuration, data, raw evidence, generated result, or project metadata.",false,false,false,KEEP
results/raw/20260915T184033756783Z__mlx-community-qwen3-14b-4bit__qlora-q4__ctx512__b1-ga1__r8__s42__01a0a65e-ebdd-7ef7-b008-098853b76dc2/logs/stdout.log,PUBLIC_CORE,true,"Allowlisted code, configuration, data, raw evidence, generated result, or project metadata.",false,false,false,KEEP
results/raw/20260915T184033756783Z__mlx-community-qwen3-14b-4bit__qlora-q4__ctx512__b1-ga1__r8__s42__01a0a65e-ebdd-7ef7-b008-098853b76dc2/manifest.sha256,PUBLIC_CORE,true,"Allowlisted code, configuration, data, raw evidence, generated result, or project metadata.",false,false,false,KEEP
results/raw/20260915T184033756783Z__mlx-community-qwen3-14b-4bit__qlora-q4__ctx512__b1-ga1__r8__s42__01a0a65e-ebdd-7ef7-b008-098853b76dc2/result.json,PUBLIC_CORE,true,Scientific record is retained; identifier and device-path fields require separate evidence-preserving privacy remediation before publication.,false,false,true,REWRITE
results/raw/20260915T184033756783Z__mlx-community-qwen3-14b-4bit__qlora-q4__ctx512__b1-ga1__r8__s42__01a0a65e-ebdd-7ef7-b008-098853b76dc2/system_monitor.jsonl,PUBLIC_CORE,true,"Allowlisted code, configuration, data, raw evidence, generated result, or project metadata.",false,false,false,KEEP
results/validation/20260911T170424780551Z__qwen-qwen3-0-6b__lora-qnone__ctx512__b1-ga1__r8__s42__01a0916d-74cc-72b2-aba8-02234513dc79/command.txt,PRIVATE_INTERNAL,false,Preserved in the ignored local archive; not required for the public reproducibility chain.,false,true,true,REMOVE_FROM_PUBLIC
results/validation/20260911T170424780551Z__qwen-qwen3-0-6b__lora-qnone__ctx512__b1-ga1__r8__s42__01a0916d-74cc-72b2-aba8-02234513dc79/config.yaml,PRIVATE_INTERNAL,false,Preserved in the ignored local archive; not required for the public reproducibility chain.,false,true,true,REMOVE_FROM_PUBLIC
results/validation/20260911T170424780551Z__qwen-qwen3-0-6b__lora-qnone__ctx512__b1-ga1__r8__s42__01a0916d-74cc-72b2-aba8-02234513dc79/effective_config.json,PRIVATE_INTERNAL,false,Preserved in the ignored local archive; not required for the public reproducibility chain.,false,true,true,REMOVE_FROM_PUBLIC
results/validation/20260911T170424780551Z__qwen-qwen3-0-6b__lora-qnone__ctx512__b1-ga1__r8__s42__01a0916d-74cc-72b2-aba8-02234513dc79/environment/raw_environment.txt,PRIVATE_INTERNAL,false,Preserved in the ignored local archive; not required for the public reproducibility chain.,false,true,true,REMOVE_FROM_PUBLIC
results/validation/20260911T170424780551Z__qwen-qwen3-0-6b__lora-qnone__ctx512__b1-ga1__r8__s42__01a0916d-74cc-72b2-aba8-02234513dc79/environment/vm_stat_after.txt,PRIVATE_INTERNAL,false,Preserved in the ignored local archive; not required for the public reproducibility chain.,false,true,true,REMOVE_FROM_PUBLIC
results/validation/20260911T170424780551Z__qwen-qwen3-0-6b__lora-qnone__ctx512__b1-ga1__r8__s42__01a0916d-74cc-72b2-aba8-02234513dc79/environment/vm_stat_before.txt,PRIVATE_INTERNAL,false,Preserved in the ignored local archive; not required for the public reproducibility chain.,false,true,true,REMOVE_FROM_PUBLIC
results/validation/20260911T170424780551Z__qwen-qwen3-0-6b__lora-qnone__ctx512__b1-ga1__r8__s42__01a0916d-74cc-72b2-aba8-02234513dc79/logs/stderr.log,PRIVATE_INTERNAL,false,Preserved in the ignored local archive; not required for the public reproducibility chain.,false,true,true,REMOVE_FROM_PUBLIC
results/validation/20260911T170424780551Z__qwen-qwen3-0-6b__lora-qnone__ctx512__b1-ga1__r8__s42__01a0916d-74cc-72b2-aba8-02234513dc79/logs/stdout.log,PRIVATE_INTERNAL,false,Preserved in the ignored local archive; not required for the public reproducibility chain.,false,true,true,REMOVE_FROM_PUBLIC
results/validation/20260911T170424780551Z__qwen-qwen3-0-6b__lora-qnone__ctx512__b1-ga1__r8__s42__01a0916d-74cc-72b2-aba8-02234513dc79/manifest.sha256,PRIVATE_INTERNAL,false,Preserved in the ignored local archive; not required for the public reproducibility chain.,false,true,true,REMOVE_FROM_PUBLIC
results/validation/20260911T170424780551Z__qwen-qwen3-0-6b__lora-qnone__ctx512__b1-ga1__r8__s42__01a0916d-74cc-72b2-aba8-02234513dc79/result.json,PRIVATE_INTERNAL,false,Preserved in the ignored local archive; not required for the public reproducibility chain.,false,true,true,REMOVE_FROM_PUBLIC
results/validation/20260911T170424780551Z__qwen-qwen3-0-6b__lora-qnone__ctx512__b1-ga1__r8__s42__01a0916d-74cc-72b2-aba8-02234513dc79/step_timings.jsonl,PRIVATE_INTERNAL,false,Preserved in the ignored local archive; not required for the public reproducibility chain.,false,true,true,REMOVE_FROM_PUBLIC
results/validation/20260911T170424780551Z__qwen-qwen3-0-6b__lora-qnone__ctx512__b1-ga1__r8__s42__01a0916d-74cc-72b2-aba8-02234513dc79/system_monitor.jsonl,PRIVATE_INTERNAL,false,Preserved in the ignored local archive; not required for the public reproducibility chain.,false,true,true,REMOVE_FROM_PUBLIC
results/validation/20260911T170424780551Z__qwen-qwen3-0-6b__lora-qnone__ctx512__b1-ga1__r8__s42__01a0916d-74cc-72b2-aba8-02234513dc79/training_metrics.json,PRIVATE_INTERNAL,false,Preserved in the ignored local archive; not required for the public reproducibility chain.,false,true,true,REMOVE_FROM_PUBLIC
results/validation/20260911T171005992152Z__qwen-qwen3-0-6b__lora-qnone__ctx512__b1-ga1__r8__s42__01a09172-a9a8-703b-8f31-5b1ed47791ce/command.txt,PRIVATE_INTERNAL,false,Preserved in the ignored local archive; not required for the public reproducibility chain.,false,true,true,REMOVE_FROM_PUBLIC
results/validation/20260911T171005992152Z__qwen-qwen3-0-6b__lora-qnone__ctx512__b1-ga1__r8__s42__01a09172-a9a8-703b-8f31-5b1ed47791ce/config.yaml,PRIVATE_INTERNAL,false,Preserved in the ignored local archive; not required for the public reproducibility chain.,false,true,true,REMOVE_FROM_PUBLIC
results/validation/20260911T171005992152Z__qwen-qwen3-0-6b__lora-qnone__ctx512__b1-ga1__r8__s42__01a09172-a9a8-703b-8f31-5b1ed47791ce/effective_config.json,PRIVATE_INTERNAL,false,Preserved in the ignored local archive; not required for the public reproducibility chain.,false,true,true,REMOVE_FROM_PUBLIC
results/validation/20260911T171005992152Z__qwen-qwen3-0-6b__lora-qnone__ctx512__b1-ga1__r8__s42__01a09172-a9a8-703b-8f31-5b1ed47791ce/environment/raw_environment.txt,PRIVATE_INTERNAL,false,Preserved in the ignored local archive; not required for the public reproducibility chain.,false,true,true,REMOVE_FROM_PUBLIC
results/validation/20260911T171005992152Z__qwen-qwen3-0-6b__lora-qnone__ctx512__b1-ga1__r8__s42__01a09172-a9a8-703b-8f31-5b1ed47791ce/environment/vm_stat_after.txt,PRIVATE_INTERNAL,false,Preserved in the ignored local archive; not required for the public reproducibility chain.,false,true,true,REMOVE_FROM_PUBLIC
results/validation/20260911T171005992152Z__qwen-qwen3-0-6b__lora-qnone__ctx512__b1-ga1__r8__s42__01a09172-a9a8-703b-8f31-5b1ed47791ce/environment/vm_stat_before.txt,PRIVATE_INTERNAL,false,Preserved in the ignored local archive; not required for the public reproducibility chain.,false,true,true,REMOVE_FROM_PUBLIC
results/validation/20260911T171005992152Z__qwen-qwen3-0-6b__lora-qnone__ctx512__b1-ga1__r8__s42__01a09172-a9a8-703b-8f31-5b1ed47791ce/logs/stderr.log,PRIVATE_INTERNAL,false,Preserved in the ignored local archive; not required for the public reproducibility chain.,false,true,true,REMOVE_FROM_PUBLIC
results/validation/20260911T171005992152Z__qwen-qwen3-0-6b__lora-qnone__ctx512__b1-ga1__r8__s42__01a09172-a9a8-703b-8f31-5b1ed47791ce/logs/stdout.log,PRIVATE_INTERNAL,false,Preserved in the ignored local archive; not required for the public reproducibility chain.,false,true,true,REMOVE_FROM_PUBLIC
results/validation/20260911T171005992152Z__qwen-qwen3-0-6b__lora-qnone__ctx512__b1-ga1__r8__s42__01a09172-a9a8-703b-8f31-5b1ed47791ce/manifest.sha256,PRIVATE_INTERNAL,false,Preserved in the ignored local archive; not required for the public reproducibility chain.,false,true,true,REMOVE_FROM_PUBLIC
results/validation/20260911T171005992152Z__qwen-qwen3-0-6b__lora-qnone__ctx512__b1-ga1__r8__s42__01a09172-a9a8-703b-8f31-5b1ed47791ce/result.json,PRIVATE_INTERNAL,false,Preserved in the ignored local archive; not required for the public reproducibility chain.,false,true,true,REMOVE_FROM_PUBLIC
results/validation/20260911T171005992152Z__qwen-qwen3-0-6b__lora-qnone__ctx512__b1-ga1__r8__s42__01a09172-a9a8-703b-8f31-5b1ed47791ce/system_monitor.jsonl,PRIVATE_INTERNAL,false,Preserved in the ignored local archive; not required for the public reproducibility chain.,false,true,true,REMOVE_FROM_PUBLIC
results/validation/20260911T171028481386Z__mlx-community-qwen3-0-6b-4bit__qlora-q4__ctx512__b1-ga1__r8__s42__01a09173-0181-77f5-b504-9e3a57eccc77/command.txt,PRIVATE_INTERNAL,false,Preserved in the ignored local archive; not required for the public reproducibility chain.,false,true,true,REMOVE_FROM_PUBLIC
results/validation/20260911T171028481386Z__mlx-community-qwen3-0-6b-4bit__qlora-q4__ctx512__b1-ga1__r8__s42__01a09173-0181-77f5-b504-9e3a57eccc77/config.yaml,PRIVATE_INTERNAL,false,Preserved in the ignored local archive; not required for the public reproducibility chain.,false,true,true,REMOVE_FROM_PUBLIC
results/validation/20260911T171028481386Z__mlx-community-qwen3-0-6b-4bit__qlora-q4__ctx512__b1-ga1__r8__s42__01a09173-0181-77f5-b504-9e3a57eccc77/effective_config.json,PRIVATE_INTERNAL,false,Preserved in the ignored local archive; not required for the public reproducibility chain.,false,true,true,REMOVE_FROM_PUBLIC
results/validation/20260911T171028481386Z__mlx-community-qwen3-0-6b-4bit__qlora-q4__ctx512__b1-ga1__r8__s42__01a09173-0181-77f5-b504-9e3a57eccc77/environment/raw_environment.txt,PRIVATE_INTERNAL,false,Preserved in the ignored local archive; not required for the public reproducibility chain.,false,true,true,REMOVE_FROM_PUBLIC
results/validation/20260911T171028481386Z__mlx-community-qwen3-0-6b-4bit__qlora-q4__ctx512__b1-ga1__r8__s42__01a09173-0181-77f5-b504-9e3a57eccc77/environment/vm_stat_after.txt,PRIVATE_INTERNAL,false,Preserved in the ignored local archive; not required for the public reproducibility chain.,false,true,true,REMOVE_FROM_PUBLIC
results/validation/20260911T171028481386Z__mlx-community-qwen3-0-6b-4bit__qlora-q4__ctx512__b1-ga1__r8__s42__01a09173-0181-77f5-b504-9e3a57eccc77/environment/vm_stat_before.txt,PRIVATE_INTERNAL,false,Preserved in the ignored local archive; not required for the public reproducibility chain.,false,true,true,REMOVE_FROM_PUBLIC
results/validation/20260911T171028481386Z__mlx-community-qwen3-0-6b-4bit__qlora-q4__ctx512__b1-ga1__r8__s42__01a09173-0181-77f5-b504-9e3a57eccc77/logs/stderr.log,PRIVATE_INTERNAL,false,Preserved in the ignored local archive; not required for the public reproducibility chain.,false,true,true,REMOVE_FROM_PUBLIC
results/validation/20260911T171028481386Z__mlx-community-qwen3-0-6b-4bit__qlora-q4__ctx512__b1-ga1__r8__s42__01a09173-0181-77f5-b504-9e3a57eccc77/logs/stdout.log,PRIVATE_INTERNAL,false,Preserved in the ignored local archive; not required for the public reproducibility chain.,false,true,true,REMOVE_FROM_PUBLIC
results/validation/20260911T171028481386Z__mlx-community-qwen3-0-6b-4bit__qlora-q4__ctx512__b1-ga1__r8__s42__01a09173-0181-77f5-b504-9e3a57eccc77/manifest.sha256,PRIVATE_INTERNAL,false,Preserved in the ignored local archive; not required for the public reproducibility chain.,false,true,true,REMOVE_FROM_PUBLIC
results/validation/20260911T171028481386Z__mlx-community-qwen3-0-6b-4bit__qlora-q4__ctx512__b1-ga1__r8__s42__01a09173-0181-77f5-b504-9e3a57eccc77/result.json,PRIVATE_INTERNAL,false,Preserved in the ignored local archive; not required for the public reproducibility chain.,false,true,true,REMOVE_FROM_PUBLIC
results/validation/20260911T171028481386Z__mlx-community-qwen3-0-6b-4bit__qlora-q4__ctx512__b1-ga1__r8__s42__01a09173-0181-77f5-b504-9e3a57eccc77/system_monitor.jsonl,PRIVATE_INTERNAL,false,Preserved in the ignored local archive; not required for the public reproducibility chain.,false,true,true,REMOVE_FROM_PUBLIC
results/validation/20260911T171141931947Z__qwen-qwen3-0-6b__lora-qnone__ctx512__b1-ga1__r8__s42__01a09174-206c-737d-a832-0732bb0dc697/command.txt,PRIVATE_INTERNAL,false,Preserved in the ignored local archive; not required for the public reproducibility chain.,false,true,true,REMOVE_FROM_PUBLIC
results/validation/20260911T171141931947Z__qwen-qwen3-0-6b__lora-qnone__ctx512__b1-ga1__r8__s42__01a09174-206c-737d-a832-0732bb0dc697/config.yaml,PRIVATE_INTERNAL,false,Preserved in the ignored local archive; not required for the public reproducibility chain.,false,true,true,REMOVE_FROM_PUBLIC
results/validation/20260911T171141931947Z__qwen-qwen3-0-6b__lora-qnone__ctx512__b1-ga1__r8__s42__01a09174-206c-737d-a832-0732bb0dc697/effective_config.json,PRIVATE_INTERNAL,false,Preserved in the ignored local archive; not required for the public reproducibility chain.,false,true,true,REMOVE_FROM_PUBLIC
results/validation/20260911T171141931947Z__qwen-qwen3-0-6b__lora-qnone__ctx512__b1-ga1__r8__s42__01a09174-206c-737d-a832-0732bb0dc697/environment/raw_environment.txt,PRIVATE_INTERNAL,false,Preserved in the ignored local archive; not required for the public reproducibility chain.,false,true,true,REMOVE_FROM_PUBLIC
results/validation/20260911T171141931947Z__qwen-qwen3-0-6b__lora-qnone__ctx512__b1-ga1__r8__s42__01a09174-206c-737d-a832-0732bb0dc697/environment/vm_stat_after.txt,PRIVATE_INTERNAL,false,Preserved in the ignored local archive; not required for the public reproducibility chain.,false,true,true,REMOVE_FROM_PUBLIC
results/validation/20260911T171141931947Z__qwen-qwen3-0-6b__lora-qnone__ctx512__b1-ga1__r8__s42__01a09174-206c-737d-a832-0732bb0dc697/environment/vm_stat_before.txt,PRIVATE_INTERNAL,false,Preserved in the ignored local archive; not required for the public reproducibility chain.,false,true,true,REMOVE_FROM_PUBLIC
results/validation/20260911T171141931947Z__qwen-qwen3-0-6b__lora-qnone__ctx512__b1-ga1__r8__s42__01a09174-206c-737d-a832-0732bb0dc697/logs/stderr.log,PRIVATE_INTERNAL,false,Preserved in the ignored local archive; not required for the public reproducibility chain.,false,true,true,REMOVE_FROM_PUBLIC
results/validation/20260911T171141931947Z__qwen-qwen3-0-6b__lora-qnone__ctx512__b1-ga1__r8__s42__01a09174-206c-737d-a832-0732bb0dc697/logs/stdout.log,PRIVATE_INTERNAL,false,Preserved in the ignored local archive; not required for the public reproducibility chain.,false,true,true,REMOVE_FROM_PUBLIC
results/validation/20260911T171141931947Z__qwen-qwen3-0-6b__lora-qnone__ctx512__b1-ga1__r8__s42__01a09174-206c-737d-a832-0732bb0dc697/manifest.sha256,PRIVATE_INTERNAL,false,Preserved in the ignored local archive; not required for the public reproducibility chain.,false,true,true,REMOVE_FROM_PUBLIC
results/validation/20260911T171141931947Z__qwen-qwen3-0-6b__lora-qnone__ctx512__b1-ga1__r8__s42__01a09174-206c-737d-a832-0732bb0dc697/result.json,PRIVATE_INTERNAL,false,Preserved in the ignored local archive; not required for the public reproducibility chain.,false,true,true,REMOVE_FROM_PUBLIC
results/validation/20260911T171141931947Z__qwen-qwen3-0-6b__lora-qnone__ctx512__b1-ga1__r8__s42__01a09174-206c-737d-a832-0732bb0dc697/step_timings.jsonl,PRIVATE_INTERNAL,false,Preserved in the ignored local archive; not required for the public reproducibility chain.,false,true,true,REMOVE_FROM_PUBLIC
results/validation/20260911T171141931947Z__qwen-qwen3-0-6b__lora-qnone__ctx512__b1-ga1__r8__s42__01a09174-206c-737d-a832-0732bb0dc697/system_monitor.jsonl,PRIVATE_INTERNAL,false,Preserved in the ignored local archive; not required for the public reproducibility chain.,false,true,true,REMOVE_FROM_PUBLIC
results/validation/20260911T171141931947Z__qwen-qwen3-0-6b__lora-qnone__ctx512__b1-ga1__r8__s42__01a09174-206c-737d-a832-0732bb0dc697/training_metrics.json,PRIVATE_INTERNAL,false,Preserved in the ignored local archive; not required for the public reproducibility chain.,false,true,true,REMOVE_FROM_PUBLIC
results/validation/20260911T171203625716Z__mlx-community-qwen3-0-6b-4bit__qlora-q4__ctx512__b1-ga1__r8__s42__01a09174-7529-7d19-9351-95493647f790/command.txt,PRIVATE_INTERNAL,false,Preserved in the ignored local archive; not required for the public reproducibility chain.,false,true,true,REMOVE_FROM_PUBLIC
results/validation/20260911T171203625716Z__mlx-community-qwen3-0-6b-4bit__qlora-q4__ctx512__b1-ga1__r8__s42__01a09174-7529-7d19-9351-95493647f790/config.yaml,PRIVATE_INTERNAL,false,Preserved in the ignored local archive; not required for the public reproducibility chain.,false,true,true,REMOVE_FROM_PUBLIC
results/validation/20260911T171203625716Z__mlx-community-qwen3-0-6b-4bit__qlora-q4__ctx512__b1-ga1__r8__s42__01a09174-7529-7d19-9351-95493647f790/effective_config.json,PRIVATE_INTERNAL,false,Preserved in the ignored local archive; not required for the public reproducibility chain.,false,true,true,REMOVE_FROM_PUBLIC
results/validation/20260911T171203625716Z__mlx-community-qwen3-0-6b-4bit__qlora-q4__ctx512__b1-ga1__r8__s42__01a09174-7529-7d19-9351-95493647f790/environment/raw_environment.txt,PRIVATE_INTERNAL,false,Preserved in the ignored local archive; not required for the public reproducibility chain.,false,true,true,REMOVE_FROM_PUBLIC
results/validation/20260911T171203625716Z__mlx-community-qwen3-0-6b-4bit__qlora-q4__ctx512__b1-ga1__r8__s42__01a09174-7529-7d19-9351-95493647f790/environment/vm_stat_after.txt,PRIVATE_INTERNAL,false,Preserved in the ignored local archive; not required for the public reproducibility chain.,false,true,true,REMOVE_FROM_PUBLIC
results/validation/20260911T171203625716Z__mlx-community-qwen3-0-6b-4bit__qlora-q4__ctx512__b1-ga1__r8__s42__01a09174-7529-7d19-9351-95493647f790/environment/vm_stat_before.txt,PRIVATE_INTERNAL,false,Preserved in the ignored local archive; not required for the public reproducibility chain.,false,true,true,REMOVE_FROM_PUBLIC
results/validation/20260911T171203625716Z__mlx-community-qwen3-0-6b-4bit__qlora-q4__ctx512__b1-ga1__r8__s42__01a09174-7529-7d19-9351-95493647f790/logs/stderr.log,PRIVATE_INTERNAL,false,Preserved in the ignored local archive; not required for the public reproducibility chain.,false,true,true,REMOVE_FROM_PUBLIC
results/validation/20260911T171203625716Z__mlx-community-qwen3-0-6b-4bit__qlora-q4__ctx512__b1-ga1__r8__s42__01a09174-7529-7d19-9351-95493647f790/logs/stdout.log,PRIVATE_INTERNAL,false,Preserved in the ignored local archive; not required for the public reproducibility chain.,false,true,true,REMOVE_FROM_PUBLIC
results/validation/20260911T171203625716Z__mlx-community-qwen3-0-6b-4bit__qlora-q4__ctx512__b1-ga1__r8__s42__01a09174-7529-7d19-9351-95493647f790/manifest.sha256,PRIVATE_INTERNAL,false,Preserved in the ignored local archive; not required for the public reproducibility chain.,false,true,true,REMOVE_FROM_PUBLIC
results/validation/20260911T171203625716Z__mlx-community-qwen3-0-6b-4bit__qlora-q4__ctx512__b1-ga1__r8__s42__01a09174-7529-7d19-9351-95493647f790/result.json,PRIVATE_INTERNAL,false,Preserved in the ignored local archive; not required for the public reproducibility chain.,false,true,true,REMOVE_FROM_PUBLIC
results/validation/20260911T171203625716Z__mlx-community-qwen3-0-6b-4bit__qlora-q4__ctx512__b1-ga1__r8__s42__01a09174-7529-7d19-9351-95493647f790/step_timings.jsonl,PRIVATE_INTERNAL,false,Preserved in the ignored local archive; not required for the public reproducibility chain.,false,true,true,REMOVE_FROM_PUBLIC
results/validation/20260911T171203625716Z__mlx-community-qwen3-0-6b-4bit__qlora-q4__ctx512__b1-ga1__r8__s42__01a09174-7529-7d19-9351-95493647f790/system_monitor.jsonl,PRIVATE_INTERNAL,false,Preserved in the ignored local archive; not required for the public reproducibility chain.,false,true,true,REMOVE_FROM_PUBLIC
results/validation/20260911T171203625716Z__mlx-community-qwen3-0-6b-4bit__qlora-q4__ctx512__b1-ga1__r8__s42__01a09174-7529-7d19-9351-95493647f790/training_metrics.json,PRIVATE_INTERNAL,false,Preserved in the ignored local archive; not required for the public reproducibility chain.,false,true,true,REMOVE_FROM_PUBLIC
results/validation/20260911T171329362527Z__qwen-qwen3-0-6b__lora-qnone__ctx512__b1-ga1__r8__s42__01a09175-c412-7c3d-804c-b81fd96d322b/command.txt,PRIVATE_INTERNAL,false,Preserved in the ignored local archive; not required for the public reproducibility chain.,false,true,true,REMOVE_FROM_PUBLIC
results/validation/20260911T171329362527Z__qwen-qwen3-0-6b__lora-qnone__ctx512__b1-ga1__r8__s42__01a09175-c412-7c3d-804c-b81fd96d322b/config.yaml,PRIVATE_INTERNAL,false,Preserved in the ignored local archive; not required for the public reproducibility chain.,false,true,true,REMOVE_FROM_PUBLIC
results/validation/20260911T171329362527Z__qwen-qwen3-0-6b__lora-qnone__ctx512__b1-ga1__r8__s42__01a09175-c412-7c3d-804c-b81fd96d322b/effective_config.json,PRIVATE_INTERNAL,false,Preserved in the ignored local archive; not required for the public reproducibility chain.,false,true,true,REMOVE_FROM_PUBLIC
results/validation/20260911T171329362527Z__qwen-qwen3-0-6b__lora-qnone__ctx512__b1-ga1__r8__s42__01a09175-c412-7c3d-804c-b81fd96d322b/environment/raw_environment.txt,PRIVATE_INTERNAL,false,Preserved in the ignored local archive; not required for the public reproducibility chain.,false,true,true,REMOVE_FROM_PUBLIC
results/validation/20260911T171329362527Z__qwen-qwen3-0-6b__lora-qnone__ctx512__b1-ga1__r8__s42__01a09175-c412-7c3d-804c-b81fd96d322b/environment/vm_stat_after.txt,PRIVATE_INTERNAL,false,Preserved in the ignored local archive; not required for the public reproducibility chain.,false,true,true,REMOVE_FROM_PUBLIC
results/validation/20260911T171329362527Z__qwen-qwen3-0-6b__lora-qnone__ctx512__b1-ga1__r8__s42__01a09175-c412-7c3d-804c-b81fd96d322b/environment/vm_stat_before.txt,PRIVATE_INTERNAL,false,Preserved in the ignored local archive; not required for the public reproducibility chain.,false,true,true,REMOVE_FROM_PUBLIC
results/validation/20260911T171329362527Z__qwen-qwen3-0-6b__lora-qnone__ctx512__b1-ga1__r8__s42__01a09175-c412-7c3d-804c-b81fd96d322b/logs/stderr.log,PRIVATE_INTERNAL,false,Preserved in the ignored local archive; not required for the public reproducibility chain.,false,true,true,REMOVE_FROM_PUBLIC
results/validation/20260911T171329362527Z__qwen-qwen3-0-6b__lora-qnone__ctx512__b1-ga1__r8__s42__01a09175-c412-7c3d-804c-b81fd96d322b/logs/stdout.log,PRIVATE_INTERNAL,false,Preserved in the ignored local archive; not required for the public reproducibility chain.,false,true,true,REMOVE_FROM_PUBLIC
results/validation/20260911T171329362527Z__qwen-qwen3-0-6b__lora-qnone__ctx512__b1-ga1__r8__s42__01a09175-c412-7c3d-804c-b81fd96d322b/manifest.sha256,PRIVATE_INTERNAL,false,Preserved in the ignored local archive; not required for the public reproducibility chain.,false,true,true,REMOVE_FROM_PUBLIC
results/validation/20260911T171329362527Z__qwen-qwen3-0-6b__lora-qnone__ctx512__b1-ga1__r8__s42__01a09175-c412-7c3d-804c-b81fd96d322b/result.json,PRIVATE_INTERNAL,false,Preserved in the ignored local archive; not required for the public reproducibility chain.,false,true,true,REMOVE_FROM_PUBLIC
results/validation/20260911T171329362527Z__qwen-qwen3-0-6b__lora-qnone__ctx512__b1-ga1__r8__s42__01a09175-c412-7c3d-804c-b81fd96d322b/step_timings.jsonl,PRIVATE_INTERNAL,false,Preserved in the ignored local archive; not required for the public reproducibility chain.,false,true,true,REMOVE_FROM_PUBLIC
results/validation/20260911T171329362527Z__qwen-qwen3-0-6b__lora-qnone__ctx512__b1-ga1__r8__s42__01a09175-c412-7c3d-804c-b81fd96d322b/system_monitor.jsonl,PRIVATE_INTERNAL,false,Preserved in the ignored local archive; not required for the public reproducibility chain.,false,true,true,REMOVE_FROM_PUBLIC
results/validation/20260911T171329362527Z__qwen-qwen3-0-6b__lora-qnone__ctx512__b1-ga1__r8__s42__01a09175-c412-7c3d-804c-b81fd96d322b/training_metrics.json,PRIVATE_INTERNAL,false,Preserved in the ignored local archive; not required for the public reproducibility chain.,false,true,true,REMOVE_FROM_PUBLIC
results/validation/20260911T171351114363Z__mlx-community-qwen3-0-6b-4bit__qlora-q4__ctx512__b1-ga1__r8__s42__01a09176-190a-7392-a619-67f00a5d3bf3/command.txt,PRIVATE_INTERNAL,false,Preserved in the ignored local archive; not required for the public reproducibility chain.,false,true,true,REMOVE_FROM_PUBLIC
results/validation/20260911T171351114363Z__mlx-community-qwen3-0-6b-4bit__qlora-q4__ctx512__b1-ga1__r8__s42__01a09176-190a-7392-a619-67f00a5d3bf3/config.yaml,PRIVATE_INTERNAL,false,Preserved in the ignored local archive; not required for the public reproducibility chain.,false,true,true,REMOVE_FROM_PUBLIC
results/validation/20260911T171351114363Z__mlx-community-qwen3-0-6b-4bit__qlora-q4__ctx512__b1-ga1__r8__s42__01a09176-190a-7392-a619-67f00a5d3bf3/effective_config.json,PRIVATE_INTERNAL,false,Preserved in the ignored local archive; not required for the public reproducibility chain.,false,true,true,REMOVE_FROM_PUBLIC
results/validation/20260911T171351114363Z__mlx-community-qwen3-0-6b-4bit__qlora-q4__ctx512__b1-ga1__r8__s42__01a09176-190a-7392-a619-67f00a5d3bf3/environment/raw_environment.txt,PRIVATE_INTERNAL,false,Preserved in the ignored local archive; not required for the public reproducibility chain.,false,true,true,REMOVE_FROM_PUBLIC
results/validation/20260911T171351114363Z__mlx-community-qwen3-0-6b-4bit__qlora-q4__ctx512__b1-ga1__r8__s42__01a09176-190a-7392-a619-67f00a5d3bf3/environment/vm_stat_after.txt,PRIVATE_INTERNAL,false,Preserved in the ignored local archive; not required for the public reproducibility chain.,false,true,true,REMOVE_FROM_PUBLIC
results/validation/20260911T171351114363Z__mlx-community-qwen3-0-6b-4bit__qlora-q4__ctx512__b1-ga1__r8__s42__01a09176-190a-7392-a619-67f00a5d3bf3/environment/vm_stat_before.txt,PRIVATE_INTERNAL,false,Preserved in the ignored local archive; not required for the public reproducibility chain.,false,true,true,REMOVE_FROM_PUBLIC
results/validation/20260911T171351114363Z__mlx-community-qwen3-0-6b-4bit__qlora-q4__ctx512__b1-ga1__r8__s42__01a09176-190a-7392-a619-67f00a5d3bf3/logs/stderr.log,PRIVATE_INTERNAL,false,Preserved in the ignored local archive; not required for the public reproducibility chain.,false,true,true,REMOVE_FROM_PUBLIC
results/validation/20260911T171351114363Z__mlx-community-qwen3-0-6b-4bit__qlora-q4__ctx512__b1-ga1__r8__s42__01a09176-190a-7392-a619-67f00a5d3bf3/logs/stdout.log,PRIVATE_INTERNAL,false,Preserved in the ignored local archive; not required for the public reproducibility chain.,false,true,true,REMOVE_FROM_PUBLIC
results/validation/20260911T171351114363Z__mlx-community-qwen3-0-6b-4bit__qlora-q4__ctx512__b1-ga1__r8__s42__01a09176-190a-7392-a619-67f00a5d3bf3/manifest.sha256,PRIVATE_INTERNAL,false,Preserved in the ignored local archive; not required for the public reproducibility chain.,false,true,true,REMOVE_FROM_PUBLIC
results/validation/20260911T171351114363Z__mlx-community-qwen3-0-6b-4bit__qlora-q4__ctx512__b1-ga1__r8__s42__01a09176-190a-7392-a619-67f00a5d3bf3/result.json,PRIVATE_INTERNAL,false,Preserved in the ignored local archive; not required for the public reproducibility chain.,false,true,true,REMOVE_FROM_PUBLIC
results/validation/20260911T171351114363Z__mlx-community-qwen3-0-6b-4bit__qlora-q4__ctx512__b1-ga1__r8__s42__01a09176-190a-7392-a619-67f00a5d3bf3/step_timings.jsonl,PRIVATE_INTERNAL,false,Preserved in the ignored local archive; not required for the public reproducibility chain.,false,true,true,REMOVE_FROM_PUBLIC
results/validation/20260911T171351114363Z__mlx-community-qwen3-0-6b-4bit__qlora-q4__ctx512__b1-ga1__r8__s42__01a09176-190a-7392-a619-67f00a5d3bf3/system_monitor.jsonl,PRIVATE_INTERNAL,false,Preserved in the ignored local archive; not required for the public reproducibility chain.,false,true,true,REMOVE_FROM_PUBLIC
results/validation/20260911T171351114363Z__mlx-community-qwen3-0-6b-4bit__qlora-q4__ctx512__b1-ga1__r8__s42__01a09176-190a-7392-a619-67f00a5d3bf3/training_metrics.json,PRIVATE_INTERNAL,false,Preserved in the ignored local archive; not required for the public reproducibility chain.,false,true,true,REMOVE_FROM_PUBLIC
results/validation/20260911T171500057408Z__qwen-qwen3-0-6b__lora-qnone__ctx512__b1-ga1__r8__s42__01a09177-2659-78fb-a3e7-47e6b9c37d6d/command.txt,PRIVATE_INTERNAL,false,Preserved in the ignored local archive; not required for the public reproducibility chain.,false,true,true,REMOVE_FROM_PUBLIC
results/validation/20260911T171500057408Z__qwen-qwen3-0-6b__lora-qnone__ctx512__b1-ga1__r8__s42__01a09177-2659-78fb-a3e7-47e6b9c37d6d/config.yaml,PRIVATE_INTERNAL,false,Preserved in the ignored local archive; not required for the public reproducibility chain.,false,true,true,REMOVE_FROM_PUBLIC
results/validation/20260911T171500057408Z__qwen-qwen3-0-6b__lora-qnone__ctx512__b1-ga1__r8__s42__01a09177-2659-78fb-a3e7-47e6b9c37d6d/effective_config.json,PRIVATE_INTERNAL,false,Preserved in the ignored local archive; not required for the public reproducibility chain.,false,true,true,REMOVE_FROM_PUBLIC
results/validation/20260911T171500057408Z__qwen-qwen3-0-6b__lora-qnone__ctx512__b1-ga1__r8__s42__01a09177-2659-78fb-a3e7-47e6b9c37d6d/environment/raw_environment.txt,PRIVATE_INTERNAL,false,Preserved in the ignored local archive; not required for the public reproducibility chain.,false,true,true,REMOVE_FROM_PUBLIC
results/validation/20260911T171500057408Z__qwen-qwen3-0-6b__lora-qnone__ctx512__b1-ga1__r8__s42__01a09177-2659-78fb-a3e7-47e6b9c37d6d/environment/vm_stat_after.txt,PRIVATE_INTERNAL,false,Preserved in the ignored local archive; not required for the public reproducibility chain.,false,true,true,REMOVE_FROM_PUBLIC
results/validation/20260911T171500057408Z__qwen-qwen3-0-6b__lora-qnone__ctx512__b1-ga1__r8__s42__01a09177-2659-78fb-a3e7-47e6b9c37d6d/environment/vm_stat_before.txt,PRIVATE_INTERNAL,false,Preserved in the ignored local archive; not required for the public reproducibility chain.,false,true,true,REMOVE_FROM_PUBLIC
results/validation/20260911T171500057408Z__qwen-qwen3-0-6b__lora-qnone__ctx512__b1-ga1__r8__s42__01a09177-2659-78fb-a3e7-47e6b9c37d6d/logs/stderr.log,PRIVATE_INTERNAL,false,Preserved in the ignored local archive; not required for the public reproducibility chain.,false,true,true,REMOVE_FROM_PUBLIC
results/validation/20260911T171500057408Z__qwen-qwen3-0-6b__lora-qnone__ctx512__b1-ga1__r8__s42__01a09177-2659-78fb-a3e7-47e6b9c37d6d/logs/stdout.log,PRIVATE_INTERNAL,false,Preserved in the ignored local archive; not required for the public reproducibility chain.,false,true,true,REMOVE_FROM_PUBLIC
results/validation/20260911T171500057408Z__qwen-qwen3-0-6b__lora-qnone__ctx512__b1-ga1__r8__s42__01a09177-2659-78fb-a3e7-47e6b9c37d6d/manifest.sha256,PRIVATE_INTERNAL,false,Preserved in the ignored local archive; not required for the public reproducibility chain.,false,true,true,REMOVE_FROM_PUBLIC
results/validation/20260911T171500057408Z__qwen-qwen3-0-6b__lora-qnone__ctx512__b1-ga1__r8__s42__01a09177-2659-78fb-a3e7-47e6b9c37d6d/result.json,PRIVATE_INTERNAL,false,Preserved in the ignored local archive; not required for the public reproducibility chain.,false,true,true,REMOVE_FROM_PUBLIC
results/validation/20260911T171500057408Z__qwen-qwen3-0-6b__lora-qnone__ctx512__b1-ga1__r8__s42__01a09177-2659-78fb-a3e7-47e6b9c37d6d/system_monitor.jsonl,PRIVATE_INTERNAL,false,Preserved in the ignored local archive; not required for the public reproducibility chain.,false,true,true,REMOVE_FROM_PUBLIC
results/validation/20260911T171522125447Z__mlx-community-qwen3-0-6b-4bit__qlora-q4__ctx512__b1-ga1__r8__s42__01a09177-7c8d-76da-91ec-545c15e6db12/command.txt,PRIVATE_INTERNAL,false,Preserved in the ignored local archive; not required for the public reproducibility chain.,false,true,true,REMOVE_FROM_PUBLIC
results/validation/20260911T171522125447Z__mlx-community-qwen3-0-6b-4bit__qlora-q4__ctx512__b1-ga1__r8__s42__01a09177-7c8d-76da-91ec-545c15e6db12/config.yaml,PRIVATE_INTERNAL,false,Preserved in the ignored local archive; not required for the public reproducibility chain.,false,true,true,REMOVE_FROM_PUBLIC
results/validation/20260911T171522125447Z__mlx-community-qwen3-0-6b-4bit__qlora-q4__ctx512__b1-ga1__r8__s42__01a09177-7c8d-76da-91ec-545c15e6db12/effective_config.json,PRIVATE_INTERNAL,false,Preserved in the ignored local archive; not required for the public reproducibility chain.,false,true,true,REMOVE_FROM_PUBLIC
results/validation/20260911T171522125447Z__mlx-community-qwen3-0-6b-4bit__qlora-q4__ctx512__b1-ga1__r8__s42__01a09177-7c8d-76da-91ec-545c15e6db12/environment/raw_environment.txt,PRIVATE_INTERNAL,false,Preserved in the ignored local archive; not required for the public reproducibility chain.,false,true,true,REMOVE_FROM_PUBLIC
results/validation/20260911T171522125447Z__mlx-community-qwen3-0-6b-4bit__qlora-q4__ctx512__b1-ga1__r8__s42__01a09177-7c8d-76da-91ec-545c15e6db12/environment/vm_stat_after.txt,PRIVATE_INTERNAL,false,Preserved in the ignored local archive; not required for the public reproducibility chain.,false,true,true,REMOVE_FROM_PUBLIC
results/validation/20260911T171522125447Z__mlx-community-qwen3-0-6b-4bit__qlora-q4__ctx512__b1-ga1__r8__s42__01a09177-7c8d-76da-91ec-545c15e6db12/environment/vm_stat_before.txt,PRIVATE_INTERNAL,false,Preserved in the ignored local archive; not required for the public reproducibility chain.,false,true,true,REMOVE_FROM_PUBLIC
results/validation/20260911T171522125447Z__mlx-community-qwen3-0-6b-4bit__qlora-q4__ctx512__b1-ga1__r8__s42__01a09177-7c8d-76da-91ec-545c15e6db12/logs/stderr.log,PRIVATE_INTERNAL,false,Preserved in the ignored local archive; not required for the public reproducibility chain.,false,true,true,REMOVE_FROM_PUBLIC
results/validation/20260911T171522125447Z__mlx-community-qwen3-0-6b-4bit__qlora-q4__ctx512__b1-ga1__r8__s42__01a09177-7c8d-76da-91ec-545c15e6db12/logs/stdout.log,PRIVATE_INTERNAL,false,Preserved in the ignored local archive; not required for the public reproducibility chain.,false,true,true,REMOVE_FROM_PUBLIC
results/validation/20260911T171522125447Z__mlx-community-qwen3-0-6b-4bit__qlora-q4__ctx512__b1-ga1__r8__s42__01a09177-7c8d-76da-91ec-545c15e6db12/manifest.sha256,PRIVATE_INTERNAL,false,Preserved in the ignored local archive; not required for the public reproducibility chain.,false,true,true,REMOVE_FROM_PUBLIC
results/validation/20260911T171522125447Z__mlx-community-qwen3-0-6b-4bit__qlora-q4__ctx512__b1-ga1__r8__s42__01a09177-7c8d-76da-91ec-545c15e6db12/result.json,PRIVATE_INTERNAL,false,Preserved in the ignored local archive; not required for the public reproducibility chain.,false,true,true,REMOVE_FROM_PUBLIC
results/validation/20260911T171522125447Z__mlx-community-qwen3-0-6b-4bit__qlora-q4__ctx512__b1-ga1__r8__s42__01a09177-7c8d-76da-91ec-545c15e6db12/system_monitor.jsonl,PRIVATE_INTERNAL,false,Preserved in the ignored local archive; not required for the public reproducibility chain.,false,true,true,REMOVE_FROM_PUBLIC
results/validation/20260911T171629797332Z__qwen-qwen3-0-6b__lora-qnone__ctx512__b1-ga1__r8__s42__01a09178-84e5-7d76-8e5c-0eb35508b8de/command.txt,PRIVATE_INTERNAL,false,Preserved in the ignored local archive; not required for the public reproducibility chain.,false,true,true,REMOVE_FROM_PUBLIC
results/validation/20260911T171629797332Z__qwen-qwen3-0-6b__lora-qnone__ctx512__b1-ga1__r8__s42__01a09178-84e5-7d76-8e5c-0eb35508b8de/config.yaml,PRIVATE_INTERNAL,false,Preserved in the ignored local archive; not required for the public reproducibility chain.,false,true,true,REMOVE_FROM_PUBLIC
results/validation/20260911T171629797332Z__qwen-qwen3-0-6b__lora-qnone__ctx512__b1-ga1__r8__s42__01a09178-84e5-7d76-8e5c-0eb35508b8de/effective_config.json,PRIVATE_INTERNAL,false,Preserved in the ignored local archive; not required for the public reproducibility chain.,false,true,true,REMOVE_FROM_PUBLIC
results/validation/20260911T171629797332Z__qwen-qwen3-0-6b__lora-qnone__ctx512__b1-ga1__r8__s42__01a09178-84e5-7d76-8e5c-0eb35508b8de/environment/raw_environment.txt,PRIVATE_INTERNAL,false,Preserved in the ignored local archive; not required for the public reproducibility chain.,false,true,true,REMOVE_FROM_PUBLIC
results/validation/20260911T171629797332Z__qwen-qwen3-0-6b__lora-qnone__ctx512__b1-ga1__r8__s42__01a09178-84e5-7d76-8e5c-0eb35508b8de/environment/vm_stat_after.txt,PRIVATE_INTERNAL,false,Preserved in the ignored local archive; not required for the public reproducibility chain.,false,true,true,REMOVE_FROM_PUBLIC
results/validation/20260911T171629797332Z__qwen-qwen3-0-6b__lora-qnone__ctx512__b1-ga1__r8__s42__01a09178-84e5-7d76-8e5c-0eb35508b8de/environment/vm_stat_before.txt,PRIVATE_INTERNAL,false,Preserved in the ignored local archive; not required for the public reproducibility chain.,false,true,true,REMOVE_FROM_PUBLIC
results/validation/20260911T171629797332Z__qwen-qwen3-0-6b__lora-qnone__ctx512__b1-ga1__r8__s42__01a09178-84e5-7d76-8e5c-0eb35508b8de/logs/stderr.log,PRIVATE_INTERNAL,false,Preserved in the ignored local archive; not required for the public reproducibility chain.,false,true,true,REMOVE_FROM_PUBLIC
results/validation/20260911T171629797332Z__qwen-qwen3-0-6b__lora-qnone__ctx512__b1-ga1__r8__s42__01a09178-84e5-7d76-8e5c-0eb35508b8de/logs/stdout.log,PRIVATE_INTERNAL,false,Preserved in the ignored local archive; not required for the public reproducibility chain.,false,true,true,REMOVE_FROM_PUBLIC
results/validation/20260911T171629797332Z__qwen-qwen3-0-6b__lora-qnone__ctx512__b1-ga1__r8__s42__01a09178-84e5-7d76-8e5c-0eb35508b8de/manifest.sha256,PRIVATE_INTERNAL,false,Preserved in the ignored local archive; not required for the public reproducibility chain.,false,true,true,REMOVE_FROM_PUBLIC
results/validation/20260911T171629797332Z__qwen-qwen3-0-6b__lora-qnone__ctx512__b1-ga1__r8__s42__01a09178-84e5-7d76-8e5c-0eb35508b8de/result.json,PRIVATE_INTERNAL,false,Preserved in the ignored local archive; not required for the public reproducibility chain.,false,true,true,REMOVE_FROM_PUBLIC
results/validation/20260911T171629797332Z__qwen-qwen3-0-6b__lora-qnone__ctx512__b1-ga1__r8__s42__01a09178-84e5-7d76-8e5c-0eb35508b8de/system_monitor.jsonl,PRIVATE_INTERNAL,false,Preserved in the ignored local archive; not required for the public reproducibility chain.,false,true,true,REMOVE_FROM_PUBLIC
results/validation/20260911T171651840385Z__mlx-community-qwen3-0-6b-4bit__qlora-q4__ctx512__b1-ga1__r8__s42__01a09178-db00-790e-89c3-2ac14299f6c0/command.txt,PRIVATE_INTERNAL,false,Preserved in the ignored local archive; not required for the public reproducibility chain.,false,true,true,REMOVE_FROM_PUBLIC
results/validation/20260911T171651840385Z__mlx-community-qwen3-0-6b-4bit__qlora-q4__ctx512__b1-ga1__r8__s42__01a09178-db00-790e-89c3-2ac14299f6c0/config.yaml,PRIVATE_INTERNAL,false,Preserved in the ignored local archive; not required for the public reproducibility chain.,false,true,true,REMOVE_FROM_PUBLIC
results/validation/20260911T171651840385Z__mlx-community-qwen3-0-6b-4bit__qlora-q4__ctx512__b1-ga1__r8__s42__01a09178-db00-790e-89c3-2ac14299f6c0/effective_config.json,PRIVATE_INTERNAL,false,Preserved in the ignored local archive; not required for the public reproducibility chain.,false,true,true,REMOVE_FROM_PUBLIC
results/validation/20260911T171651840385Z__mlx-community-qwen3-0-6b-4bit__qlora-q4__ctx512__b1-ga1__r8__s42__01a09178-db00-790e-89c3-2ac14299f6c0/environment/raw_environment.txt,PRIVATE_INTERNAL,false,Preserved in the ignored local archive; not required for the public reproducibility chain.,false,true,true,REMOVE_FROM_PUBLIC
results/validation/20260911T171651840385Z__mlx-community-qwen3-0-6b-4bit__qlora-q4__ctx512__b1-ga1__r8__s42__01a09178-db00-790e-89c3-2ac14299f6c0/environment/vm_stat_after.txt,PRIVATE_INTERNAL,false,Preserved in the ignored local archive; not required for the public reproducibility chain.,false,true,true,REMOVE_FROM_PUBLIC
results/validation/20260911T171651840385Z__mlx-community-qwen3-0-6b-4bit__qlora-q4__ctx512__b1-ga1__r8__s42__01a09178-db00-790e-89c3-2ac14299f6c0/environment/vm_stat_before.txt,PRIVATE_INTERNAL,false,Preserved in the ignored local archive; not required for the public reproducibility chain.,false,true,true,REMOVE_FROM_PUBLIC
results/validation/20260911T171651840385Z__mlx-community-qwen3-0-6b-4bit__qlora-q4__ctx512__b1-ga1__r8__s42__01a09178-db00-790e-89c3-2ac14299f6c0/logs/stderr.log,PRIVATE_INTERNAL,false,Preserved in the ignored local archive; not required for the public reproducibility chain.,false,true,true,REMOVE_FROM_PUBLIC
results/validation/20260911T171651840385Z__mlx-community-qwen3-0-6b-4bit__qlora-q4__ctx512__b1-ga1__r8__s42__01a09178-db00-790e-89c3-2ac14299f6c0/logs/stdout.log,PRIVATE_INTERNAL,false,Preserved in the ignored local archive; not required for the public reproducibility chain.,false,true,true,REMOVE_FROM_PUBLIC
results/validation/20260911T171651840385Z__mlx-community-qwen3-0-6b-4bit__qlora-q4__ctx512__b1-ga1__r8__s42__01a09178-db00-790e-89c3-2ac14299f6c0/manifest.sha256,PRIVATE_INTERNAL,false,Preserved in the ignored local archive; not required for the public reproducibility chain.,false,true,true,REMOVE_FROM_PUBLIC
results/validation/20260911T171651840385Z__mlx-community-qwen3-0-6b-4bit__qlora-q4__ctx512__b1-ga1__r8__s42__01a09178-db00-790e-89c3-2ac14299f6c0/result.json,PRIVATE_INTERNAL,false,Preserved in the ignored local archive; not required for the public reproducibility chain.,false,true,true,REMOVE_FROM_PUBLIC
results/validation/20260911T171651840385Z__mlx-community-qwen3-0-6b-4bit__qlora-q4__ctx512__b1-ga1__r8__s42__01a09178-db00-790e-89c3-2ac14299f6c0/system_monitor.jsonl,PRIVATE_INTERNAL,false,Preserved in the ignored local archive; not required for the public reproducibility chain.,false,true,true,REMOVE_FROM_PUBLIC
results/validation/20260911T171810819341Z__qwen-qwen3-0-6b__lora-qnone__ctx512__b1-ga1__r8__s42__01a0917a-0f83-76ef-89c7-9f7c31b0db30/command.txt,PRIVATE_INTERNAL,false,Preserved in the ignored local archive; not required for the public reproducibility chain.,false,true,true,REMOVE_FROM_PUBLIC
results/validation/20260911T171810819341Z__qwen-qwen3-0-6b__lora-qnone__ctx512__b1-ga1__r8__s42__01a0917a-0f83-76ef-89c7-9f7c31b0db30/config.yaml,PRIVATE_INTERNAL,false,Preserved in the ignored local archive; not required for the public reproducibility chain.,false,true,true,REMOVE_FROM_PUBLIC
results/validation/20260911T171810819341Z__qwen-qwen3-0-6b__lora-qnone__ctx512__b1-ga1__r8__s42__01a0917a-0f83-76ef-89c7-9f7c31b0db30/effective_config.json,PRIVATE_INTERNAL,false,Preserved in the ignored local archive; not required for the public reproducibility chain.,false,true,true,REMOVE_FROM_PUBLIC
results/validation/20260911T171810819341Z__qwen-qwen3-0-6b__lora-qnone__ctx512__b1-ga1__r8__s42__01a0917a-0f83-76ef-89c7-9f7c31b0db30/environment/raw_environment.txt,PRIVATE_INTERNAL,false,Preserved in the ignored local archive; not required for the public reproducibility chain.,false,true,true,REMOVE_FROM_PUBLIC
results/validation/20260911T171810819341Z__qwen-qwen3-0-6b__lora-qnone__ctx512__b1-ga1__r8__s42__01a0917a-0f83-76ef-89c7-9f7c31b0db30/environment/vm_stat_after.txt,PRIVATE_INTERNAL,false,Preserved in the ignored local archive; not required for the public reproducibility chain.,false,true,true,REMOVE_FROM_PUBLIC
results/validation/20260911T171810819341Z__qwen-qwen3-0-6b__lora-qnone__ctx512__b1-ga1__r8__s42__01a0917a-0f83-76ef-89c7-9f7c31b0db30/environment/vm_stat_before.txt,PRIVATE_INTERNAL,false,Preserved in the ignored local archive; not required for the public reproducibility chain.,false,true,true,REMOVE_FROM_PUBLIC
results/validation/20260911T171810819341Z__qwen-qwen3-0-6b__lora-qnone__ctx512__b1-ga1__r8__s42__01a0917a-0f83-76ef-89c7-9f7c31b0db30/logs/stderr.log,PRIVATE_INTERNAL,false,Preserved in the ignored local archive; not required for the public reproducibility chain.,false,true,true,REMOVE_FROM_PUBLIC
results/validation/20260911T171810819341Z__qwen-qwen3-0-6b__lora-qnone__ctx512__b1-ga1__r8__s42__01a0917a-0f83-76ef-89c7-9f7c31b0db30/logs/stdout.log,PRIVATE_INTERNAL,false,Preserved in the ignored local archive; not required for the public reproducibility chain.,false,true,true,REMOVE_FROM_PUBLIC
results/validation/20260911T171810819341Z__qwen-qwen3-0-6b__lora-qnone__ctx512__b1-ga1__r8__s42__01a0917a-0f83-76ef-89c7-9f7c31b0db30/manifest.sha256,PRIVATE_INTERNAL,false,Preserved in the ignored local archive; not required for the public reproducibility chain.,false,true,true,REMOVE_FROM_PUBLIC
results/validation/20260911T171810819341Z__qwen-qwen3-0-6b__lora-qnone__ctx512__b1-ga1__r8__s42__01a0917a-0f83-76ef-89c7-9f7c31b0db30/result.json,PRIVATE_INTERNAL,false,Preserved in the ignored local archive; not required for the public reproducibility chain.,false,true,true,REMOVE_FROM_PUBLIC
results/validation/20260911T171810819341Z__qwen-qwen3-0-6b__lora-qnone__ctx512__b1-ga1__r8__s42__01a0917a-0f83-76ef-89c7-9f7c31b0db30/step_timings.jsonl,PRIVATE_INTERNAL,false,Preserved in the ignored local archive; not required for the public reproducibility chain.,false,true,true,REMOVE_FROM_PUBLIC
results/validation/20260911T171810819341Z__qwen-qwen3-0-6b__lora-qnone__ctx512__b1-ga1__r8__s42__01a0917a-0f83-76ef-89c7-9f7c31b0db30/system_monitor.jsonl,PRIVATE_INTERNAL,false,Preserved in the ignored local archive; not required for the public reproducibility chain.,false,true,true,REMOVE_FROM_PUBLIC
results/validation/20260911T171810819341Z__qwen-qwen3-0-6b__lora-qnone__ctx512__b1-ga1__r8__s42__01a0917a-0f83-76ef-89c7-9f7c31b0db30/training_metrics.json,PRIVATE_INTERNAL,false,Preserved in the ignored local archive; not required for the public reproducibility chain.,false,true,true,REMOVE_FROM_PUBLIC
results/validation/20260911T171832868578Z__mlx-community-qwen3-0-6b-4bit__qlora-q4__ctx512__b1-ga1__r8__s42__01a0917a-65a4-70f7-bab1-00431cacfebd/command.txt,PRIVATE_INTERNAL,false,Preserved in the ignored local archive; not required for the public reproducibility chain.,false,true,true,REMOVE_FROM_PUBLIC
results/validation/20260911T171832868578Z__mlx-community-qwen3-0-6b-4bit__qlora-q4__ctx512__b1-ga1__r8__s42__01a0917a-65a4-70f7-bab1-00431cacfebd/config.yaml,PRIVATE_INTERNAL,false,Preserved in the ignored local archive; not required for the public reproducibility chain.,false,true,true,REMOVE_FROM_PUBLIC
results/validation/20260911T171832868578Z__mlx-community-qwen3-0-6b-4bit__qlora-q4__ctx512__b1-ga1__r8__s42__01a0917a-65a4-70f7-bab1-00431cacfebd/effective_config.json,PRIVATE_INTERNAL,false,Preserved in the ignored local archive; not required for the public reproducibility chain.,false,true,true,REMOVE_FROM_PUBLIC
results/validation/20260911T171832868578Z__mlx-community-qwen3-0-6b-4bit__qlora-q4__ctx512__b1-ga1__r8__s42__01a0917a-65a4-70f7-bab1-00431cacfebd/environment/raw_environment.txt,PRIVATE_INTERNAL,false,Preserved in the ignored local archive; not required for the public reproducibility chain.,false,true,true,REMOVE_FROM_PUBLIC
results/validation/20260911T171832868578Z__mlx-community-qwen3-0-6b-4bit__qlora-q4__ctx512__b1-ga1__r8__s42__01a0917a-65a4-70f7-bab1-00431cacfebd/environment/vm_stat_after.txt,PRIVATE_INTERNAL,false,Preserved in the ignored local archive; not required for the public reproducibility chain.,false,true,true,REMOVE_FROM_PUBLIC
results/validation/20260911T171832868578Z__mlx-community-qwen3-0-6b-4bit__qlora-q4__ctx512__b1-ga1__r8__s42__01a0917a-65a4-70f7-bab1-00431cacfebd/environment/vm_stat_before.txt,PRIVATE_INTERNAL,false,Preserved in the ignored local archive; not required for the public reproducibility chain.,false,true,true,REMOVE_FROM_PUBLIC
results/validation/20260911T171832868578Z__mlx-community-qwen3-0-6b-4bit__qlora-q4__ctx512__b1-ga1__r8__s42__01a0917a-65a4-70f7-bab1-00431cacfebd/logs/stderr.log,PRIVATE_INTERNAL,false,Preserved in the ignored local archive; not required for the public reproducibility chain.,false,true,true,REMOVE_FROM_PUBLIC
results/validation/20260911T171832868578Z__mlx-community-qwen3-0-6b-4bit__qlora-q4__ctx512__b1-ga1__r8__s42__01a0917a-65a4-70f7-bab1-00431cacfebd/logs/stdout.log,PRIVATE_INTERNAL,false,Preserved in the ignored local archive; not required for the public reproducibility chain.,false,true,true,REMOVE_FROM_PUBLIC
results/validation/20260911T171832868578Z__mlx-community-qwen3-0-6b-4bit__qlora-q4__ctx512__b1-ga1__r8__s42__01a0917a-65a4-70f7-bab1-00431cacfebd/manifest.sha256,PRIVATE_INTERNAL,false,Preserved in the ignored local archive; not required for the public reproducibility chain.,false,true,true,REMOVE_FROM_PUBLIC
results/validation/20260911T171832868578Z__mlx-community-qwen3-0-6b-4bit__qlora-q4__ctx512__b1-ga1__r8__s42__01a0917a-65a4-70f7-bab1-00431cacfebd/result.json,PRIVATE_INTERNAL,false,Preserved in the ignored local archive; not required for the public reproducibility chain.,false,true,true,REMOVE_FROM_PUBLIC
results/validation/20260911T171832868578Z__mlx-community-qwen3-0-6b-4bit__qlora-q4__ctx512__b1-ga1__r8__s42__01a0917a-65a4-70f7-bab1-00431cacfebd/step_timings.jsonl,PRIVATE_INTERNAL,false,Preserved in the ignored local archive; not required for the public reproducibility chain.,false,true,true,REMOVE_FROM_PUBLIC
results/validation/20260911T171832868578Z__mlx-community-qwen3-0-6b-4bit__qlora-q4__ctx512__b1-ga1__r8__s42__01a0917a-65a4-70f7-bab1-00431cacfebd/system_monitor.jsonl,PRIVATE_INTERNAL,false,Preserved in the ignored local archive; not required for the public reproducibility chain.,false,true,true,REMOVE_FROM_PUBLIC
results/validation/20260911T171832868578Z__mlx-community-qwen3-0-6b-4bit__qlora-q4__ctx512__b1-ga1__r8__s42__01a0917a-65a4-70f7-bab1-00431cacfebd/training_metrics.json,PRIVATE_INTERNAL,false,Preserved in the ignored local archive; not required for the public reproducibility chain.,false,true,true,REMOVE_FROM_PUBLIC
results/validation/20260915T140420436097Z__mlx-community-qwen3-4b-4bit__qlora-q4__ctx512__b2-ga1__r8__s42__01a0a562-0854-70cf-b697-08247a6eb837/command.txt,PRIVATE_INTERNAL,false,Preserved in the ignored local archive; not required for the public reproducibility chain.,false,true,true,REMOVE_FROM_PUBLIC
results/validation/20260915T140420436097Z__mlx-community-qwen3-4b-4bit__qlora-q4__ctx512__b2-ga1__r8__s42__01a0a562-0854-70cf-b697-08247a6eb837/config.yaml,PRIVATE_INTERNAL,false,Preserved in the ignored local archive; not required for the public reproducibility chain.,false,true,true,REMOVE_FROM_PUBLIC
results/validation/20260915T140420436097Z__mlx-community-qwen3-4b-4bit__qlora-q4__ctx512__b2-ga1__r8__s42__01a0a562-0854-70cf-b697-08247a6eb837/effective_config.json,PRIVATE_INTERNAL,false,Preserved in the ignored local archive; not required for the public reproducibility chain.,false,true,true,REMOVE_FROM_PUBLIC
results/validation/20260915T140420436097Z__mlx-community-qwen3-4b-4bit__qlora-q4__ctx512__b2-ga1__r8__s42__01a0a562-0854-70cf-b697-08247a6eb837/environment/raw_environment.txt,PRIVATE_INTERNAL,false,Preserved in the ignored local archive; not required for the public reproducibility chain.,false,true,true,REMOVE_FROM_PUBLIC
results/validation/20260915T140420436097Z__mlx-community-qwen3-4b-4bit__qlora-q4__ctx512__b2-ga1__r8__s42__01a0a562-0854-70cf-b697-08247a6eb837/environment/vm_stat_after.txt,PRIVATE_INTERNAL,false,Preserved in the ignored local archive; not required for the public reproducibility chain.,false,true,true,REMOVE_FROM_PUBLIC
results/validation/20260915T140420436097Z__mlx-community-qwen3-4b-4bit__qlora-q4__ctx512__b2-ga1__r8__s42__01a0a562-0854-70cf-b697-08247a6eb837/environment/vm_stat_before.txt,PRIVATE_INTERNAL,false,Preserved in the ignored local archive; not required for the public reproducibility chain.,false,true,true,REMOVE_FROM_PUBLIC
results/validation/20260915T140420436097Z__mlx-community-qwen3-4b-4bit__qlora-q4__ctx512__b2-ga1__r8__s42__01a0a562-0854-70cf-b697-08247a6eb837/logs/stderr.log,PRIVATE_INTERNAL,false,Preserved in the ignored local archive; not required for the public reproducibility chain.,false,true,true,REMOVE_FROM_PUBLIC
results/validation/20260915T140420436097Z__mlx-community-qwen3-4b-4bit__qlora-q4__ctx512__b2-ga1__r8__s42__01a0a562-0854-70cf-b697-08247a6eb837/logs/stdout.log,PRIVATE_INTERNAL,false,Preserved in the ignored local archive; not required for the public reproducibility chain.,false,true,true,REMOVE_FROM_PUBLIC
results/validation/20260915T140420436097Z__mlx-community-qwen3-4b-4bit__qlora-q4__ctx512__b2-ga1__r8__s42__01a0a562-0854-70cf-b697-08247a6eb837/manifest.sha256,PRIVATE_INTERNAL,false,Preserved in the ignored local archive; not required for the public reproducibility chain.,false,true,true,REMOVE_FROM_PUBLIC
results/validation/20260915T140420436097Z__mlx-community-qwen3-4b-4bit__qlora-q4__ctx512__b2-ga1__r8__s42__01a0a562-0854-70cf-b697-08247a6eb837/result.json,PRIVATE_INTERNAL,false,Preserved in the ignored local archive; not required for the public reproducibility chain.,false,true,true,REMOVE_FROM_PUBLIC
results/validation/20260915T140420436097Z__mlx-community-qwen3-4b-4bit__qlora-q4__ctx512__b2-ga1__r8__s42__01a0a562-0854-70cf-b697-08247a6eb837/step_timings.jsonl,PRIVATE_INTERNAL,false,Preserved in the ignored local archive; not required for the public reproducibility chain.,false,true,true,REMOVE_FROM_PUBLIC
results/validation/20260915T140420436097Z__mlx-community-qwen3-4b-4bit__qlora-q4__ctx512__b2-ga1__r8__s42__01a0a562-0854-70cf-b697-08247a6eb837/system_monitor.jsonl,PRIVATE_INTERNAL,false,Preserved in the ignored local archive; not required for the public reproducibility chain.,false,true,true,REMOVE_FROM_PUBLIC
results/validation/20260915T140420436097Z__mlx-community-qwen3-4b-4bit__qlora-q4__ctx512__b2-ga1__r8__s42__01a0a562-0854-70cf-b697-08247a6eb837/training_metrics.json,PRIVATE_INTERNAL,false,Preserved in the ignored local archive; not required for the public reproducibility chain.,false,true,true,REMOVE_FROM_PUBLIC
results/validation/20260915T141019143376Z__mlx-community-qwen3-4b-4bit__qlora-q4__ctx512__b1-ga1__r8__s42__01a0a567-8187-78a2-96f0-6766dcda89a8/command.txt,PRIVATE_INTERNAL,false,Preserved in the ignored local archive; not required for the public reproducibility chain.,false,true,true,REMOVE_FROM_PUBLIC
results/validation/20260915T141019143376Z__mlx-community-qwen3-4b-4bit__qlora-q4__ctx512__b1-ga1__r8__s42__01a0a567-8187-78a2-96f0-6766dcda89a8/config.yaml,PRIVATE_INTERNAL,false,Preserved in the ignored local archive; not required for the public reproducibility chain.,false,true,true,REMOVE_FROM_PUBLIC
results/validation/20260915T141019143376Z__mlx-community-qwen3-4b-4bit__qlora-q4__ctx512__b1-ga1__r8__s42__01a0a567-8187-78a2-96f0-6766dcda89a8/effective_config.json,PRIVATE_INTERNAL,false,Preserved in the ignored local archive; not required for the public reproducibility chain.,false,true,true,REMOVE_FROM_PUBLIC
results/validation/20260915T141019143376Z__mlx-community-qwen3-4b-4bit__qlora-q4__ctx512__b1-ga1__r8__s42__01a0a567-8187-78a2-96f0-6766dcda89a8/environment/raw_environment.txt,PRIVATE_INTERNAL,false,Preserved in the ignored local archive; not required for the public reproducibility chain.,false,true,true,REMOVE_FROM_PUBLIC
results/validation/20260915T141019143376Z__mlx-community-qwen3-4b-4bit__qlora-q4__ctx512__b1-ga1__r8__s42__01a0a567-8187-78a2-96f0-6766dcda89a8/environment/vm_stat_after.txt,PRIVATE_INTERNAL,false,Preserved in the ignored local archive; not required for the public reproducibility chain.,false,true,true,REMOVE_FROM_PUBLIC
results/validation/20260915T141019143376Z__mlx-community-qwen3-4b-4bit__qlora-q4__ctx512__b1-ga1__r8__s42__01a0a567-8187-78a2-96f0-6766dcda89a8/environment/vm_stat_before.txt,PRIVATE_INTERNAL,false,Preserved in the ignored local archive; not required for the public reproducibility chain.,false,true,true,REMOVE_FROM_PUBLIC
results/validation/20260915T141019143376Z__mlx-community-qwen3-4b-4bit__qlora-q4__ctx512__b1-ga1__r8__s42__01a0a567-8187-78a2-96f0-6766dcda89a8/logs/stderr.log,PRIVATE_INTERNAL,false,Preserved in the ignored local archive; not required for the public reproducibility chain.,false,true,true,REMOVE_FROM_PUBLIC
results/validation/20260915T141019143376Z__mlx-community-qwen3-4b-4bit__qlora-q4__ctx512__b1-ga1__r8__s42__01a0a567-8187-78a2-96f0-6766dcda89a8/logs/stdout.log,PRIVATE_INTERNAL,false,Preserved in the ignored local archive; not required for the public reproducibility chain.,false,true,true,REMOVE_FROM_PUBLIC
results/validation/20260915T141019143376Z__mlx-community-qwen3-4b-4bit__qlora-q4__ctx512__b1-ga1__r8__s42__01a0a567-8187-78a2-96f0-6766dcda89a8/manifest.sha256,PRIVATE_INTERNAL,false,Preserved in the ignored local archive; not required for the public reproducibility chain.,false,true,true,REMOVE_FROM_PUBLIC
results/validation/20260915T141019143376Z__mlx-community-qwen3-4b-4bit__qlora-q4__ctx512__b1-ga1__r8__s42__01a0a567-8187-78a2-96f0-6766dcda89a8/result.json,PRIVATE_INTERNAL,false,Preserved in the ignored local archive; not required for the public reproducibility chain.,false,true,true,REMOVE_FROM_PUBLIC
results/validation/20260915T141019143376Z__mlx-community-qwen3-4b-4bit__qlora-q4__ctx512__b1-ga1__r8__s42__01a0a567-8187-78a2-96f0-6766dcda89a8/step_timings.jsonl,PRIVATE_INTERNAL,false,Preserved in the ignored local archive; not required for the public reproducibility chain.,false,true,true,REMOVE_FROM_PUBLIC
results/validation/20260915T141019143376Z__mlx-community-qwen3-4b-4bit__qlora-q4__ctx512__b1-ga1__r8__s42__01a0a567-8187-78a2-96f0-6766dcda89a8/system_monitor.jsonl,PRIVATE_INTERNAL,false,Preserved in the ignored local archive; not required for the public reproducibility chain.,false,true,true,REMOVE_FROM_PUBLIC
results/validation/20260915T141019143376Z__mlx-community-qwen3-4b-4bit__qlora-q4__ctx512__b1-ga1__r8__s42__01a0a567-8187-78a2-96f0-6766dcda89a8/training_metrics.json,PRIVATE_INTERNAL,false,Preserved in the ignored local archive; not required for the public reproducibility chain.,false,true,true,REMOVE_FROM_PUBLIC
results/validation/20260915T141427634788Z__mlx-community-qwen3-4b-4bit__qlora-q4__ctx512__b2-ga1__r8__s42__01a0a56b-4c34-74b6-b483-023b48c51eaf/command.txt,PRIVATE_INTERNAL,false,Preserved in the ignored local archive; not required for the public reproducibility chain.,false,true,true,REMOVE_FROM_PUBLIC
results/validation/20260915T141427634788Z__mlx-community-qwen3-4b-4bit__qlora-q4__ctx512__b2-ga1__r8__s42__01a0a56b-4c34-74b6-b483-023b48c51eaf/config.yaml,PRIVATE_INTERNAL,false,Preserved in the ignored local archive; not required for the public reproducibility chain.,false,true,true,REMOVE_FROM_PUBLIC
results/validation/20260915T141427634788Z__mlx-community-qwen3-4b-4bit__qlora-q4__ctx512__b2-ga1__r8__s42__01a0a56b-4c34-74b6-b483-023b48c51eaf/effective_config.json,PRIVATE_INTERNAL,false,Preserved in the ignored local archive; not required for the public reproducibility chain.,false,true,true,REMOVE_FROM_PUBLIC
results/validation/20260915T141427634788Z__mlx-community-qwen3-4b-4bit__qlora-q4__ctx512__b2-ga1__r8__s42__01a0a56b-4c34-74b6-b483-023b48c51eaf/environment/raw_environment.txt,PRIVATE_INTERNAL,false,Preserved in the ignored local archive; not required for the public reproducibility chain.,false,true,true,REMOVE_FROM_PUBLIC
results/validation/20260915T141427634788Z__mlx-community-qwen3-4b-4bit__qlora-q4__ctx512__b2-ga1__r8__s42__01a0a56b-4c34-74b6-b483-023b48c51eaf/environment/vm_stat_after.txt,PRIVATE_INTERNAL,false,Preserved in the ignored local archive; not required for the public reproducibility chain.,false,true,true,REMOVE_FROM_PUBLIC
results/validation/20260915T141427634788Z__mlx-community-qwen3-4b-4bit__qlora-q4__ctx512__b2-ga1__r8__s42__01a0a56b-4c34-74b6-b483-023b48c51eaf/environment/vm_stat_before.txt,PRIVATE_INTERNAL,false,Preserved in the ignored local archive; not required for the public reproducibility chain.,false,true,true,REMOVE_FROM_PUBLIC
results/validation/20260915T141427634788Z__mlx-community-qwen3-4b-4bit__qlora-q4__ctx512__b2-ga1__r8__s42__01a0a56b-4c34-74b6-b483-023b48c51eaf/logs/stderr.log,PRIVATE_INTERNAL,false,Preserved in the ignored local archive; not required for the public reproducibility chain.,false,true,true,REMOVE_FROM_PUBLIC
results/validation/20260915T141427634788Z__mlx-community-qwen3-4b-4bit__qlora-q4__ctx512__b2-ga1__r8__s42__01a0a56b-4c34-74b6-b483-023b48c51eaf/logs/stdout.log,PRIVATE_INTERNAL,false,Preserved in the ignored local archive; not required for the public reproducibility chain.,false,true,true,REMOVE_FROM_PUBLIC
results/validation/20260915T141427634788Z__mlx-community-qwen3-4b-4bit__qlora-q4__ctx512__b2-ga1__r8__s42__01a0a56b-4c34-74b6-b483-023b48c51eaf/manifest.sha256,PRIVATE_INTERNAL,false,Preserved in the ignored local archive; not required for the public reproducibility chain.,false,true,true,REMOVE_FROM_PUBLIC
results/validation/20260915T141427634788Z__mlx-community-qwen3-4b-4bit__qlora-q4__ctx512__b2-ga1__r8__s42__01a0a56b-4c34-74b6-b483-023b48c51eaf/result.json,PRIVATE_INTERNAL,false,Preserved in the ignored local archive; not required for the public reproducibility chain.,false,true,true,REMOVE_FROM_PUBLIC
results/validation/20260915T141427634788Z__mlx-community-qwen3-4b-4bit__qlora-q4__ctx512__b2-ga1__r8__s42__01a0a56b-4c34-74b6-b483-023b48c51eaf/step_timings.jsonl,PRIVATE_INTERNAL,false,Preserved in the ignored local archive; not required for the public reproducibility chain.,false,true,true,REMOVE_FROM_PUBLIC
results/validation/20260915T141427634788Z__mlx-community-qwen3-4b-4bit__qlora-q4__ctx512__b2-ga1__r8__s42__01a0a56b-4c34-74b6-b483-023b48c51eaf/system_monitor.jsonl,PRIVATE_INTERNAL,false,Preserved in the ignored local archive; not required for the public reproducibility chain.,false,true,true,REMOVE_FROM_PUBLIC
results/validation/20260915T141427634788Z__mlx-community-qwen3-4b-4bit__qlora-q4__ctx512__b2-ga1__r8__s42__01a0a56b-4c34-74b6-b483-023b48c51eaf/training_metrics.json,PRIVATE_INTERNAL,false,Preserved in the ignored local archive; not required for the public reproducibility chain.,false,true,true,REMOVE_FROM_PUBLIC
results/validation/measurements-20260911/report.json,PRIVATE_INTERNAL,false,Preserved in the ignored local archive; not required for the public reproducibility chain.,false,true,true,REMOVE_FROM_PUBLIC
results/validation/supervisor-v0/20260901T071145593019Z__supervisor-v0-no-model__lora-qnone__ctx128__b1-ga1__r4__s42__01a05bcf-45b9-74f0-8da9-1dbf08488203/command.txt,PRIVATE_INTERNAL,false,Preserved in the ignored local archive; not required for the public reproducibility chain.,false,true,true,REMOVE_FROM_PUBLIC
results/validation/supervisor-v0/20260901T071145593019Z__supervisor-v0-no-model__lora-qnone__ctx128__b1-ga1__r4__s42__01a05bcf-45b9-74f0-8da9-1dbf08488203/config.yaml,PRIVATE_INTERNAL,false,Preserved in the ignored local archive; not required for the public reproducibility chain.,false,true,true,REMOVE_FROM_PUBLIC
results/validation/supervisor-v0/20260901T071145593019Z__supervisor-v0-no-model__lora-qnone__ctx128__b1-ga1__r4__s42__01a05bcf-45b9-74f0-8da9-1dbf08488203/effective_config.json,PRIVATE_INTERNAL,false,Preserved in the ignored local archive; not required for the public reproducibility chain.,false,true,true,REMOVE_FROM_PUBLIC
results/validation/supervisor-v0/20260901T071145593019Z__supervisor-v0-no-model__lora-qnone__ctx128__b1-ga1__r4__s42__01a05bcf-45b9-74f0-8da9-1dbf08488203/environment/raw_environment.txt,PRIVATE_INTERNAL,false,Preserved in the ignored local archive; not required for the public reproducibility chain.,false,true,true,REMOVE_FROM_PUBLIC
results/validation/supervisor-v0/20260901T071145593019Z__supervisor-v0-no-model__lora-qnone__ctx128__b1-ga1__r4__s42__01a05bcf-45b9-74f0-8da9-1dbf08488203/environment/vm_stat_after.txt,PRIVATE_INTERNAL,false,Preserved in the ignored local archive; not required for the public reproducibility chain.,false,true,true,REMOVE_FROM_PUBLIC
results/validation/supervisor-v0/20260901T071145593019Z__supervisor-v0-no-model__lora-qnone__ctx128__b1-ga1__r4__s42__01a05bcf-45b9-74f0-8da9-1dbf08488203/environment/vm_stat_before.txt,PRIVATE_INTERNAL,false,Preserved in the ignored local archive; not required for the public reproducibility chain.,false,true,true,REMOVE_FROM_PUBLIC
results/validation/supervisor-v0/20260901T071145593019Z__supervisor-v0-no-model__lora-qnone__ctx128__b1-ga1__r4__s42__01a05bcf-45b9-74f0-8da9-1dbf08488203/logs/stderr.log,PRIVATE_INTERNAL,false,Preserved in the ignored local archive; not required for the public reproducibility chain.,false,true,true,REMOVE_FROM_PUBLIC
results/validation/supervisor-v0/20260901T071145593019Z__supervisor-v0-no-model__lora-qnone__ctx128__b1-ga1__r4__s42__01a05bcf-45b9-74f0-8da9-1dbf08488203/logs/stdout.log,PRIVATE_INTERNAL,false,Preserved in the ignored local archive; not required for the public reproducibility chain.,false,true,true,REMOVE_FROM_PUBLIC
results/validation/supervisor-v0/20260901T071145593019Z__supervisor-v0-no-model__lora-qnone__ctx128__b1-ga1__r4__s42__01a05bcf-45b9-74f0-8da9-1dbf08488203/manifest.sha256,PRIVATE_INTERNAL,false,Preserved in the ignored local archive; not required for the public reproducibility chain.,false,true,true,REMOVE_FROM_PUBLIC
results/validation/supervisor-v0/20260901T071145593019Z__supervisor-v0-no-model__lora-qnone__ctx128__b1-ga1__r4__s42__01a05bcf-45b9-74f0-8da9-1dbf08488203/result.json,PRIVATE_INTERNAL,false,Preserved in the ignored local archive; not required for the public reproducibility chain.,false,true,true,REMOVE_FROM_PUBLIC
results/validation/supervisor-v0/20260901T071145802885Z__supervisor-v0-no-model__lora-qnone__ctx128__b1-ga1__r4__s42__01a05bcf-468b-7191-a745-2eba86b2d3e6/command.txt,PRIVATE_INTERNAL,false,Preserved in the ignored local archive; not required for the public reproducibility chain.,false,true,true,REMOVE_FROM_PUBLIC
results/validation/supervisor-v0/20260901T071145802885Z__supervisor-v0-no-model__lora-qnone__ctx128__b1-ga1__r4__s42__01a05bcf-468b-7191-a745-2eba86b2d3e6/config.yaml,PRIVATE_INTERNAL,false,Preserved in the ignored local archive; not required for the public reproducibility chain.,false,true,true,REMOVE_FROM_PUBLIC
results/validation/supervisor-v0/20260901T071145802885Z__supervisor-v0-no-model__lora-qnone__ctx128__b1-ga1__r4__s42__01a05bcf-468b-7191-a745-2eba86b2d3e6/effective_config.json,PRIVATE_INTERNAL,false,Preserved in the ignored local archive; not required for the public reproducibility chain.,false,true,true,REMOVE_FROM_PUBLIC
results/validation/supervisor-v0/20260901T071145802885Z__supervisor-v0-no-model__lora-qnone__ctx128__b1-ga1__r4__s42__01a05bcf-468b-7191-a745-2eba86b2d3e6/environment/raw_environment.txt,PRIVATE_INTERNAL,false,Preserved in the ignored local archive; not required for the public reproducibility chain.,false,true,true,REMOVE_FROM_PUBLIC
results/validation/supervisor-v0/20260901T071145802885Z__supervisor-v0-no-model__lora-qnone__ctx128__b1-ga1__r4__s42__01a05bcf-468b-7191-a745-2eba86b2d3e6/environment/vm_stat_after.txt,PRIVATE_INTERNAL,false,Preserved in the ignored local archive; not required for the public reproducibility chain.,false,true,true,REMOVE_FROM_PUBLIC
results/validation/supervisor-v0/20260901T071145802885Z__supervisor-v0-no-model__lora-qnone__ctx128__b1-ga1__r4__s42__01a05bcf-468b-7191-a745-2eba86b2d3e6/environment/vm_stat_before.txt,PRIVATE_INTERNAL,false,Preserved in the ignored local archive; not required for the public reproducibility chain.,false,true,true,REMOVE_FROM_PUBLIC
results/validation/supervisor-v0/20260901T071145802885Z__supervisor-v0-no-model__lora-qnone__ctx128__b1-ga1__r4__s42__01a05bcf-468b-7191-a745-2eba86b2d3e6/logs/stderr.log,PRIVATE_INTERNAL,false,Preserved in the ignored local archive; not required for the public reproducibility chain.,false,true,true,REMOVE_FROM_PUBLIC
results/validation/supervisor-v0/20260901T071145802885Z__supervisor-v0-no-model__lora-qnone__ctx128__b1-ga1__r4__s42__01a05bcf-468b-7191-a745-2eba86b2d3e6/logs/stdout.log,PRIVATE_INTERNAL,false,Preserved in the ignored local archive; not required for the public reproducibility chain.,false,true,true,REMOVE_FROM_PUBLIC
results/validation/supervisor-v0/20260901T071145802885Z__supervisor-v0-no-model__lora-qnone__ctx128__b1-ga1__r4__s42__01a05bcf-468b-7191-a745-2eba86b2d3e6/manifest.sha256,PRIVATE_INTERNAL,false,Preserved in the ignored local archive; not required for the public reproducibility chain.,false,true,true,REMOVE_FROM_PUBLIC
results/validation/supervisor-v0/20260901T071145802885Z__supervisor-v0-no-model__lora-qnone__ctx128__b1-ga1__r4__s42__01a05bcf-468b-7191-a745-2eba86b2d3e6/result.json,PRIVATE_INTERNAL,false,Preserved in the ignored local archive; not required for the public reproducibility chain.,false,true,true,REMOVE_FROM_PUBLIC
results/validation/supervisor-v0/20260901T071146013694Z__supervisor-v0-no-model__lora-qnone__ctx128__b1-ga1__r4__s42__01a05bcf-475d-7b86-942d-bfb0b87d5aa1/command.txt,PRIVATE_INTERNAL,false,Preserved in the ignored local archive; not required for the public reproducibility chain.,false,true,true,REMOVE_FROM_PUBLIC
results/validation/supervisor-v0/20260901T071146013694Z__supervisor-v0-no-model__lora-qnone__ctx128__b1-ga1__r4__s42__01a05bcf-475d-7b86-942d-bfb0b87d5aa1/config.yaml,PRIVATE_INTERNAL,false,Preserved in the ignored local archive; not required for the public reproducibility chain.,false,true,true,REMOVE_FROM_PUBLIC
results/validation/supervisor-v0/20260901T071146013694Z__supervisor-v0-no-model__lora-qnone__ctx128__b1-ga1__r4__s42__01a05bcf-475d-7b86-942d-bfb0b87d5aa1/effective_config.json,PRIVATE_INTERNAL,false,Preserved in the ignored local archive; not required for the public reproducibility chain.,false,true,true,REMOVE_FROM_PUBLIC
results/validation/supervisor-v0/20260901T071146013694Z__supervisor-v0-no-model__lora-qnone__ctx128__b1-ga1__r4__s42__01a05bcf-475d-7b86-942d-bfb0b87d5aa1/environment/raw_environment.txt,PRIVATE_INTERNAL,false,Preserved in the ignored local archive; not required for the public reproducibility chain.,false,true,true,REMOVE_FROM_PUBLIC
results/validation/supervisor-v0/20260901T071146013694Z__supervisor-v0-no-model__lora-qnone__ctx128__b1-ga1__r4__s42__01a05bcf-475d-7b86-942d-bfb0b87d5aa1/environment/vm_stat_after.txt,PRIVATE_INTERNAL,false,Preserved in the ignored local archive; not required for the public reproducibility chain.,false,true,true,REMOVE_FROM_PUBLIC
results/validation/supervisor-v0/20260901T071146013694Z__supervisor-v0-no-model__lora-qnone__ctx128__b1-ga1__r4__s42__01a05bcf-475d-7b86-942d-bfb0b87d5aa1/environment/vm_stat_before.txt,PRIVATE_INTERNAL,false,Preserved in the ignored local archive; not required for the public reproducibility chain.,false,true,true,REMOVE_FROM_PUBLIC
results/validation/supervisor-v0/20260901T071146013694Z__supervisor-v0-no-model__lora-qnone__ctx128__b1-ga1__r4__s42__01a05bcf-475d-7b86-942d-bfb0b87d5aa1/logs/stderr.log,PRIVATE_INTERNAL,false,Preserved in the ignored local archive; not required for the public reproducibility chain.,false,true,true,REMOVE_FROM_PUBLIC
results/validation/supervisor-v0/20260901T071146013694Z__supervisor-v0-no-model__lora-qnone__ctx128__b1-ga1__r4__s42__01a05bcf-475d-7b86-942d-bfb0b87d5aa1/logs/stdout.log,PRIVATE_INTERNAL,false,Preserved in the ignored local archive; not required for the public reproducibility chain.,false,true,true,REMOVE_FROM_PUBLIC
results/validation/supervisor-v0/20260901T071146013694Z__supervisor-v0-no-model__lora-qnone__ctx128__b1-ga1__r4__s42__01a05bcf-475d-7b86-942d-bfb0b87d5aa1/manifest.sha256,PRIVATE_INTERNAL,false,Preserved in the ignored local archive; not required for the public reproducibility chain.,false,true,true,REMOVE_FROM_PUBLIC
results/validation/supervisor-v0/20260901T071146013694Z__supervisor-v0-no-model__lora-qnone__ctx128__b1-ga1__r4__s42__01a05bcf-475d-7b86-942d-bfb0b87d5aa1/result.json,PRIVATE_INTERNAL,false,Preserved in the ignored local archive; not required for the public reproducibility chain.,false,true,true,REMOVE_FROM_PUBLIC
reviews/2026-09-16-panel-review-round1.md,PRIVATE_INTERNAL,false,Preserved in the ignored local archive; not required for the public reproducibility chain.,true,true,false,REMOVE_FROM_PUBLIC
reviews/2026-09-16-re-review-round2.md,PRIVATE_INTERNAL,false,Preserved in the ignored local archive; not required for the public reproducibility chain.,true,true,false,REMOVE_FROM_PUBLIC
reviews/2026-09-16-revision-round1-record.md,PRIVATE_INTERNAL,false,Preserved in the ignored local archive; not required for the public reproducibility chain.,true,true,false,REMOVE_FROM_PUBLIC
reviews/2026-09-16-stage45-final-integrity.md,PRIVATE_INTERNAL,false,Preserved in the ignored local archive; not required for the public reproducibility chain.,true,true,false,REMOVE_FROM_PUBLIC
scripts/audit_reproducibility.py,PUBLIC_CORE,true,"Allowlisted code, configuration, data, raw evidence, generated result, or project metadata.",false,false,false,REWRITE
scripts/build_claim_ledger.py,PUBLIC_CORE,true,"Allowlisted code, configuration, data, raw evidence, generated result, or project metadata.",false,false,false,REWRITE
scripts/build_evidence_ledger.py,PRIVATE_INTERNAL,false,Preserved in the ignored local archive; not required for the public reproducibility chain.,false,true,false,REMOVE_FROM_PUBLIC
scripts/build_formal_dataset.py,PUBLIC_CORE,true,"Allowlisted code, configuration, data, raw evidence, generated result, or project metadata.",false,false,false,KEEP
scripts/compare_probes.py,PUBLIC_CORE,true,"Allowlisted code, configuration, data, raw evidence, generated result, or project metadata.",false,false,false,KEEP
scripts/gen_formal_configs.py,PUBLIC_CORE,true,"Allowlisted code, configuration, data, raw evidence, generated result, or project metadata.",false,false,false,KEEP
scripts/make_long_ctx_dataset.py,PUBLIC_CORE,true,"Allowlisted code, configuration, data, raw evidence, generated result, or project metadata.",false,false,false,KEEP
scripts/prompt_log.py,PRIVATE_INTERNAL,false,Preserved in the ignored local archive; not required for the public reproducibility chain.,false,true,false,REMOVE_FROM_PUBLIC
scripts/run_analysis.py,PUBLIC_CORE,true,"Allowlisted code, configuration, data, raw evidence, generated result, or project metadata.",false,false,false,REWRITE
scripts/run_experiment.py,PUBLIC_CORE,true,"Allowlisted code, configuration, data, raw evidence, generated result, or project metadata.",false,false,false,KEEP
scripts/run_formal_batch.py,PUBLIC_CORE,true,"Allowlisted code, configuration, data, raw evidence, generated result, or project metadata.",false,false,false,KEEP
scripts/sanitize_release_history.py,PRIVATE_INTERNAL,false,Preserved in the ignored local archive; not required for the public reproducibility chain.,false,true,false,REMOVE_FROM_PUBLIC
scripts/train_lora.py,PUBLIC_CORE,true,"Allowlisted code, configuration, data, raw evidence, generated result, or project metadata.",false,false,false,KEEP
scripts/validate_measurements.py,PUBLIC_CORE,true,"Allowlisted code, configuration, data, raw evidence, generated result, or project metadata.",false,false,false,KEEP
scripts/verify_model.py,PUBLIC_CORE,true,"Allowlisted code, configuration, data, raw evidence, generated result, or project metadata.",false,false,false,KEEP
src/analysis/__init__.py,PUBLIC_CORE,true,"Allowlisted code, configuration, data, raw evidence, generated result, or project metadata.",false,false,false,KEEP
src/analysis/context_boundary.py,PUBLIC_CORE,true,"Allowlisted code, configuration, data, raw evidence, generated result, or project metadata.",false,false,false,REWRITE
src/analysis/coverage.py,PUBLIC_CORE,true,"Allowlisted code, configuration, data, raw evidence, generated result, or project metadata.",false,false,false,REWRITE
src/analysis/failure_progress.py,PUBLIC_CORE,true,"Allowlisted code, configuration, data, raw evidence, generated result, or project metadata.",false,false,false,KEEP
src/analysis/failure_taxonomy.py,PUBLIC_CORE,true,"Allowlisted code, configuration, data, raw evidence, generated result, or project metadata.",false,false,false,KEEP
src/analysis/figures.py,PUBLIC_CORE,true,"Allowlisted code, configuration, data, raw evidence, generated result, or project metadata.",false,false,false,KEEP
src/analysis/final_corrections.py,PUBLIC_CORE,true,"Allowlisted code, configuration, data, raw evidence, generated result, or project metadata.",false,false,false,KEEP
src/analysis/flatten.py,PUBLIC_CORE,true,"Allowlisted code, configuration, data, raw evidence, generated result, or project metadata.",false,false,false,REWRITE
src/analysis/hypothesis_audit.py,PUBLIC_CORE,true,"Allowlisted code, configuration, data, raw evidence, generated result, or project metadata.",false,false,false,REWRITE
src/analysis/memory_decomposition.py,PUBLIC_CORE,true,"Allowlisted code, configuration, data, raw evidence, generated result, or project metadata.",false,false,false,REWRITE
src/analysis/paired_comparison.py,PUBLIC_CORE,true,"Allowlisted code, configuration, data, raw evidence, generated result, or project metadata.",false,false,false,KEEP
src/analysis/revision_round1.py,PUBLIC_CORE,true,"Allowlisted code, configuration, data, raw evidence, generated result, or project metadata.",false,false,false,KEEP
src/analysis/scaling.py,PUBLIC_CORE,true,"Allowlisted code, configuration, data, raw evidence, generated result, or project metadata.",false,false,false,KEEP
src/analysis/stats.py,PUBLIC_CORE,true,"Allowlisted code, configuration, data, raw evidence, generated result, or project metadata.",false,false,false,KEEP
src/analysis/step_dynamics.py,PUBLIC_CORE,true,"Allowlisted code, configuration, data, raw evidence, generated result, or project metadata.",false,false,false,REWRITE
src/analysis/summary.py,PUBLIC_CORE,true,"Allowlisted code, configuration, data, raw evidence, generated result, or project metadata.",false,false,false,REWRITE
src/analysis/system_state.py,PUBLIC_CORE,true,"Allowlisted code, configuration, data, raw evidence, generated result, or project metadata.",false,false,false,REWRITE
src/analysis/tables.py,PUBLIC_CORE,true,"Allowlisted code, configuration, data, raw evidence, generated result, or project metadata.",false,false,false,KEEP
src/benchmark/__init__.py,PUBLIC_CORE,true,"Allowlisted code, configuration, data, raw evidence, generated result, or project metadata.",false,false,false,KEEP
src/benchmark/artifacts.py,PUBLIC_CORE,true,"Allowlisted code, configuration, data, raw evidence, generated result, or project metadata.",false,false,false,KEEP
src/benchmark/environment.py,PUBLIC_CORE,true,"Allowlisted code, configuration, data, raw evidence, generated result, or project metadata.",false,false,false,KEEP
src/benchmark/ids.py,PUBLIC_CORE,true,"Allowlisted code, configuration, data, raw evidence, generated result, or project metadata.",false,false,false,KEEP
src/benchmark/monitor.py,PUBLIC_CORE,true,"Allowlisted code, configuration, data, raw evidence, generated result, or project metadata.",false,false,false,KEEP
src/benchmark/schema.py,PUBLIC_CORE,true,"Allowlisted code, configuration, data, raw evidence, generated result, or project metadata.",false,false,false,KEEP
src/benchmark/supervisor.py,PUBLIC_CORE,true,"Allowlisted code, configuration, data, raw evidence, generated result, or project metadata.",false,false,false,KEEP
src/train/__init__.py,PUBLIC_CORE,true,"Allowlisted code, configuration, data, raw evidence, generated result, or project metadata.",false,false,false,KEEP
src/train/lora_smoke.py,PUBLIC_CORE,true,"Allowlisted code, configuration, data, raw evidence, generated result, or project metadata.",false,false,false,KEEP
tests/test_analysis.py,PUBLIC_CORE,true,"Allowlisted code, configuration, data, raw evidence, generated result, or project metadata.",false,false,false,REWRITE
tests/test_coverage.py,PUBLIC_CORE,true,"Allowlisted code, configuration, data, raw evidence, generated result, or project metadata.",false,false,false,KEEP
tests/test_deep_analysis.py,PUBLIC_CORE,true,"Allowlisted code, configuration, data, raw evidence, generated result, or project metadata.",false,false,false,KEEP
tests/test_final_corrections.py,PUBLIC_CORE,true,"Allowlisted code, configuration, data, raw evidence, generated result, or project metadata.",false,false,false,KEEP
tests/test_prompt_log.py,PRIVATE_INTERNAL,false,Preserved in the ignored local archive; not required for the public reproducibility chain.,false,true,false,REMOVE_FROM_PUBLIC
tests/test_sanitize_release_history.py,PRIVATE_INTERNAL,false,Preserved in the ignored local archive; not required for the public reproducibility chain.,false,true,false,REMOVE_FROM_PUBLIC
tests/test_supervisor.py,PUBLIC_CORE,true,"Allowlisted code, configuration, data, raw evidence, generated result, or project metadata.",false,false,false,KEEP
tests/test_train_padding.py,PUBLIC_CORE,true,"Allowlisted code, configuration, data, raw evidence, generated result, or project metadata.",false,false,false,REWRITE
uv.lock,PUBLIC_CORE,true,"Allowlisted code, configuration, data, raw evidence, generated result, or project metadata.",false,false,false,KEEP
